0,1,2,3,4,word,summary
48214.09740722244,11.967302407081561,0.02966408012161252,0.016160993015923684,-0.013372527685627217,summaryOfAllWords,43817.015864043104
40.05223422464718,-29.17358137533264,0.4821902292207606,5.285227420460828,-3.335486400825035,Energiewende,66.26734948963464
-13.450990206586319,0.728457617236105,1.2221169444657005,1.6484142913159954,-0.5558975830768926,BUND,5.231743739339679
-14.345628120508199,1.6489356990603303,1.2861198101538676,1.0645402137479116,-0.19404580924211495,energie+wende bund,4.041237189719227
-6.445721968349673,-1.5672910136225147,-0.26886156543580664,1.200022305914939,-0.4928040374124416,warnt,12.527653755972622
-13.560562926695521,0.8353517874506067,1.2321297318514786,1.5912485538313494,-0.5182290151815947,bund warn+t,5.088309772879729
-13.686272154659092,0.9598739314571136,1.2432669617417031,1.5218862054675906,-0.47314170586545834,Benachteiligung,4.922987613564589
-13.686272154659092,0.9598739314571136,1.2432669617417031,1.5218862054675906,-0.47314170586545834,warn+t benachteiligung,4.922987613564589
-13.79209791871771,1.0663272670216442,1.2522368690197696,1.459984475324391,-0.43349041389771004,kleiner,4.783154032712379
-13.79209791871771,1.0663272670216442,1.2522368690197696,1.459984475324391,-0.43349041389771004,benachteiligung klein+er,4.783154032712379
-14.303499385284036,1.60305724955791,1.2848224687228829,1.1001300051865317,-0.21457354237704623,Photovoltaik-Anlagen,4.0983322773147535
-14.303499385284036,1.60305724955791,1.2848224687228829,1.1001300051865317,-0.21457354237704623,klein+er photovoltaik+-+anlage+n,4.0983322773147535
13.810609914949897,-10.793471908496231,0.4373277358477571,0.20086357797967572,-1.8537135889897025,Hier,34.79416125819861
-14.671913343037353,2.0112019246157544,1.2809206009733007,0.7411623819777445,-0.017257157931693218,photovoltaik+-+anlage+n hier,3.596151954975695
14.918970114091355,-11.488911483660495,0.7221054537168542,0.6897546656083114,-2.068126383773214,finden,36.093511709702625
11.189607997339625,-9.603581555293687,0.5549023107399478,0.22549145421246192,-1.8727648444333171,hier find+en,31.918484870951218
73.72181023367742,-38.698781494637366,1.327458641198895,0.8872316306022217,-2.6128578358172425,Sie,100.88083901918733
14.759862847806627,-11.427034798070421,0.7722924036309345,0.6804404194012094,-2.1000246936177516,find+en sie,35.92402586585536
11.371176853720275,-9.70591272866816,0.6477454182166559,0.2461602897710839,-1.9382804452283806,Informationen,32.127588166503855
11.371176853720275,-9.70591272866816,0.6477454182166559,0.2461602897710839,-1.9382804452283806,sie information+en,32.127588166503855
36.77852841831137,-21.378077070407965,0.5476121503081403,0.18822414918697422,-2.157872856227097,Thema,60.07906806614635
18.777954328282167,-13.173564600921875,0.8127482976534344,0.3430758206780305,-2.187681429121873,information+en thema,40.30556529146658
-5.86521528116231,-4.936562751497387,0.7099443330486872,3.349434620877485,-1.8352755066421889,thema energie+wende,14.460391101218136
18.000625961404022,-12.75948494209047,0.6919492255020918,0.20667960263377666,-2.094309129057344,Lesen,39.42527573776512
16.902033290509966,-12.237250069564155,0.6102047892485912,0.18691307021221312,-2.0230493374811975,les+en sie,38.208042840753656
-14.589847870751022,1.91917555107146,1.2855214828083736,0.8318942872711537,-0.06506930049180991,sie bund,3.7084829039989637
151.04600130028064,-73.9844402292565,1.0351700856053503,-0.5339542729571133,-1.7127731223079705,Der,185.86220809548522
-10.901115230850321,0.6377554440004367,-0.02551131349649742,0.42657047819400074,-0.10038638194358243,Bund,7.570193317360858
-14.845885012194477,2.2063598963008477,1.259205431168169,0.5197157034257377,0.09351417621250876,der bund,3.357930718927161
-11.345152246547308,0.8416546623382808,0.06049302661841206,0.40952085977880154,-0.07683864355772838,Umwelt,7.083607327440636
-14.862276627725702,2.2246169843945722,1.256045552557301,0.49635406762790446,0.1047114191967504,bund umwelt,3.335532718739917
-14.85156730589969,2.2126937912423483,1.2581362731889942,0.5116731576495681,0.09737944214564678,Naturschutz,3.3501644037013243
-14.85156730589969,2.2126937912423483,1.2581362731889942,0.5116731576495681,0.09737944214564678,umwelt natur+schutz,3.3501644037013243
-14.825109981777363,2.18316340008342,1.2628871029735245,0.5486299574843024,0.07952695480125155,natur+schutz bund,3.386339822190897
-14.660385956769977,1.9982555302027591,1.2817449389536102,0.7543695561389693,-0.024129191712586207,Projekte,3.61193954247549
-14.660385956769977,1.9982555302027591,1.2817449389536102,0.7543695561389693,-0.024129191712586207,klein+er projekt+e,3.61193954247549
-14.563007846339126,1.8891733178132546,1.2864445143943848,0.8600102585041036,-0.08017068668851654,erneuerbaren,3.7451797975600174
-14.563007846339126,1.8891733178132546,1.2864445143943848,0.8600102585041036,-0.08017068668851654,projekt+e erneuer+bar+en,3.7451797975600174
-12.502152997005318,-0.031676338068445276,1.1236414431235364,1.9892126839574067,-0.7445103858904515,Energien,6.406398894788647
-14.387602235357416,1.6948819334674248,1.2870762896613228,1.0278995409981155,-0.17313051751779593,erneuer+bar+en energie+n,3.984254359978155
9.431543695230449,-8.763686414194988,0.7419214873364276,-0.12976072683769543,-1.9624170281797177,Eine,29.975801815253682
-13.472234209388764,0.7490658288933632,1.2240757945552514,1.6375544660220496,-0.5487067886764492,ein energie+wende,5.203981930706881
-14.589847870751022,1.91917555107146,1.2855214828083736,0.8318942872711537,-0.06506930049180991,wenige,3.7084829039989637
-14.589847870751022,1.91917555107146,1.2855214828083736,0.8318942872711537,-0.06506930049180991,energie+wende wenig+e,3.7084829039989637
-14.081601989888778,1.3655455485088082,1.2736837561690768,1.2707258522019074,-0.31582517131953647,große,4.397363577805368
-14.641695119136653,1.977274912003999,1.2829514251038272,0.7754515044955023,-0.035160596703235084,wenig+e groß+e,3.637532861717138
-14.677425132083648,2.0173936946662248,1.280504014365727,0.734790726431556,-0.013952512279662016,Akteure,3.588602446199176
-14.677425132083648,2.0173936946662248,1.280504014365727,0.734790726431556,-0.013952512279662016,groß+e akteur+e,3.588602446199176
-4.609026236123118,-2.288508565536028,-0.8297403408996309,0.55749173497391,-0.30444335513303106,setzt,14.490152174639146
-14.716441596695894,2.061239908987473,1.277115461370046,0.6885964364187948,0.009797847861511916,akteur+e setz+t,3.535152655159692
-14.744719552333256,2.0930186171001326,1.2741400187396932,0.6538564754162521,0.02741792360125528,verkennt,3.496411089759129
-14.744719552333256,2.0930186171001326,1.2741400187396932,0.6538564754162521,0.02741792360125528,setz+t verkenn+t,3.496411089759129
-14.798245272009906,2.1530925883397978,1.2671492844007226,0.5849271943730346,0.06176631168808372,+2207,3.423104086799154
-14.798245272009906,2.1530925883397978,1.2671492844007226,0.5849271943730346,0.06176631168808372,verkenn+t +2207,3.423104086799154
117.66288040921721,-58.48916605714041,2.259755723142879,-0.10795401234376342,0.9258757092576827,chars,149.09856547944236
-14.813491673845466,2.17016758601751,1.2647969404145896,0.5644748506339596,0.07180154813408202,+2207 char+s,3.402236113630064
46.189722291290835,-25.874849164059594,-1.9881289158749043,0.6874452521260929,-0.618322679554618,Waldbrände,70.45944460739723
-2.1941742576074414,-3.5558520982382857,-1.3079498190242729,0.055745651840464296,-0.16754986353798446,Gesundheit,17.206531790732917
-11.380987317367993,0.7283102124063769,-0.3369957426656066,-0.3166914334312342,0.17495289159984698,wald+brand+e gesundheit,7.095166772949136
-11.665079442452551,0.9579128871199689,-0.2639047961829432,-0.29586279884352235,0.17625689703568712,gesundheit der,6.742593528995452
-11.677969297578075,0.9736337722224859,-0.25894230435535975,-0.29017417451916183,0.17292770754286832,lautlose,6.724366848919399
-11.677969297578075,0.9736337722224859,-0.25894230435535975,-0.29017417451916183,0.17292770754286832,der lautlos+e,6.724366848919399
-11.67055814163913,0.9834860329382558,-0.25669332643720605,-0.2785746039418831,0.16465932258605767,Killer,6.7269147000665415
-11.67055814163913,0.9834860329382558,-0.25669332643720605,-0.2785746039418831,0.16465932258605767,lautlos+e killer,6.7269147000665415
-11.606934817756484,0.9643609857942619,-0.2656419498697568,-0.26210486178336073,0.15098340864001283,Luft,6.792343708027539
-11.606934817756484,0.9643609857942619,-0.2656419498697568,-0.26210486178336073,0.15098340864001283,killer luft,6.792343708027539
-5.875820460045146,-1.7229806464787973,-1.0074390374814624,0.037620084118052864,-0.1289357954194968,Feinstaub,13.10291988194982
-11.574364213901532,0.9514897971418197,-0.2710561813896915,-0.2563903051771062,0.14592674666195596,luft feinstaub,6.827135833690034
-11.496768232252716,0.9186367156603565,-0.2844715065300255,-0.24493696149469407,0.13549503753395267,riecht,6.910950523329248
-11.496768232252716,0.9186367156603565,-0.2844715065300255,-0.24493696149469407,0.13549503753395267,feinstaub riech+t,6.910950523329248
-11.317433723240887,0.8381829723361887,-0.3161202006358993,-0.22347483764986592,0.11530095071847737,schmeckt,7.1065878637876505
-11.317433723240887,0.8381829723361887,-0.3161202006358993,-0.22347483764986592,0.11530095071847737,riech+t schmeck+t,7.1065878637876505
-10.877211084617294,0.6330694704379538,-0.39239585080397577,-0.18333411787606826,0.07651064145810604,unsichtbar,7.5901822078558405
-10.877211084617294,0.6330694704379538,-0.39239585080397577,-0.18333411787606826,0.07651064145810604,schmeck+t un+sicht+bar,7.5901822078558405
-10.613775068254041,0.5087990390549049,-0.4370528239753454,-0.16777442331799636,0.06109050605674857,Wald-,7.880332539479458
-10.350619538105905,0.38465727542554484,-0.4797012523393809,-0.1526537155288524,0.046279454282068755,Flurbrände,8.170220016156447
-10.350619538105905,0.38465727542554484,-0.4797012523393809,-0.1526537155288524,0.046279454282068755,wald+- flur+brand+e,8.170220016156447
-9.997336703455623,0.21801055628421295,-0.5341263741658956,-0.13298963293192137,0.02725769737595174,setzen,8.55944956299029
-9.997336703455623,0.21801055628421295,-0.5341263741658956,-0.13298963293192137,0.02725769737595174,flur+brand+e setz+en,8.55944956299029
-9.546770636237378,0.005520635801607554,-0.5992744235492485,-0.10891169327907652,0.004308095275317364,massenhaft,9.055938973783109
-9.546770636237378,0.005520635801607554,-0.5992744235492485,-0.10891169327907652,0.004308095275317364,setz+en massenhaft,9.055938973783109
-8.942244907175256,-0.2794548472700473,-0.6800455894756028,-0.07824745144916864,-0.024421917857713082,frei,9.722180782742345
-8.942244907175256,-0.2794548472700473,-0.6800455894756028,-0.07824745144916864,-0.024421917857713082,massenhaft frei,9.722180782742345
-6.607534904694743,-1.3782655737393759,-0.9368602190830336,0.025225606725578206,-0.11790216983475962,fortschreitendem,12.295766726265478
-6.607534904694743,-1.3782655737393759,-0.9368602190830336,0.025225606725578206,-0.11790216983475962,frei fort+schreit+end+em,12.295766726265478
954.520106839818,-443.33584587949474,16.026062680007307,-2.7108663129872896,4.941056972744451,Klimawandel,1070.3089623385754
2.5620245486976536,-5.668504944367587,-1.5068394087359656,0.2912938820239099,-0.340202785202499,fort+schreit+end+em klima+wandel,22.403134250984426
1.2535291378067512,-5.058227551541533,-1.4508835006371013,0.26238786976263523,-0.3171116804816748,häufiger,20.96102840008781
-5.5165109705786755,-1.8907109476307218,-1.0342025163373496,0.06686722924063984,-0.15424666449477165,klima+wandel häufig+er,13.498510893227476
11.558132870257786,-9.759423424518888,-0.4284989456903417,0.5031049199099109,1.5358356459923161,Wie,32.310695956832106
-8.343092224154818,-0.5617247855868328,-0.7535510035585015,-0.04956230890017632,-0.05083962311340515,wirkt,10.38257918725887
-8.343092224154818,-0.5617247855868328,-0.7535510035585015,-0.04956230890017632,-0.05083962311340515,wie wirk+t,10.38257918725887
-8.808256864105775,-0.3425945069420653,-0.6970163653592201,-0.07169059801895741,-0.030497916759560206,wirk+t feinstaub,9.8698595341138
-9.76640920680107,0.10909552150289592,-0.5680826190509192,-0.12051298076914951,0.015320633990479032,Herz-Kreislauf-System,8.813904488964747
-9.76640920680107,0.10909552150289592,-0.5680826190509192,-0.12051298076914951,0.015320633990479032,feinstaub herz+-+kreis+lauf+-+system,8.813904488964747
-9.656809804083133,0.022661735559952323,-0.09525009731928354,0.7138062936472762,-0.23919443459252104,Man,8.953901927235616
-10.637686050956209,0.5200788708616875,-0.43308285881157604,-0.16916900409190538,0.062464997160183916,unterscheidet,7.853994781718158
-10.637686050956209,0.5200788708616875,-0.43308285881157604,-0.16916900409190538,0.062464997160183916,man unter+scheid+et,7.853994781718158
-11.09828631846972,0.737344740957802,-0.35328525953997353,-0.19673053652536435,0.08994178829119609,Partikeln,7.346730571412419
-11.09828631846972,0.737344740957802,-0.35328525953997353,-0.19673053652536435,0.08994178829119609,unter+scheid+et partikel+n,7.346730571412419
-11.316369503418318,0.8401876800365451,-0.31313125068016934,-0.2102589135611107,0.10366001263126753,Durchmessern,7.106618225833821
-11.316369503418318,0.8401876800365451,-0.31313125068016934,-0.2102589135611107,0.10366001263126753,partikel+n durchmesser+n,7.106618225833821
-5.486842141034167,-1.904637210439886,-1.0366889631988516,0.06794892760605764,-0.15518214043278897,Mikrometer,13.531217788095887
-11.561795835621432,0.9558854979823028,-0.26593073764981545,-0.22586759447600385,0.11969389861755916,durchmesser+n mikro+meter,6.836462692343757
-11.724863095581789,1.0327253248885193,-0.23330593236783892,-0.23646968598326665,0.13071888364022696,"2,5",6.657006877494334
-11.724863095581789,1.0327253248885193,-0.23330593236783892,-0.23646968598326665,0.13071888364022696,"mikro+meter 2,5",6.657006877494334
-11.561795835621432,0.9558854979823028,-0.26593073764981545,-0.22586759447600385,0.11969389861755916,"2,5 mikro+meter",6.836462692343757
-10.08003021566644,-0.032950304702068056,0.28195006751313945,1.2688554013707318,-0.4470260469792673,weniger,8.596271843781967
-11.936151053809791,1.1322350932664578,-0.18942171076051928,-0.2504888691865129,0.14547504321181,mikro+meter wenig+er,6.424542274759708
-12.031768583892918,1.1772438363998123,-0.16892968833161737,-0.25693977013981706,0.15233670240397154,"0,1",6.31936558384271
-12.031768583892918,1.1772438363998123,-0.16892968833161737,-0.25693977013981706,0.15233670240397154,"wenig+er 0,1",6.31936558384271
-11.561795835621432,0.9558854979823028,-0.26593073764981545,-0.22586759447600385,0.11969389861755916,"0,1 mikro+meter",6.836462692343757
-12.146811861363172,1.2313728567871647,-0.14372471861289352,-0.2647906520749566,0.16075142934869938,bezeichnet,6.192843357983702
-12.146811861363172,1.2313728567871647,-0.14372471861289352,-0.2647906520749566,0.16075142934869938,mikro+meter bezeichn+et,6.192843357983702
-12.268097606324098,1.2884067697720756,-0.1164743299916011,-0.27317450548274974,0.16981807980769323,+9279,6.05948446766732
-12.268097606324098,1.2884067697720756,-0.1164743299916011,-0.27317450548274974,0.16981807980769323,bezeichn+et +9279,6.05948446766732
-12.303438164236823,1.3050185087515134,-0.10839858389776473,-0.2756382543718605,0.17249885994100259,+9279 chars,6.020631944401606
67.66412812542755,-35.5923524888107,0.32406022349456887,-0.7577029221477116,-2.0423250269985616,Deutschland,94.07170862193634
21.110327011206575,-14.284170517559978,-1.9186797681436456,0.5489213652305279,-0.5370218831352431,Mehr,42.83969347038729
-7.098436539746665,-1.147478674856269,-0.8889230838792388,0.00521559738111662,-0.10019610129466691,deutschland mehr,11.754603569057288
80.42245758908592,-41.65735440322801,-1.7426951521541663,0.7891378204614601,-0.6448463277447314,Hitze,108.15119607030584
9.828064342929665,-9.04963328818383,-1.7341604679634777,0.4193528905865458,-0.4394112296434226,mehr hitze,30.40985203634739
70.96825211439457,-37.098233846734665,0.31049125611427103,-0.45921137728960015,-1.9860260070025997,mehr,97.70063188709433
8.427377801891822,-8.39870809177837,-1.6991935780096334,0.3981893071159372,-0.4233833300107164,hitze mehr,28.86653373537871
31.577256699605773,-19.12564731574693,-1.9847906006634675,0.6264845842687383,-0.5852355849974681,Klimawandelskepsis,54.36764907377436
2.5620245486976536,-5.668504944367587,-1.5068394087359656,0.2912938820239099,-0.340202785202499,mehr klima+wandel+skepsis,22.403134250984426
-4.30277723480628,-2.434956765984393,-0.9543737098991694,0.40125481832439097,-0.2696496931304063,Prozent,14.827862482135412
-8.664608392516705,-0.4102765378723836,-0.7148612717558965,-0.06475334043021358,-0.036901874509867955,aktiven,10.028189676169372
-8.664608392516705,-0.4102765378723836,-0.7148612717558965,-0.06475334043021358,-0.036901874509867955,prozent aktiv+en,10.028189676169372
-8.065374432414655,-0.6924975549306049,-0.78565430397707,-0.036801025458379724,-0.06246062328452685,Klimaforschenden,10.68870387028417
-8.065374432414655,-0.6924975549306049,-0.78565430397707,-0.036801025458379724,-0.06246062328452685,aktiv+en klima+forsch+ende+n,10.68870387028417
0.7916486798097324,-4.7726333149849545,-0.07829695073119625,0.17999690247084246,1.8507018237236177,sagen,20.457926611459733
-5.23830696079329,-2.0212790855820844,-1.0572096226100762,0.0769111177548521,-0.16291664678161438,klima+forsch+ende+n sag+en,13.805202375783262
-2.081572723203003,-3.5001829061839453,-1.2776164345319818,0.17732056372104138,-0.24771911224699172,sag+en der,17.285028964653247
149.59992714350477,-73.51501731255811,-0.9007003243848583,0.6847368276702638,-0.5163486810716514,der klima+wandel,184.31299567789668
-1.6449384940989589,-3.7043973871060896,-1.3032421462005341,0.18952660971648655,-0.2578093913162107,passiert,17.766322426272577
-5.5165109705786755,-1.8907109476307218,-1.0342025163373496,0.06686722924063984,-0.15424666449477165,klima+wandel passier+t,13.498510893227476
-8.42822542461201,-0.5216286135613775,-0.7434699578882644,-0.05354032814232343,-0.04720092240547001,menschengemacht,10.288740018464392
-8.42822542461201,-0.5216286135613775,-0.7434699578882644,-0.05354032814232343,-0.04720092240547001,passier+t mensch+en+ge+mach+t,10.288740018464392
5.541227685754734,-7.0562529599764705,-1.6149594370298725,0.3496902536039211,-0.38608743928654354,Laut,25.686271435647914
-1.857048310916916,-3.6052028649474863,-1.290919008084433,0.18364184095823913,-0.2529503469919676,neuen,17.53251892907416
-1.857048310916916,-3.6052028649474863,-1.290919008084433,0.18364184095823913,-0.2529503469919676,laut neu+en,17.53251892907416
23.621150677990077,-15.408076407763382,-1.7558154843891458,0.8757033600822188,-0.6269271571164425,Studie,45.59125383406533
-0.5167890515416254,-4.231692789225063,-1.3650575140036296,0.21948250045640666,-0.28238195709990893,neu+en studie,19.009820132445718
1.7348299794823667,-5.282764023317151,-1.4721457725603257,0.2732782926357424,-0.3258403580925228,Zahl,21.49148370256552
-4.593152628444649,-2.3239128891513285,-1.1080346681654456,0.09938036972471564,-0.1821835929120364,studie zahl,14.516413924574016
2.5620245486976536,-5.668504944367587,-1.5068394087359656,0.2912938820239099,-0.340202785202499,Klimawandelskeptiker,22.403134250984426
2.5620245486976536,-5.668504944367587,-1.5068394087359656,0.2912938820239099,-0.340202785202499,zahl klima+wandel+skeptiker,22.403134250984426
-7.631320038652845,-0.8968015249916759,-0.8335648980377606,-0.017491781531044706,-0.07989970875416381,klima+wandel+skeptiker deutschland,11.167172999126286
-8.737713234127098,-0.3758334511744108,-0.7058241967526302,-0.06827199618713795,-0.033656834633277524,allerdings,9.947612637376892
-8.737713234127098,-0.3758334511744108,-0.7058241967526302,-0.06827199618713795,-0.033656834633277524,deutschland allerdings,9.947612637376892
-9.40054085483512,-0.06342693457856097,-0.619474474094019,-0.10132704838210749,-0.0028480339340848926,gestiegen,9.217088189519718
-9.40054085483512,-0.06342693457856097,-0.619474474094019,-0.10132704838210749,-0.0028480339340848926,allerdings ge+steig+en,9.217088189519718
1.6703245925945076,-5.25267508298497,-1.4693435120002512,0.27183662708304296,-0.32468687564680376,klingt,21.420391088680226
9.708433986520685,-8.994052488689462,-1.7313090639822637,0.41760007810455235,-0.4380897410661404,ernst,30.278042240294848
5.7272230409009275,-7.142819854601539,-1.6209400492588764,0.35303527232940873,-0.3886840600556819,kling+t ernst,25.891229902041832
2.5620245486976536,-5.668504944367587,-1.5068394087359656,0.2912938820239099,-0.340202785202499,ernst klima+wandel+skepsis,22.403134250984426
11.033225873323637,-9.578219496779848,-1.5941835194094482,0.715636075016791,-0.5266906496223798,sei,31.726409532814074
-6.945012757947648,-1.2196221003419287,-0.9042062567074597,0.011560002800952436,-0.10582775146019957,klima+wandel+skepsis sei,11.92373490662013
-6.004747898606384,-1.6614698653166098,-0.9921069944796198,0.04869147745779099,-0.13846370068320163,sei kling+t,12.960278137418555
2.5620245486976536,-5.668504944367587,-1.5068394087359656,0.2912938820239099,-0.340202785202499,ernst klimawandelskepsi+s,22.403134250984426
-6.945012757947648,-1.2196221003419287,-0.9042062567074597,0.011560002800952436,-0.10582775146019957,klimawandelskepsi+s sei,11.92373490662013
-1.0727227328971054,-3.9719101279040103,-1.3353546630224837,0.2049955999070224,-0.27053211508615016,kleine,18.397051916126166
-8.876388380652445,-0.310489753175057,-0.6884268779044486,-0.07501418960186307,-0.027420914325241255,sei klein+e,9.794765978028545
-9.349043667000752,-0.08770588466285734,-0.6264842066946833,-0.09868192627554673,-0.005335813878789092,laute,9.27384102187939
-9.349043667000752,-0.08770588466285734,-0.6264842066946833,-0.09868192627554673,-0.005335813878789092,klein+e laut+e,9.27384102187939
-9.637975899301725,0.04852820216207654,-0.5864486054084554,-0.11369829953844876,0.008841866831600015,Minderheit,8.955431740584267
-9.637975899301725,0.04852820216207654,-0.5864486054084554,-0.11369829953844876,0.008841866831600015,laut+e minderheit,8.955431740584267
-10.067663515356323,0.2511824304570429,-0.5235376278416715,-0.1368476336836986,0.030969175905641272,beschränkte,8.481962168390982
-10.067663515356323,0.2511824304570429,-0.5235376278416715,-0.1368476336836986,0.030969175905641272,minderheit beschränk+t+e,8.481962168390982
-10.434529981067937,0.42424115344206603,-0.46630594106334905,-0.15743029876699444,0.05094033841987716,Erscheinung,8.07778124173202
-10.434529981067937,0.42424115344206603,-0.46630594106334905,-0.15743029876699444,0.05094033841987716,beschränk+t+e erscheinung,8.07778124173202
-10.729548356591733,0.5634138212952409,-0.4176783720793061,-0.17455941027131108,0.0677916140777522,erscheinung mehr,7.752812820772881
-10.85705120466177,0.6235598763181445,-0.39588628484287053,-0.18212805847811264,0.07530863275856275,Sondern,7.612384618902192
-11.211980688645315,0.7909636403101059,-0.33255350983801635,-0.2037439154077,0.09703357385020087,vielmehr,7.221545690934439
-11.211980688645315,0.7909636403101059,-0.33255350983801635,-0.2037439154077,0.09703357385020087,sondern vielmehr,7.221545690934439
-11.399373896935398,0.8793227862947108,-0.2974142359206885,-0.21549169836470933,0.1090100146796932,Massenphänomen,7.01524241955302
-11.399373896935398,0.8793227862947108,-0.2974142359206885,-0.21549169836470933,0.1090100146796932,vielmehr masse+n+phänomen,7.01524241955302
-11.584918846050925,0.966783226695453,-0.2613677996125655,-0.22735960829131593,0.12123868726431561,darstellt,6.81101359674634
-11.584918846050925,0.966783226695453,-0.2613677996125655,-0.22735960829131593,0.12123868726431561,masse+n+phänomen dar+stell+t,6.81101359674634
-11.734945623660746,1.0374753201953086,-0.23125398876329414,-0.23713139014136822,0.1314107358715074,schreiben,6.645912257597986
-11.734945623660746,1.0374753201953086,-0.23125398876329414,-0.23713139014136822,0.1314107358715074,dar+stell+t schreib+en,6.645912257597986
-11.831032582230753,1.0827360454629296,-0.21148940156200619,-0.24347392852929553,0.13806528125659537,Forschende,6.540187635103196
-11.831032582230753,1.0827360454629296,-0.21148940156200619,-0.24347392852929553,0.13806528125659537,schreib+en forsch+end+e,6.540187635103196
-11.960887315599818,1.143880443791756,-0.18415929280020166,-0.25215129262420494,0.1472388860435269,Eu…,6.397331521884729
-11.960887315599818,1.143880443791756,-0.18415929280020166,-0.25215129262420494,0.1472388860435269,forsch+end+e eu…,6.397331521884729
-12.000860876982205,1.1626969104999163,-0.17559814932884862,-0.2548472209828518,0.1501058067833891,+8638,6.353361454194395
-12.000860876982205,1.1626969104999163,-0.17559814932884862,-0.2548472209828518,0.1501058067833891,eu… +8638,6.353361454194395
-12.046881743905299,1.18435627910018,-0.16565325727508515,-0.2579655415283984,0.15343210500387697,+8638 char+s,6.302743015488556
-14.805529957949542,2.2172231068344472,1.1664958550992195,0.36668719251657617,0.18102793441627033,EEG-Reform,3.38964581201333
-14.789096218446257,2.200983113732099,1.1683939766518636,0.3864640496060596,0.17230574273437235,Netzpaket,3.4112523591169976
-14.789096218446257,2.200983113732099,1.1683939766518636,0.3864640496060596,0.17230574273437235,eeg-reform netz+paket,3.4112523591169976
-14.775873744721302,2.1878862752531454,1.1698305372708633,0.4021630965714009,0.16533684549402541,Kabinett,3.4286487295451167
-14.775873744721302,2.1878862752531454,1.1698305372708633,0.4021630965714009,0.16533684549402541,netz+paket kabinett,3.4286487295451167
-14.764201778712195,2.1763046535208384,1.1710343634112181,0.4158677885748434,0.15922065771516195,beschließt,3.4440132213980297
-14.764201778712195,2.1763046535208384,1.1710343634112181,0.4158677885748434,0.15922065771516195,kabinett beschließ+t,3.4440132213980297
-14.74873681484754,2.160932176250068,1.1725404393451366,0.4338106521614057,0.15116721011979553,Erneuerbare-Energien-Gesetz,3.464381334090233
-14.74873681484754,2.160932176250068,1.1725404393451366,0.4338106521614057,0.15116721011979553,beschließ+t erneuerbare-energien-gesetz,3.464381334090233
-14.272309346702588,1.6865435904646633,1.1716072705360796,0.8671128243453665,-0.06006701232027538,Katherina,4.091962436778423
-14.69396494893792,2.106280352268638,1.1771256495881046,0.49549180041846674,0.12308800600035222,erneuerbare-energien-gesetz katherina,3.5365997409719467
-13.811867669866993,1.2259156521118468,1.184336325070578,1.2584680566679451,-0.270954458819056,Reiche,4.699603115936317
-14.263923444585993,1.6781865691780409,1.1717410090739246,0.8744659255862033,-0.06385003342535955,katherina reiche,4.103014267989161
-14.656561317738268,2.0688166929569207,1.1796565650003548,0.5360572666392263,0.1042909263231516,reiche der,3.5859728785816074
-13.94087795876818,1.32657863743592,1.2221043167168135,1.2405916178411704,-0.26351782697431914,Ausbau,4.541197435670788
-14.64660802364535,2.058833084795829,1.180256272150243,0.5466529919802144,0.09933829811447165,der ausbau,3.599116861540743
-14.62790651365934,2.040061617882479,1.1813046826542093,0.5663447218894365,0.09008720418562713,erneuerbarer,3.6238184314961845
-14.62790651365934,2.040061617882479,1.1813046826542093,0.5663447218894365,0.09008720418562713,ausbau erneuer+bar+er,3.6238184314961845
-14.730111386834816,2.1423809653234143,1.1742260495501953,0.4551046935159279,0.1415423790173919,erneuer+bar+er energie+n,3.4889264921120464
-6.718720316417711,-1.3105591135508234,-0.6216072680661011,0.5049853628919764,-0.21694629421381992,stärker,12.170358339260263
-14.512088776980823,1.923608869592927,1.1858177558620546,0.682511854470312,0.034289673694124057,energie+n stark+er,3.776869419729838
-14.453489114663777,1.8646823891037685,1.1870238897425158,0.737891694636098,0.0069674183168194626,Markt,3.8543066981825307
-14.453489114663777,1.8646823891037685,1.1870238897425158,0.737891694636098,0.0069674183168194626,stark+er markt,3.8543066981825307
-14.414599068042124,1.8256146517010894,1.1874990307016597,0.7735232034537147,-0.010853036382787756,orientieren,3.9056816708435917
-14.414599068042124,1.8256146517010894,1.1874990307016597,0.7735232034537147,-0.010853036382787756,markt orientier+en,3.9056816708435917
-14.303893758154643,1.7147017830228357,1.1876694368756633,0.8705232171593581,-0.060304888629665765,Klimaschützer,4.05180313817176
-14.105317967188967,1.517394272464799,1.184642130070189,1.0303175549637775,-0.14469049315611143,sorgen,4.313234894746792
-14.105317967188967,1.517394272464799,1.184642130070189,1.0303175549637775,-0.14469049315611143,klimaschützer sorg+en,4.313234894746792
-13.018452327844066,0.4913731522638791,1.1305478634539898,1.6849144326373273,-0.5274694392727809,sorg+en energie+wende,5.722248523495833
-12.552616979078566,0.11637892425015739,0.8852037894545337,1.4934046747835814,-0.47797606072625254,Industrie,6.298357440104078
-13.595779814482821,1.0385429679598244,1.0248715017085717,1.1194091410777092,-0.22722818830785385,energie+wende industrie,4.971934838908958
-14.049650155954845,1.4719836626411267,1.117748320991473,0.9507795991860519,-0.11291500842115229,hofft,4.382039230701198
-14.049650155954845,1.4719836626411267,1.117748320991473,0.9507795991860519,-0.11291500842115229,industrie hoff+t,4.382039230701198
-14.229670174306797,1.6471375311216607,1.1428621044370861,0.8502335559314813,-0.05564446465562077,hoff+t mehr,4.146697869189954
-14.290848436741094,1.707182864517364,1.149607051386655,0.8109412519223187,-0.03434296282734178,Wettbewerbsfähigkeit,4.066499158680481
-14.290848436741094,1.707182864517364,1.149607051386655,0.8109412519223187,-0.03434296282734178,mehr wettbewerb+s+fähigkeit,4.066499158680481
71.22395095223915,-37.370821995536005,-1.5782861422493701,1.1901762813248642,-0.7542801852352897,Das,98.00632075897637
-14.486611189597712,1.9009155226316692,1.1644620849373093,0.6661043875900708,0.040460765622492234,Bundeskabinett,3.8091943602681324
-14.486611189597712,1.9009155226316692,1.1644620849373093,0.6661043875900708,0.040460765622492234,der bund+es+kabinett,3.8091943602681324
-14.584188770238063,1.9980966212635156,1.1675232237277273,0.5819487537916002,0.0817075468361064,umstrittene,3.68067135102854
-14.584188770238063,1.9980966212635156,1.1675232237277273,0.5819487537916002,0.0817075468361064,bund+es+kabinett umstritten+e,3.68067135102854
-14.621947434100806,2.0357289643449206,1.1678028181533266,0.5470024987476699,0.09841219840883939,Novelle,3.6309228438828596
-14.621947434100806,2.0357289643449206,1.1678028181533266,0.5470024987476699,0.09841219840883939,umstritten+e novelle,3.6309228438828596
-14.653869387995364,2.0675289319925154,1.167605070502334,0.5163506507713985,0.11286838762773818,Erneuerbare-Energien-Gesetzes,3.5888685781180447
-14.653869387995364,2.0675289319925154,1.167605070502334,0.5163506507713985,0.11286838762773818,novelle erneuer+bar+e+-+energie+n+-+gesetz+es,3.5888685781180447
-14.71806931581509,2.131365217999963,1.1658919230339397,0.45144397873323755,0.1428935796772807,EEG,3.5043328922069703
-14.71806931581509,2.131365217999963,1.1658919230339397,0.45144397873323755,0.1428935796772807,erneuer+bar+e+-+energie+n+-+gesetz+es eeg,3.5043328922069703
-14.733175330240474,2.146348422849705,1.1652128839085203,0.4355044944310203,0.15014770244698014,Bundeswirtschaftsministerin,3.484455765576321
-14.733175330240474,2.146348422849705,1.1652128839085203,0.4355044944310203,0.15014770244698014,eeg bund+es+wirtschaft+s+minister+in,3.484455765576321
-14.773198378188535,2.185944690150489,1.162858834446264,0.3919686901739022,0.16972595358305456,bund+es+wirtschaft+s+minister+in katherina,3.4318302870476867
-9.896583671316908,0.1801669541144557,-0.28364256081983713,0.3097920119162757,-0.08706312270703608,CDU,8.669326989071157
-14.794628786004871,2.2070716351097333,1.1612467679696987,0.36784641371726995,0.1804273957027682,reiche cdu,3.403680627764877
-14.8001066614432,2.2124620247541715,1.1607932064088506,0.3615863249269427,0.183187673919373,gebilligt,3.3964890553051923
-14.8001066614432,2.2124620247541715,1.1607932064088506,0.3615863249269427,0.183187673919373,cdu ge+billig+t,3.3964890553051923
-14.811524326214474,2.223683125316346,1.1597917998273015,0.3484123836659504,0.18897386121262874,Damit,3.3815049918087947
8.112678859692775,-8.212333197738603,-1.4250531199062588,0.8355365758591662,-0.5360114495132666,künftig,28.505854278515375
-14.822155069008453,2.234112446495089,1.1587897457149317,0.3359910077697545,0.19440150820832067,damit künftig,3.36756078605925
-8.836572887732883,-0.31207211323815365,-0.4690228645249319,0.29577519568188393,-0.11999777177963285,staatliche,9.833949442633642
-14.832958780128834,2.244691888568622,1.1577006316324858,0.32321103069862955,0.1999576073877342,künftig staatlich+e,3.3533973011900304
-14.84221531890963,2.253739500059527,1.156709248426656,0.3121334540157655,0.2047505072322434,Förderung,3.341268659924558
-14.84221531890963,2.253739500059527,1.156709248426656,0.3121334540157655,0.2047505072322434,staatlich+e förderung,3.341268659924558
-14.850148775924287,2.261480819115693,1.1558157531529203,0.3025438086426204,0.20888238423725755,kl…,3.3308787173671677
-14.850148775924287,2.261480819115693,1.1558157531529203,0.3025438086426204,0.20888238423725755,förderung kl…,3.3308787173671677
-14.853957160088147,2.2651924912029604,1.1553722076757655,0.2979086907928491,0.21087378998991343,+820,3.3258928658860443
-14.853957160088147,2.2651924912029604,1.1553722076757655,0.2979086907928491,0.21087378998991343,kl… +820,3.3258928658860443
-14.857666289387508,2.2688045468519498,1.1549309746844694,0.2933744230523411,0.2128182668521645,+820 chars,3.3210380813723326
2.519033477384639,-5.601467022271214,1.1584027112360304,-0.664648357913151,-2.0291903895371406,Warum,22.386532684183976
-11.257781174823883,0.8125614609087184,-0.32407846234050247,-0.2065933818055033,0.09992713724859001,wald+brand+e warum,7.171119988723544
21.082653783019406,-14.250221002681968,-1.828078346485233,0.6971391772387641,-0.5731893575663561,Wasser,42.80138073128524
-11.164474477893169,0.7685602303719126,-0.3412687172916179,-0.20080306162237505,0.09405467142223464,warum wasser,7.273851594001401
-4.4803512998143376,-2.3768050781979353,-1.1165781720382653,0.10319601777523887,-0.1854381591730383,allein,14.640763973805502
-11.046350448985983,0.7128495238055916,-0.362613407904382,-0.19355503092726611,0.08674460093850403,wasser allein,7.403919375414437
-10.79475010846361,0.5941713545633096,-0.4065950900096681,-0.17841711068460228,0.0716173892531404,allein mehr,7.68099984464782
-10.684352886715189,0.542093496089787,-0.42528770346914746,-0.17190088039119164,0.06516177614838445,reicht,7.802592747980309
-10.684352886715189,0.542093496089787,-0.42528770346914746,-0.17190088039119164,0.06516177614838445,mehr reich+t,7.802592747980309
-8.06532631965716,-0.6935864835337622,-0.7892785968311856,-0.036697722963628256,-0.06958528150207341,premium,10.689053877996459
-10.487988445911828,0.44945985055327986,-0.4576737021921339,-0.16049516701903385,0.05393957943143912,reich+t premium,8.018891607806612
-10.231096598306427,0.32827483964469373,-0.4984643501735498,-0.14592101359877263,0.03973705721516285,Schuld,8.301897497646552
-10.231096598306427,0.32827483964469373,-0.4984643501735498,-0.14592101359877263,0.03973705721516285,premium schuld,8.301897497646552
-9.724652163196783,0.08940288310795541,-0.5740936208642619,-0.11828773103998574,0.013201930907893372,intensiver,8.85991806492018
-9.724652163196783,0.08940288310795541,-0.5740936208642619,-0.11828773103998574,0.013201930907893372,schuld intensiv+er,8.85991806492018
-9.185308490846905,-0.16489322084819458,-0.6484223371098088,-0.09035988693207232,-0.013136758567066087,werdenden,9.454291366422627
-9.185308490846905,-0.16489322084819458,-0.6484223371098088,-0.09035988693207232,-0.013136758567066087,intensiv+er werd+end+en,9.454291366422627
-0.3274136652927666,-4.320160488929435,-1.3748566783004401,0.2243008834591722,-0.2863093756242413,Waldbränden,19.218552628519298
-8.51005028591256,-0.48308698007746376,-0.7336709950184047,-0.057393642753021085,-0.04366882036731326,werd+end+en wald+brand+en,10.19854851796095
-11.046350448985983,0.7128495238055916,-0.362613407904382,-0.19355503092726611,0.08674460093850403,wald+brand+en allein,7.403919375414437
2.5620245486976536,-5.668504944367587,-1.5068394087359656,0.2912938820239099,-0.340202785202499,allein klima+wandel,22.403134250984426
-5.770900085917269,-1.7712839799779578,-1.0125509347379618,0.05748635336727668,-0.14611599590309365,Fehler,13.218072247416146
-7.964405018940706,-0.7400319368478474,-0.7970390533744114,-0.03224139429112905,-0.06659409692873425,Forstwirtschaft,10.800003375700031
-7.964405018940706,-0.7400319368478474,-0.7970390533744114,-0.03224139429112905,-0.06659409692873425,fehler forst+wirtschaft,10.800003375700031
-7.2156896630336025,-1.0923346030119294,-0.8770510114912805,0.00030980170633263665,-0.09582990944631911,Umgang,11.6253467635172
-9.59296430694281,0.027302739391618758,-0.5928005380311732,-0.11133058804723725,0.0065974983490126315,forst+wirtschaft umgang,9.005033691590317
5.838969639118268,-7.1963652310047745,-1.6267520775799795,0.35398013388833277,-0.3932760978031167,Feuer,26.01493709175492
-10.03287983860981,0.2347754593045721,-0.5287896329085049,-0.13493601304522979,0.02912893400611427,umgang feuer,8.520287195970887
-8.030157319629751,-0.7116807248175627,-0.7976610956755064,-0.034965105452422096,-0.07972962770767109,katastrophale,10.728281768564733
-10.407071615411741,0.4112878971757712,-0.4707099168577689,-0.15586266357141607,0.04940888370080307,feuer katastrophal+e,8.10802992516508
35.89328708678674,-21.108074771630253,-1.9423512053550798,0.737246881780468,-0.6224986918706876,Folgen,59.11632756103099
-10.751618683778467,0.5738250967453751,-0.4139408198038865,-0.175862249796186,0.0690823788991248,katastrophal+e folge+n,7.728504293006938
9.760820790615263,-9.017869358229527,-1.7335171925312018,0.41480741664665916,-0.4355502165875894,Für,30.335568753632376
-11.063890735942529,0.7211224101058322,-0.359472829076202,-0.194625527977753,0.08782145774304101,Ehrenamtlichen,7.384604742602292
-11.063890735942529,0.7211224101058322,-0.359472829076202,-0.194625527977753,0.08782145774304101,für ehrenamtlich+en,7.384604742602292
-5.575592291812471,-1.959716240513477,-0.36512908982836384,1.181787390739222,-0.48616272089206447,bedeutet,13.480248334203242
-11.30197752302009,0.8334016200151915,-0.31583150688476846,-0.20935635280640746,0.10273975162053808,ehrenamtlich+en bedeut+et,7.122462479397413
-11.550060605805047,0.9503545491620469,-0.2682386494662098,-0.22511180429179461,0.11891220179322684,Überwindung,6.84937870488598
-11.550060605805047,0.9503545491620469,-0.2682386494662098,-0.22511180429179461,0.11891220179322684,bedeut+et überwindung,6.84937870488598
-11.734945623660746,1.0374753201953086,-0.23125398876329414,-0.23713139014136822,0.1314107358715074,überwindung feuer,6.645912257597986
-11.79359607622981,1.065103526688227,-0.21923534745211676,-0.2409949371007429,0.13545933818876907,seelenruhig,6.581377410366783
-11.79359607622981,1.065103526688227,-0.21923534745211676,-0.2409949371007429,0.13545933818876907,feuer seelenruhig,6.581377410366783
-11.902244111924535,1.1162706651228071,-0.19659171909416737,-0.24821737299409496,0.14306987396391627,zuzusehen,6.461842781636668
-11.902244111924535,1.1162706651228071,-0.19659171909416737,-0.24821737299409496,0.14306987396391627,seelenruhig zu+zu+seh+en,6.461842781636668
-11.992987737246416,1.1589910751668637,-0.17728996122516807,-0.25431530747553677,0.14953951290118653,Des,6.3620215177588495
-12.061775254452733,1.1913649099531267,-0.16241427637925318,-0.2589780550499822,0.1545145282930653,schware,6.286362446756905
-12.061775254452733,1.1913649099531267,-0.16241427637925318,-0.2589780550499822,0.1545145282930653,der schware,6.286362446756905
-12.11925744975152,1.2184107764722296,-0.14981758518712834,-0.26290130880542445,0.1587198401276246,Partie,6.223144812618264
-12.11925744975152,1.2184107764722296,-0.14981758518712834,-0.26290130880542445,0.1587198401276246,schware partie,6.223144812618264
-12.166988353452254,1.2408631578522469,-0.13924053997784647,-0.26617770074262664,0.16224559497615762,heut,6.170656325380831
-12.166988353452254,1.2408631578522469,-0.13924053997784647,-0.26617770074262664,0.16224559497615762,partie heu+t,6.170656325380831
5.703761321206599,-7.131900615095994,-1.6201901687453988,0.3526151124130586,-0.38835809768718377,sagt,25.8653762220108
-12.206144113578965,1.2592779384986779,-0.13048283286592552,-0.2688781854753268,0.16516122776566308,heu+t sag+t,6.12760115142725
-12.262078244360126,1.2855770567368325,-0.11784364465512025,-0.27275580941546856,0.16936325118244558,Feuerwehrmann,6.066102278504239
-12.262078244360126,1.2855770567368325,-0.11784364465512025,-0.27275580941546856,0.16936325118244558,sag+t feuer+wehr+mann,6.066102278504239
-12.396914183447196,1.3489399578853507,-0.08673387454005943,-0.28220056427577345,0.1796767116446549,Kameraden,5.9178805483060115
-12.396914183447196,1.3489399578853507,-0.08673387454005943,-0.28220056427577345,0.1796767116446549,feuer+wehr+mann kamerad+en,5.9178805483060115
-12.467353534347577,1.3820198499635405,-0.07010882486036216,-0.2871896704181631,0.18517120930350564,müssma,5.840465636336799
-12.467353534347577,1.3820198499635405,-0.07010882486036216,-0.2871896704181631,0.18517120930350564,kamerad+en müssma,5.840465636336799
-12.519071190333129,1.406297287074325,-0.05773385750138883,-0.2908769827828604,0.18925341399245013,zruckhalten,5.783634500445591
-12.519071190333129,1.406297287074325,-0.05773385750138883,-0.2908769827828604,0.18925341399245013,müssma zruckhalt+en,5.783634500445591
-12.589254396674153,1.4392277945419467,-0.04070619850643406,-0.29591379920479294,0.1948597764356698,dürfn,5.706523602242481
-12.589254396674153,1.4392277945419467,-0.04070619850643406,-0.29591379920479294,0.1948597764356698,zruckhalt+en dürf+n,5.706523602242481
-12.630388265554163,1.458519531650058,-0.030598238040482034,-0.2988835461817726,0.19818200616666007,+4347,5.661335915988564
-12.630388265554163,1.458519531650058,-0.030598238040482034,-0.2988835461817726,0.19818200616666007,dürf+n +4347,5.661335915988564
-12.654145771777888,1.469658726754358,-0.024716273625405225,-0.300604746718634,0.2001132678013591,+4347 chars,5.6352393187920145
-14.345628120508199,1.6489356990603303,1.2861198101538676,1.0645402137479116,-0.19404580924211495,energie+wende warum,4.041237189719227
-13.728656782783638,1.0023279977553563,1.2469113259668902,1.4975018429255995,-0.4574554411523488,Förderstedt,4.867056286089766
-13.988083762840738,1.2675787637290923,1.2673926703550735,1.3354412860114573,-0.35544272865800924,warum förderstedt,4.522518747890071
-14.192286605413097,1.4831349123849562,1.2800280472424936,1.1889142493181362,-0.26668493649566155,Großspeicher,4.248565511683012
-14.192286605413097,1.4831349123849562,1.2800280472424936,1.1889142493181362,-0.26668493649566155,förderstedt großspeicher,4.248565511683012
-14.296784717664343,1.5957673874174794,1.2845869084267467,1.105697823099591,-0.21780381581681912,entsteht,4.107423116480024
-14.296784717664343,1.5957673874174794,1.2845869084267467,1.105697823099591,-0.21780381581681912,großspeicher entsteh+t,4.107423116480024
-14.671913343037353,2.0112019246157544,1.2809206009733007,0.7411623819777445,-0.017257157931693218,entsteh+t hier,3.596151954975695
-14.589847870751022,1.91917555107146,1.2855214828083736,0.8318942872711537,-0.06506930049180991,sie warum,3.7084829039989637
-14.808578116818847,2.164667127576097,1.2655737727367338,0.5711078068266418,0.06855482534725924,Reihen,3.40896049038966
-14.825109981777363,2.18316340008342,1.2628871029735245,0.5486299574843024,0.07952695480125155,weißer,3.386339822190897
-14.825109981777363,2.18316340008342,1.2628871029735245,0.5486299574843024,0.07952695480125155,reihe+n weiß+er,3.386339822190897
-14.839963212768398,2.199753880130771,1.260290763938009,0.5280352128345482,0.08950422057787,Batteriecontainer,3.366026317436833
-14.839963212768398,2.199753880130771,1.260290763938009,0.5280352128345482,0.08950422057787,weiß+er batterie+container,3.366026317436833
-14.872203628761115,2.235651143359398,1.2540165250685993,0.4819614030997559,0.1115637026095053,prägen,3.321976721063402
-14.872203628761115,2.235651143359398,1.2540165250685993,0.4819614030997559,0.1115637026095053,batterie+container präg+en,3.321976721063402
-14.483162570193095,1.8003095677951362,1.2877795966844021,0.9396279592176836,-0.12366265490837328,inzwischen,3.8541833799654377
-14.882920114342513,2.247541362725247,1.2517242165338132,0.4662104287695483,0.11902244959481709,präg+en inzwischen,3.30735079937721
-14.903267179944269,2.270047651295936,1.2470664918952128,0.4356719531355004,0.13336425567735136,Gelände,3.2796074976020915
-14.903267179944269,2.270047651295936,1.2470664918952128,0.4356719531355004,0.13336425567735136,inzwischen gelände,3.2796074976020915
-14.912904196017582,2.2806718075893215,1.2447140263468561,0.42090825065270143,0.14024139143826134,nördlich,3.266481023760462
-14.912904196017582,2.2806718075893215,1.2447140263468561,0.42090825065270143,0.14024139143826134,gelände nördlich,3.266481023760462
-14.92709497884508,2.2962693556720852,1.2410694556997732,0.39880349828030753,0.15046965822262223,nördlich förderstedt,3.2471699441086637
-14.941590212144352,2.312137924020509,1.237114330376197,0.37576008247254394,0.16104519317646246,Salzlandkreis,3.227469120388502
-14.941590212144352,2.312137924020509,1.237114330376197,0.37576008247254394,0.16104519317646246,förderstedt salz+land+kreis,3.227469120388502
-14.954446651903313,2.326152737994912,1.2333997751851102,0.3549138699216258,0.17053607383863364,Äußerlich,3.2100187252859556
-8.997884452950514,-0.31574895966299277,-0.11023159607671851,0.877146989297011,-0.31580097285706676,größten,9.692300459253712
-14.972317474395691,2.34552968798626,1.2278955527303843,0.3252723695404648,0.18390711484101627,äußerlich groß,3.1858025403026513
-14.977663867318835,2.351301063989652,1.2261683194810098,0.3162490993486958,0.1879486105391426,Batteriespeicherprojekte,3.178567763447087
-14.977663867318835,2.351301063989652,1.2261683194810098,0.3162490993486958,0.1879486105391426,groß batterie+speicher+projekt+e,3.178567763447087
-13.707352816706322,0.9809590235880572,1.245087531525492,1.5098243827297821,-0.46537164495043426,Deutschlands,4.895181512016661
-14.992776112847055,2.367544911868191,1.2210757054753505,0.2903419808214646,0.1994779063961161,batterie+speicher+projekt+e deutschland+s,3.1581448856084755
-14.999817107375318,2.3750757258951145,1.218593136892887,0.27806334476561967,0.2049037759786295,nahezu,3.148644176315944
-14.999817107375318,2.3750757258951145,1.218593136892887,0.27806334476561967,0.2049037759786295,deutschland+s nahezu,3.148644176315944
-14.631490310195142,1.9658268681584659,1.283544920126074,0.7867929434904749,-0.041126632614042105,fertig,3.651503141703044
-15.003408428002583,2.378907185570119,1.2172991068977423,0.27174825987057044,0.20768479338979376,nahezu fertig,3.1438020396566815
-10.972323583382549,0.6904580527126938,-0.1282636524431531,0.2518505130135544,-0.07317221989037438,ko…,7.482230664629106
-15.01298525538828,2.3890908878555708,1.213754260235733,0.25473199207732394,0.21514604218283137,+4227,3.1309027873115305
-15.01298525538828,2.3890908878555708,1.213754260235733,0.25473199207732394,0.21514604218283137,ko… +4227,3.1309027873115305
-15.015678668339167,2.3919458916016403,1.2127321322900837,0.24989940778577918,0.2172564455386922,+4227 char+s,3.127278516185341
-14.116149016990118,1.402056890052524,1.2758064725626146,1.2458325482080097,-0.30076054967761,Weniger,4.350998476447676
-14.345628120508199,1.6489356990603303,1.2861198101538676,1.0645402137479116,-0.19404580924211495,energie+wende wenig+er,4.041237189719227
-13.78060428798745,1.0546917240529337,1.2512845651848576,1.466875220692107,-0.43787651057580035,Bürokratie,4.79837117785638
-13.78060428798745,1.0546917240529337,1.2512845651848576,1.466875220692107,-0.43787651057580035,wenig+er bürokratie,4.79837117785638
-10.18196567058718,0.27222270689865136,-0.035628921651407575,0.6545817620373169,-0.20217015213113393,führt,8.374301285081653
-14.598097511581347,1.9284082842451185,1.285184320410976,0.8231055827370958,-0.060376441791756844,bürokratie führ+t,3.6971988392881103
-14.660385956769977,1.9982555302027591,1.2817449389536102,0.7543695561389693,-0.024129191712586207,führ+t mehr,3.61193954247549
-14.6879852794974,2.029258799927682,1.2796641732586913,0.7224787115075546,-0.007586631956079448,Solarparks,3.5741371002321705
-14.6879852794974,2.029258799927682,1.2796641732586913,0.7224787115075546,-0.007586631956079448,mehr solarpark+s,3.5741371002321705
-14.737102429610756,2.084459779060505,1.2749871993751196,0.6633230388004394,0.02263701062043416,solarpark+s ein,3.5068464739828595
-14.755536544452124,2.1051701404990792,1.2728766088298413,0.6402711897918073,0.03425206962913979,Gesetzesänderung,3.4815927360503673
-14.755536544452124,2.1051701404990792,1.2728766088298413,0.6402711897918073,0.03425206962913979,ein gesetz+es+änderung,3.4815927360503673
-14.806059940428488,2.1618472466627177,1.2659649335127412,0.5744917207252188,0.06689555952080489,erleichtert,3.412407040787591
-14.806059940428488,2.1618472466627177,1.2659649335127412,0.5744917207252188,0.06689555952080489,gesetz+es+änderung erleichter+t,3.412407040787591
-14.841964825174138,2.2019873317179153,1.259927176502209,0.5252301826194118,0.09085754548648053,PV-Anlagen,3.3632897311666072
-14.841964825174138,2.2019873317179153,1.259927176502209,0.5252301826194118,0.09085754548648053,erleichter+t pv-anlage+n,3.3632897311666072
-14.458336559989288,1.7728157587913613,1.2878148469121287,0.9632507767197999,-0.13677294931157505,Autobahnen,3.888018387402938
-14.867331686098566,2.230238111336725,1.2550234676813896,0.48904846086935994,0.1081939761215315,pv-anlage+n auto+bahn+en,3.328628826283845
-14.576624779352706,1.9043873546979722,1.2860087855524658,0.8458360961346089,-0.07254075952143677,bauen,3.7265651921946734
-14.88867077738202,2.2539119271936716,1.2504491463533,0.4576645984192607,0.12305169722087259,auto+bahn+en bau+en,3.2995060566323886
-5.032854018226976,-2.09151770228587,-0.8680985341677416,0.42693094944583615,-0.26280734461269756,Auf,14.022898413019208
-14.903267179944269,2.270047651295936,1.2470664918952128,0.4356719531355004,0.13336425567735136,Freiflächen,3.2796074976020915
-14.903267179944269,2.270047651295936,1.2470664918952128,0.4356719531355004,0.13336425567735136,auf freifläche+n,3.2796074976020915
-14.918562657693942,2.286898162907172,1.2432870249106434,0.4121469589587744,0.14430520278119438,früheren,3.258778202813488
-14.918562657693942,2.286898162907172,1.2432870249106434,0.4121469589587744,0.14430520278119438,freifläche+n früh+er+en,3.258778202813488
-14.908179973206868,2.2754667276032716,1.2458793560937487,0.42817027371828936,0.13686322258938602,Müllkippe,3.2729146612173246
-14.908179973206868,2.2754667276032716,1.2458793560937487,0.42817027371828936,0.13686322258938602,früh+er+en müll+kippe,3.2729146612173246
-14.885827405795409,2.250762953213072,1.2510835835315892,0.46189828400607,0.12105711238431285,hessischen,3.3033844848425415
-14.885827405795409,2.250762953213072,1.2510835835315892,0.46189828400607,0.12105711238431285,müll+kippe hessisch+en,3.3033844848425415
-14.349192790927349,1.6528286606112101,1.2862146079236334,1.0614754224742342,-0.19228783987961232,Wetterau,4.036401626384221
-14.868975443563693,2.2320649294497823,1.2546861520284958,0.48666242589236397,0.10932942942674065,hessisch+en wetter+au,3.326384264673483
-14.839963212768398,2.199753880130771,1.260290763938009,0.5280352128345482,0.08950422057787,wetter+au künftig,3.366026317436833
10.049471324371186,-9.058562598719003,0.6981213072390658,-1.1761291464178778,-2.0241473121975853,viele,30.664057900409254
-14.822858327108122,2.180645974161484,1.2632653759035324,0.5517186173093831,0.07802439622397325,künftig viel+e,3.3894201187595145
-3.933363309545065,-2.6555962477880097,1.1982744066707032,-0.18360802842900312,-1.673535406486954,Millionen,15.29510910655945
-14.808578116818847,2.164667127576097,1.2655737727367338,0.5711078068266418,0.06855482534725924,viel+e million+en,3.40896049038966
-14.781321450411859,2.1341161763289955,1.2695655051522292,0.607192657883325,0.050760108845980006,Kilowattstunden,3.4462762059849785
-14.781321450411859,2.1341161763289955,1.2695655051522292,0.607192657883325,0.050760108845980006,million+en kilo+watt+stunde+n,3.4462762059849785
-14.725002215151711,2.0708613772524114,1.2762630938512614,0.6781952137696695,0.015095050608482152,Sonnenstrom,3.523424192677699
-14.725002215151711,2.0708613772524114,1.2762630938512614,0.6781952137696695,0.015095050608482152,kilo+watt+stunde+n sonne+n+strom,3.523424192677699
-14.337954336115562,1.6405609718743377,1.2859075631350898,1.0711091033784088,-0.19781896033512733,produziert,4.051644486458733
-14.666236505995869,2.0048257099504516,1.2813344014986303,0.7476863444999691,-0.020648007920916783,sonne+n+strom produzier+t,3.603927061887931
2.7758966429772407,-5.7043309373506705,0.3752737969465551,1.18508880427646,1.4876259649592343,Was,22.652224823587172
-14.543103084497297,1.8669626725535433,1.286966118539916,0.8804054210051118,-0.09120934102606501,was wenig+er,3.772377777536877
-13.472234209388764,0.7490658288933632,1.2240757945552514,1.6375544660220496,-0.5487067886764492,bürokratie energie+wende,5.203981930706881
-14.3220387002612,1.6232169065932656,1.2854326259325262,1.0846096058052654,-0.2055959469482368,bedeuten,4.073219066401459
-14.3220387002612,1.6232169065932656,1.2854326259325262,1.0846096058052654,-0.2055959469482368,energie+wende bedeut+en,4.073219066401459
16.01862812968191,-11.890783340443674,-1.6963686750128737,0.7558588021283471,-0.5623468840755352,zeigt,37.218435742150746
-14.55327692311312,1.8783107053588528,1.2867162422860992,0.8700283139210003,-0.08558401129451983,bedeut+en zeig+t,3.7584780535297577
-14.68277993813296,2.0234098928141897,1.280085074246118,0.7285648715649741,-0.0107302091179165,zeig+t wetter+au,3.581267570012214
-11.242845970903367,0.769642883799885,0.11912267130223812,0.5516926374357107,-0.1284822306084688,zunehmend,7.206843348981227
-14.725002215151711,2.0708613772524114,1.2762630938512614,0.6781952137696695,0.015095050608482152,wetter+au zu+nehm+end,3.523424192677699
-14.784272045529773,2.137426118544686,1.2691585421192377,0.6033431100546524,0.05266907342450203,beiden,3.4422357184161676
-14.784272045529773,2.137426118544686,1.2691585421192377,0.6033431100546524,0.05266907342450203,zu+nehm+end beide+n,3.4422357184161676
-14.803499249009764,2.1589791452871117,1.2663579130409308,0.5779221170187704,0.06521150397973857,beide+n auto+bahn+en,3.4159120033231325
-14.843938537582924,2.204189086866976,1.259565401295503,0.5224572368587397,0.09219407427681339,Region,3.3605915015170362
-14.843938537582924,2.204189086866976,1.259565401295503,0.5224572368587397,0.09219407427681339,auto+bahn+en region,3.3605915015170362
-12.305095553203198,1.2682667721185026,0.300395692067526,0.41917002110850604,-0.0361782404651049,Sowohl,6.038409891336393
-10.839029472878218,0.6179337773446036,-0.08129263294964678,0.35265673127388203,-0.07934518134986406,entstehen,7.634206284807874
-14.914057232579493,2.28194128841428,1.2444260233165316,0.4191285588964857,0.1410679214869627,sowohl entsteh+en,3.264911125267057
-14.925018664814328,2.293990897749361,1.2416164861647792,0.40206540994504497,0.14896546459318896,entsteh+en groß+e,3.2499940092335526
-14.93114078053027,2.3007052419986733,1.239989673991121,0.39241979830028867,0.15340827652878422,Solarpar…,3.2416685802950385
-14.93114078053027,2.3007052419986733,1.239989673991121,0.39241979830028867,0.15340827652878422,groß+e solarpar…,3.2416685802950385
-14.941590212144352,2.312137924020509,1.237114330376197,0.37576008247254394,0.16104519317646246,+4266,3.227469120388502
-14.941590212144352,2.312137924020509,1.237114330376197,0.37576008247254394,0.16104519317646246,solarpar… +4266,3.227469120388502
-14.946911062028832,2.3179453279492783,1.2356011247193854,0.36717991563075286,0.16496033472478647,+4266 char+s,3.2202442190582365
-2.1222609561067074,-3.481149033956716,-1.2751767320201408,0.17616471120544075,-0.24676125205087257,Mais,17.24017868703484
-6.781753579745285,-1.2963758424280485,-0.9201651085294912,0.018219940162242716,-0.11172166441641135,bien,12.103709569871079
-6.781753579745285,-1.2963758424280485,-0.9201651085294912,0.018219940162242716,-0.11172166441641135,mai+s sei+en,12.103709569871079
-7.508749046323352,-0.9544750873779657,-0.8466230008617246,-0.012173911098152579,-0.08467299900331864,sûr,11.302289015614468
-7.508749046323352,-0.9544750873779657,-0.8466230008617246,-0.012173911098152579,-0.08467299900331864,sei+en sûr,11.302289015614468
109.41150449779457,-54.70606887266407,2.1401670453215287,-0.788073168355345,0.22972774457750536,Die,140.02138546955027
-8.42822542461201,-0.5216286135613775,-0.7434699578882644,-0.05354032814232343,-0.04720092240547001,Kehrtwende,10.288740018464392
-8.42822542461201,-0.5216286135613775,-0.7434699578882644,-0.05354032814232343,-0.04720092240547001,der kehrtwende,10.288740018464392
-9.40054085483512,-0.06342693457856097,-0.619474474094019,-0.10132704838210749,-0.0028480339340848926,Le-Pen-Partei,9.217088189519718
-9.40054085483512,-0.06342693457856097,-0.619474474094019,-0.10132704838210749,-0.0028480339340848926,kehrtwende le+-+pen+-+partei,9.217088189519718
-10.101714942614432,0.2672442702189781,-0.5183678450050602,-0.1387255903055684,0.0327793659984931,le+-+pen+-+partei wald+brand+en,8.444444478687315
-4.932225814504603,-2.164884282391646,-1.0817490646978418,0.08771097049412963,-0.17219922513504263,Jahrzehntelang,14.142624181361626
-9.637975899301725,0.04852820216207654,-0.5864486054084554,-0.11369829953844876,0.008841866831600015,wald+brand+en jahrzehntelang,8.955431740584267
-2.4248199569628888,-3.339591118947264,-1.256748685088091,0.16746840692848694,-0.23954140087317333,Frankreichs,16.906668349333277
-2.4248199569628888,-3.339591118947264,-1.256748685088091,0.16746840692848694,-0.23954140087317333,jahrzehntelang frankreich+s,16.906668349333277
0.2533664351925644,-4.591396435644185,-1.403950095305273,0.23872507338414178,-0.2980252044198473,Rechtsextreme,19.85868724414545
0.2533664351925644,-4.591396435644185,-1.403950095305273,0.23872507338414178,-0.2980252044198473,frankreich+s rechtsextrem+e,19.85868724414545
17.44643843537016,-12.584742132788335,-1.8733946030216038,0.5135618708701883,-0.5086560069983412,rechtsextrem+e klima+wandel,38.803002013155634
2.56202454869765,-5.6685049443675855,-1.5068394087359658,0.29129388202390977,-0.34020278520249875,geleugnet,22.403134250984422
2.56202454869765,-5.6685049443675855,-1.5068394087359658,0.29129388202390977,-0.34020278520249875,klima+wandel ge+leugn+et,22.403134250984422
6.628826921624107,-7.501568602587245,0.5685180477448953,-1.3706617390203526,-1.8671953691684673,Seit,26.905559814710426
-1.273910125336979,-3.845957455156398,-1.0291978486743982,0.6929742876375868,-0.40281961630728247,enorme,18.164991852367315
-2.08157272320301,-3.500182906183942,-1.2776164345319816,0.17732056372104135,-0.24771911224699128,seit enorm+e,17.28502896465324
-3.1690674169867457,-2.9912153972139777,-1.2091614197579568,0.14528480838241037,-0.22101750610953547,enorm+e feuer,16.08626920703836
-3.899584293284958,-2.649026813465486,-1.1590595355492126,0.1223378105675211,-0.2016914556346134,lodern,15.280984698619047
-3.899584293284958,-2.649026813465486,-1.1590595355492126,0.1223378105675211,-0.2016914556346134,feuer loder+n,15.280984698619047
-0.24198900626953446,-4.360062889542524,-1.3792256464574502,0.2264555597507178,-0.2880633988245265,spricht,19.312708478757433
-4.68134306331452,-2.2825562717047534,-1.1012861885601213,0.09637434222159799,-0.17961610295215144,loder+n sprech+t,14.419194230547905
-5.5822012035820645,-1.8598749296081198,-1.0286687593163275,0.06446310346081574,-0.15216600515571843,Rassemblement,13.426094002016955
-5.5822012035820645,-1.8598749296081198,-1.0286687593163275,0.06446310346081574,-0.15216600515571843,sprech+t rassemblement,13.426094002016955
-6.372325566516347,-1.4887965668396141,-0.9588706638172436,0.03452215512037323,-0.12607363163929616,national,12.555060547903238
-6.372325566516347,-1.4887965668396141,-0.9588706638172436,0.03452215512037323,-0.12607363163929616,rassemblement national,12.555060547903238
2.1015876249863794,-5.453816737907591,-1.4878080811174397,0.2813725646735724,-0.3323051969182008,darüber,21.895690765196598
-7.207637198343777,-1.0961219198380725,-0.8778717492339755,0.0006483140987764147,-0.09613151394182569,national darüber,11.63422357016918
-7.505251230073487,-0.9561207975842221,-0.8469927127821482,-0.012023002504713005,-0.08480827193039936,empfiehlt,11.306144845910893
-7.505251230073487,-0.9561207975842221,-0.8469927127821482,-0.012023002504713005,-0.08480827193039936,darüber empfehl+t,11.306144845910893
-7.428148562641471,-0.9923955821100021,-0.8551016117713159,-0.008708343416172368,-0.08777698895681842,empfehl+t mehr,11.391139458263451
-5.415377849338684,-2.022886406469606,-0.3888858580116191,1.1847472556318506,-0.5043276221531404,Atomkraft,13.65150927103384
-7.378406308071591,-1.0157962332416783,-0.8602920616434134,-0.006581852322801396,-0.08967902889845875,mehr atom+kraft,11.445973351484389
-10.167723184596483,0.2983806103153399,-0.508265429806844,-0.14238464885613503,0.036313156450508116,Klimaanlagen,8.371718493910475
-10.167723184596483,0.2983806103153399,-0.508265429806844,-0.14238464885613503,0.036313156450508116,atom+kraft klima+anlage+n,8.371718493910475
-8.107151436960006,-0.6728281340558517,-0.7808997695422917,-0.038699941566349566,-0.0607363085062754,Klima…,10.642653025570606
-11.596310483027908,0.9721518274481435,-0.2591122769087739,-0.22809602808248752,0.12200195789150223,atom+kraft klima…,6.798476261993187
-11.683604153188512,1.0132864142908207,-0.24165999143516498,-0.23376943806358474,0.12790024073982406,+7128,6.702408948997778
-11.683604153188512,1.0132864142908207,-0.24165999143516498,-0.23376943806358474,0.12790024073982406,klima… +7128,6.702408948997778
-11.744938091082258,1.0421827556360812,-0.22921629666642288,-0.23778789829580274,0.1320975998345544,+7128 char+s,6.634916885338367
-10.03287983860981,0.2347754593045721,-0.5287896329085049,-0.13493601304522979,0.02912893400611427,Frau,8.520287195970887
-9.724652163196783,0.08940288310795541,-0.5740936208642619,-0.11828773103998574,0.013201930907893372,Pen,8.85991806492018
-9.724652163196783,0.08940288310795541,-0.5740936208642619,-0.11828773103998574,0.013201930907893372,frau pen,8.85991806492018
-9.12738064524417,-0.19219847471523543,-0.656059413551351,-0.08744729832343177,-0.015857775347100395,pen sie,9.518134533330707
1.3670674808967007,-5.110932876448381,-1.4566761089103368,0.262340953593389,-0.316886513376583,angesichts,21.08606901860911
-8.876388380652445,-0.310489753175057,-0.6884268779044486,-0.07501418960186307,-0.027420914325241255,sie angesichts,9.794765978028545
-7.098436539746665,-1.147478674856269,-0.8889230838792388,0.00521559738111662,-0.10019610129466691,angesichts wald+brand+e,11.754603569057288
2.5620245486976536,-5.668504944367587,-1.5068394087359656,0.2912938820239099,-0.340202785202499,wald+brand+e klima+wandel,22.403134250984426
-0.26350226012835876,-4.350014154932634,-1.3781283450311543,0.2259140219156377,-0.28762268742425673,leugnen,19.288996402627948
-5.5165109705786755,-1.8907109476307218,-1.0342025163373496,0.06686722924063984,-0.15424666449477165,klima+wandel leugn+en,13.498510893227476
3.9982097862737227,-6.337779056603788,-1.5620137527756515,0.3206317941233283,-0.36338438885710533,Frankreich,23.98588277199579
-1.0727780758387198,-3.9715058817523055,-1.337416793829259,0.19674627902244093,-0.26331680781066935,erlebt,18.396890906742048
-8.42822542461201,-0.5216286135613775,-0.7434699578882644,-0.05354032814232343,-0.04720092240547001,frankreich erleb+t,10.288740018464392
-7.328235641792988,-1.0393970137989212,-0.8654950697243582,-0.004446451187519681,-0.09158707381178005,vierte,11.501279662413294
-9.185308490846905,-0.16489322084819458,-0.6484223371098088,-0.09035988693207232,-0.013136758567066087,erleb+t viert+e,9.454291366422627
22.75263107261264,-15.042857121375153,-1.9326331093760827,0.563399027859361,-0.5435662361417862,Hitzewelle,44.64801469035442
-9.546770636237378,0.005520635801607554,-0.5992744235492485,-0.10891169327907652,0.004308095275317364,viert+e hitze+welle,9.055938973783109
-8.309077715905424,-0.5777476310237457,-0.7575850408377557,-0.0481277524350127,-0.05215338185825734,Sommers,10.420074976873716
-8.309077715905424,-0.5777476310237457,-0.7575850408377557,-0.0481277524350127,-0.05215338185825734,hitze+welle sommer+s,10.420074976873716
-8.283947006331218,-0.5895788088338882,-0.7604873313563443,-0.04681708826729093,-0.05334616248980324,Dutzende,10.447773362404014
-10.407071615411741,0.4112878971757712,-0.4707099168577689,-0.15586266357141607,0.04940888370080307,sommer+s dutzend+e,8.10802992516508
-8.53078394641181,-0.47332032764884957,-0.7311707138292065,-0.058374732101300106,-0.042768329954072454,dutzend+e wald+brand+e,10.175694993157274
-7.974763184450103,-0.7351557787262761,-0.795877981898734,-0.03270722629535388,-0.0661722478311281,Tausende,10.788585425491982
-10.897079829513139,0.6424416388450576,-0.3889436426321102,-0.18452528040506877,0.07769894641734382,wald+brand+e tausend+e,7.568300744455793
-9.264351334356855,-0.12768716814065817,-0.6381597041417677,-0.0953664665025287,-0.008496011908951911,Hektar,9.367208231147018
-11.063890735942529,0.7211224101058322,-0.359472829076202,-0.194625527977753,0.08782145774304101,tausend+e hektar,7.384604742602292
-11.18050604944948,0.7761206775128247,-0.3383361800376005,-0.20179381873487748,0.09505740633606474,verbrannte,7.25620005724028
-11.18050604944948,0.7761206775128247,-0.3383361800376005,-0.20179381873487748,0.09505740633606474,hektar verbrenn+t+e,7.25620005724028
-5.087881927063522,-2.0918380492027,-1.0696010959211573,0.08137651325010212,-0.1667373878402915,Erde,13.971026744108759
-11.344662977790705,0.8535281145297757,-0.30780145041505813,-0.21203735104591637,0.105475483461176,verbrenn+t+e erde,7.075470353481745
-11.425837554743962,0.8917988337306344,-0.2923511529252761,-0.21716988315101662,0.110731129029816,260.000,6.9861114052457145
-11.425837554743962,0.8917988337306344,-0.2923511529252761,-0.21716988315101662,0.110731129029816,erde 260.000,6.9861114052457145
-11.526232703484236,0.9391237641580088,-0.27290863981844155,-0.22358015049088378,0.11732974150748629,Evakuierte,6.8756046774685675
-11.526232703484236,0.9391237641580088,-0.27290863981844155,-0.22358015049088378,0.11732974150748629,260.000 evakuier+t+e,6.8756046774685675
-7.30791128965282,-1.0489573876501757,-0.8675937169109549,-0.0035840637527501593,-0.09235708731976493,Welche,11.52368452841662
0.9443790586673018,-4.913964761596622,-1.4367843055010654,0.25522625168031526,-0.3113525491461516,Auswirkungen,20.620299834331952
-11.734945623660746,1.0374753201953086,-0.23125398876329414,-0.23713139014136822,0.1314107358715074,welche auswirkung+en,6.645912257597986
-6.069815299141714,-1.6309091793627566,-0.9863234040483567,0.04621439508600985,-0.13630319173460184,Katastrophe,12.888547769500656
-11.927775232637966,1.1282916799712637,-0.19119752096428383,-0.24992697672964717,0.1448795593134837,auswirkung+en katastrophe,6.433756207473901
-12.083715368675302,1.201688734734157,-0.15762432224108258,-0.2604726114121254,0.15611443038039427,Präsidentschaftswahl,6.262232455495652
-12.083715368675302,1.201688734734157,-0.15762432224108258,-0.2604726114121254,0.15611443038039427,katastrophe präsidentschaft+s+wahl,6.262232455495652
7.030453384130855,-7.749162413342548,-1.6606284529050497,0.37559490209357466,-0.4061034802511393,Jahr,27.327294035550636
-12.243790587578967,1.2769794253766253,-0.12199285802086687,-0.2714854291897294,0.1679845638988234,präsidentschaft+s+wahl jahr,6.086208589759522
-9.625476620644818,0.04263402546629891,-0.5882168314644356,-0.11303974426584351,0.008217277954220364,2027,8.969205647947534
-9.625476620644818,0.04263402546629891,-0.5882168314644356,-0.11303974426584351,0.008217277954220364,jahr 2027,8.969205647947534
2.863230611737748,-5.741671615464366,0.06871300761679232,0.21162440055665405,2.1895595817307902,Experten,22.748283507983945
-12.41760230824092,1.3586571800060825,-0.08187817642347278,-0.28366193283605673,0.18128271823586797,Vermutung,5.895142411075088
-12.41760230824092,1.3586571800060825,-0.08187817642347278,-0.28366193283605673,0.18128271823586797,experte+n vermutung,5.895142411075088
-9.470001225963573,-0.020169135326741472,-0.3166448611921542,0.37989975653584024,-0.12360273580435228,Noch,9.139312668833092
-12.467353534347577,1.3820198499635405,-0.07010882486036216,-0.2871896704181631,0.18517120930350564,vermutung noch,5.840465636336799
9.904967785944333,-9.085615291374081,-1.7373234482916904,0.418015657391695,-0.43947816624292646,immer,30.494679105249627
-10.084779113673672,0.25925571712518813,-0.5209426114277335,-0.13779075349821096,0.031877970152457635,noch immer,8.463104221795252
-10.13505997210939,0.28297314154411435,-0.5132778796059113,-0.14057092889411704,0.03456040552560266,wüten,8.40770562176122
-10.13505997210939,0.28297314154411435,-0.5132778796059113,-0.14057092889411704,0.03456040552560266,immer wüt+en,8.40770562176122
-12.54605602667591,1.4189609000012076,-0.05121912825500126,-0.29280909557033813,0.19139984616914993,Du…,5.753984421353308
-12.54605602667591,1.4189609000012076,-0.05121912825500126,-0.29280909557033813,0.19139984616914993,wüt+en du…,5.753984421353308
-12.467353534347577,1.3820198499635405,-0.07010882486036216,-0.2871896704181631,0.18517120930350564,du… noch,5.840465636336799
-12.634394500941141,1.4603980966237966,-0.029608630625175575,-0.2991734857114494,0.1985070324518862,wüt+en dutzend+e,5.656935121838931
-2.2271832615225886,-3.432063457641637,-1.268843744242877,0.17316932644466726,-0.2442770532368062,ganz,17.124523431008186
-12.721619794273611,1.5012825015214077,-0.00783208997806109,-0.30551707313733995,0.20564884114330276,wald+brand+e ganz,5.561131349531633
-12.739423640488608,1.5096235275695746,-0.003332237420591813,-0.30681916067905,0.20712211578061326,ganz frankreich,5.541579429361593
4.025431833011936,-6.350459498294308,-1.5630020560884001,0.3211656358886554,-0.3638038066808715,wurden,24.015882001657765
-12.793904612746804,1.5351386183547926,0.010555984546420039,-0.3108189963175943,0.21166382616253906,sie werd+en,5.481755636146425
-12.81662323615296,1.5457742761818474,0.016400812708635262,-0.3124937803688582,0.2135727773984237,ausgelöst,5.45681197992789
-12.81662323615296,1.5457742761818474,0.016400812708635262,-0.3124937803688582,0.2135727773984237,werd+en aus+ge+lös+t,5.45681197992789
-12.878140185199165,1.5745602915916357,0.032388277632380044,-0.3170489827113747,0.21878707189157284,aus+ge+lös+t viert+e,5.389279141833712
-1.3588924601593497,-3.837773443461556,-1.3213270277942204,0.1904536986387173,-0.2582754154562328,extreme,18.0815142267525
-12.898569890896784,1.5841157335845928,0.037750485671402254,-0.31856831146084447,0.22053356343483335,viert+e extrem+e,5.36685456301517
-12.921270183989044,1.5947305286069127,0.04373999591609733,-0.3202603344374696,0.22248295558534006,extrem+e hitze+welle,5.34193948932905
-13.012138494800698,1.6369509391330919,0.0677770606841719,-0.32816395375678475,0.2313823832855956,außer,5.2423339359467835
-13.012138494800698,1.6369509391330919,0.0677770606841719,-0.32816395375678475,0.2313823832855956,sommer+s außer,5.2423339359467835
-2.254012617133249,-3.4194890024209785,-1.2673091008268673,0.17204726329172712,-0.24332613122898827,vielen,17.09494265217043
-13.025956432523744,1.6433439697228116,0.07145900732764647,-0.32945473529262476,0.232825427878641,außer viel+en,5.22720041990855
-11.004942837076843,0.69190058231489,-0.3724300737964899,-0.20113043733379946,0.09315836415657186,Tausend,7.450182666638808
-13.041733669332945,1.65063982638301,0.0756785717749943,-0.3309308008294583,0.23447780319763836,viel+en tausend,5.209922945212856
-13.059328918921253,1.6587717028111282,0.08040403493102823,-0.3325797910844748,0.23632654499546693,tausend hektar,5.190656983943177
-13.07435841888002,1.665713811674491,0.0844569766367549,-0.33399069092924444,0.2379107097357743,verbrannter,5.174202428098069
-13.07435841888002,1.665713811674491,0.0844569766367549,-0.33399069092924444,0.2379107097357743,hektar verbrenn+t+er,5.174202428098069
-13.099365369191132,1.6772562273458518,0.09123457114277976,-0.3363430510874804,0.24055682827877853,verbrenn+t+er erde,5.146828606525248
-13.121490545553815,1.6874597201890937,0.09726694133373846,-0.3384293418605797,0.24290881090799557,Rauch,5.122613790155804
-13.121490545553815,1.6874597201890937,0.09726694133373846,-0.3384293418605797,0.24290881090799557,erde rauch,5.122613790155804
-11.164241161915598,0.7670373885695732,-0.3437883328315431,-0.21098073492260816,0.10310529685633432,und…,7.274772867483852
-13.133252891189336,1.6928807501249161,0.10048772382755837,-0.33954038348943366,0.24416334558312716,rauch und…,5.109742275719033
-13.144807550210109,1.698203711926043,0.10366103495449942,-0.34063309826205,0.24539855373679412,+5611,5.097099224854205
-13.144807550210109,1.698203711926043,0.10366103495449942,-0.34063309826205,0.24539855373679412,und… +5611,5.097099224854205
-13.156160664990132,1.7034315328808178,0.1067881134875562,-0.34170799743753644,0.24661495441214423,+5611 chars,5.08467786570337
-14.991646977004503,2.366334943403276,1.2214672136980145,0.2922985758155708,0.1986110185162305,Solarboom,3.159669365860622
-10.085581761570793,0.2742430416791568,-0.2708277056228145,0.27996673449519327,-0.08552045091148454,Weltweit,8.458662120609553
-14.985198675308903,2.359413322492668,1.2236686713156808,0.3034071935127185,0.19367734600004435,solarboom weltweit,3.1683799706019595
-14.705124243437416,2.048519917842518,1.2781804436663375,0.7021974101899741,0.002843053715452598,Terawatt,3.550657730214134
-14.975024880604042,2.3484538502062278,1.2270256388126801,0.3207121225608563,0.18595131344664048,weltweit terawatt,3.1821382579416815
-14.659206601786451,1.9969312641531571,1.2818257625301492,0.7557118383924278,-0.024829289167405455,installiert,3.613554628591432
-14.966684755974246,2.339436106975727,1.229674555523497,0.33470052647723797,0.17966991741195135,terawatt installier+t,3.193429876513001
-14.690430863377983,2.0320069329189985,1.2794617145189369,0.7196075908826143,-0.006105867683928068,Stromnetz,3.570786948650852
-14.949480017627183,2.3207456298538642,1.234858413889684,0.36301349069841915,0.1668570592007683,installier+t strom+netz,3.216757351300039
-14.940678603187832,2.311141976462645,1.2373702228174923,0.37722347419408875,0.16037622103770974,bremst,3.228707324906959
-14.940678603187832,2.311141976462645,1.2373702228174923,0.37722347419408875,0.16037622103770974,strom+netz brems+t,3.228707324906959
-14.605997807435855,1.9372545582338627,1.2848368688382532,0.814622487568628,-0.055859272142433775,zwei,3.686390664180915
-14.92075368364415,2.2893066468762218,1.2427251950850695,0.4087357775001619,0.14588395092609466,brems+t zwei,3.255796514882813
-10.56151817066877,0.49029900016518013,-0.13722204201290886,0.35285737801344325,-0.0901463956755009,Jahre,7.938418757784107
-14.915199424656775,2.2831984677555193,1.2441393316734009,0.4173627804171477,0.141887464141523,zwei jahr+e,3.2633561312081767
-14.908179973206868,2.2754667276032716,1.2458793560937487,0.42817027371828936,0.13686322258938602,gedauert,3.2729146612173246
-14.908179973206868,2.2754667276032716,1.2458793560937487,0.42817027371828936,0.13686322258938602,jahr+e ge+dauer+t,3.2729146612173246
-14.885827405795409,2.250762953213072,1.2510835835315892,0.46189828400607,0.12105711238431285,nächste,3.3033844848425415
-14.885827405795409,2.250762953213072,1.2510835835315892,0.46189828400607,0.12105711238431285,ge+dauer+t nächst+e,3.3033844848425415
-14.975024880604042,2.3484538502062278,1.2270256388126801,0.3207121225608563,0.18595131344664048,nächst+e terawatt,3.1821382579416815
-14.858798895153463,2.2207471813116433,1.256735495837788,0.5013521524923533,0.10232363166822409,Solarleistung,3.340283392835305
-14.858798895153463,2.2207471813116433,1.256735495837788,0.5013521524923533,0.10232363166822409,terawatt solarleistung,3.340283392835305
-14.831663689717702,2.1904871617858914,1.261763360671216,0.5395903854531217,0.08391513935366321,zuzubauen,3.377375556200451
-14.831663689717702,2.1904871617858914,1.261763360671216,0.5395903854531217,0.08391513935366321,solarleistung zu+zu+bau+en,3.377375556200451
-4.6306155051435525,-2.2786287362712443,-0.8642324230721485,0.5001554904065725,-0.2917277061532913,Besonders,14.466024414600453
-14.778314931295565,2.130742921583277,1.269974105569183,0.6111013375925031,0.04881922502857239,interessant,3.450393477565626
-14.778314931295565,2.130742921583277,1.269974105569183,0.6111013375925031,0.04881922502857239,besonders interessant,3.450393477565626
-14.654352373154552,1.9914811546122193,1.282151686848666,0.7612194342774251,-0.02770513120441752,Entwicklung,3.6202020613609722
-14.654352373154552,1.9914811546122193,1.282151686848666,0.7612194342774251,-0.02770513120441752,interessant entwicklung,3.6202020613609722
-14.563007846339126,1.8891733178132546,1.2864445143943848,0.8600102585041036,-0.08017068668851654,beschleunigt,3.7451797975600174
-14.563007846339126,1.8891733178132546,1.2864445143943848,0.8600102585041036,-0.08017068668851654,entwicklung beschleunig+t,3.7451797975600174
-11.436549963120418,-0.9245774452514608,1.0372347863182054,2.336820666867383,-0.99454486932899,Solarenergie,7.742030261200542
-10.17650117099723,-1.8947033005106269,0.9452396676149518,2.6452274482615388,-1.2260854564466568,solarenergie energie+wende,9.286731057621274
-5.7391052318950155,-4.915085410983879,0.7125434801470167,3.344229434067441,-1.7780004759896082,Besuchen,14.566737534769821
-9.725533984525972,-2.227154946952478,0.9155447945164804,2.739037871448999,-1.2988480620349778,energie+wende besuch+en,9.833624188951283
-7.168527602184756,-3.9908470797681144,0.7746038722209241,3.161229284323287,-1.6311941376846892,besuch+en sie,12.885541599305046
-7.613693981314267,-3.695656962052504,0.7961234974957305,3.0979556213434,-1.5809434362595707,Golem.de,12.359000760933533
-7.613693981314267,-3.695656962052504,0.7961234974957305,3.0979556213434,-1.5809434362595707,sie golem.de,12.359000760933533
-8.650957341979993,-2.991534882277251,0.8509410598147733,2.936026454509538,-1.4536502651492162,gewohnt,11.12555393538814
-8.650957341979993,-2.991534882277251,0.8509410598147733,2.936026454509538,-1.4536502651492162,golem.de ge+wohn+t,11.12555393538814
-5.462705664220897,-3.031362333915931,0.23750778240448056,2.3693732400900354,-1.0843430767408935,Werbung,14.032354928611333
-9.292304978944731,-2.542917513611176,0.8884913129382491,2.823688117105193,-1.366531709385466,ge+wohn+t werbung,10.357560938622141
-6.152385662637149,-4.614145637019497,0.7304531899637683,3.2834804325558284,-1.7109828828739255,Tracking,14.066894382360223
-9.767650248795581,-2.2027530402899105,0.91833705057446,2.7330549292729347,-1.297013829635136,werbung tracking,9.785259858060426
-7.168527602184756,-3.9908470797681144,0.7746038722209241,3.161229284323287,-1.6311941376846892,tracking sie,12.885541599305046
-10.48390426938132,-1.6758896082600057,0.9668600096011283,2.582090125772214,-1.1828550531590643,Nutzung,8.917144771023652
-10.48390426938132,-1.6758896082600057,0.9668600096011283,2.582090125772214,-1.1828550531590643,sie nutzung,8.917144771023652
-10.763480307772108,-1.4649442648316278,0.9870390563364958,2.5176016499763607,-1.1347486730078782,Cookies,8.576157334034045
-10.763480307772108,-1.4649442648316278,0.9870390563364958,2.5176016499763607,-1.1347486730078782,nutzung cookie+s,8.576157334034045
-10.901276174900186,-1.3597639405960722,0.9972524805117907,2.4844973438404283,-1.1102140520392596,zustimmen,8.40760497047602
-10.901276174900186,-1.3597639405960722,0.9972524805117907,2.4844973438404283,-1.1102140520392596,cookie+s zu+stimm+en,8.40760497047602
-5.160594143103246,-2.594550697985066,-0.02062478775546947,1.9091366281198658,-0.8225512304055592,Details,14.123494331793378
-11.257415489086913,-1.0839327456423478,1.0244875173817287,2.394460788763609,-1.0440519781449045,detail+s tracking,7.970365308459919
-11.364374222089431,-0.9999012875291085,1.0329059175729687,2.366049040774596,-1.0233501658972508,tracking find+en,7.838569121934263
-11.513779260208032,-0.8815419950609149,1.0448510722244295,2.3252033404527395,-0.9937401538339745,Privacy,7.654074465473768
-11.513779260208032,-0.8815419950609149,1.0448510722244295,2.3252033404527395,-0.9937401538339745,sie privacy,7.654074465473768
-11.591241073708215,-0.8197108050002155,1.051129495523354,2.303466788572827,-0.9780566740639136,Center,7.558231904339163
-11.591241073708215,-0.8197108050002155,1.051129495523354,2.303466788572827,-0.9780566740639136,privacy center,7.558231904339163
-11.672468326995382,-0.7545211500482747,1.0577753933207785,2.2802432049947954,-0.961357629914,Skript,7.457588027532471
0.5850867137766294,-4.893882044271905,-0.6295898819600495,1.5961552268481118,-0.7332908704507629,wurde,20.293251284636273
-11.731763467183029,-0.706699822497745,1.062666893978894,2.2630021319563896,-0.9489989947380982,skript werd+e,7.384024707237334
-11.826413405165306,-0.6299460752090802,1.0705444555124373,2.2349576020784188,-0.9289672927084017,geladen,7.266430110143461
-11.826413405165306,-0.6299460752090802,1.0705444555124373,2.2349576020784188,-0.9289672927084017,werd+e ge+lad+en,7.266430110143461
-11.892233491189497,-0.5762599999421072,1.0760724322603499,2.21506172647526,-0.9148097955571672,Informat…,7.184528620930884
-11.967380158636038,-0.5146463870487477,1.082433046200522,2.19193585417728,-0.8984104840943478,+607,7.090892553130991
-11.967380158636038,-0.5146463870487477,1.082433046200522,2.19193585417728,-0.8984104840943478,informat… +607,7.090892553130991
-11.999784760543552,-0.48797001612291524,1.0851918839649055,2.181824307356627,-0.8912592948627823,+607 chars,7.050471608006044
-9.40054085483512,-0.06342693457856097,-0.619474474094019,-0.10132704838210749,-0.0028480339340848926,Viehbauern,9.217088189519718
-8.737713234127098,-0.3758334511744108,-0.7058241967526302,-0.06827199618713795,-0.033656834633277524,ringen,9.947612637376892
-8.737713234127098,-0.3758334511744108,-0.7058241967526302,-0.06827199618713795,-0.033656834633277524,viehbauern ring+en,9.947612637376892
-7.631320038652845,-0.8968015249916759,-0.8335648980377606,-0.017491781531044706,-0.07989970875416381,historischer,11.167172999126286
-7.631320038652845,-0.8968015249916759,-0.8335648980377606,-0.017491781531044706,-0.07989970875416381,ring+en historisch+er,11.167172999126286
32.499431052118254,-19.552198967010593,-1.9877879287309215,0.6319214852278983,-0.5890049754362956,Dürre,55.38336533578844
-5.23830696079329,-2.0212790855820844,-1.0572096226100762,0.0769111177548521,-0.16291664678161438,historisch+er dürre,13.805202375783262
-2.081572723203003,-3.5001829061839453,-1.2776164345319818,0.17732056372104138,-0.24771911224699172,dürre der,17.285028964653247
25.94124168136111,-16.518761466713265,-1.9572699930044384,0.5886836344708783,-0.560669946032911,seit,48.16016011861988
-7.379520025591368,-1.0152723133525319,-0.8601761971861059,-0.006629362105304397,-0.08963655513798867,klima+wandel seit,11.444745631671102
-7.964405018940706,-0.7400319368478474,-0.7970390533744114,-0.03224139429112905,-0.06659409692873425,Monaten,10.800003375700031
-7.964405018940706,-0.7400319368478474,-0.7970390533744114,-0.03224139429112905,-0.06659409692873425,seit monat+en,10.800003375700031
0.4184038850398224,-4.668451157589564,-1.4119629872936523,0.2427297907548056,-0.30126704874669125,anhaltende,20.04058836022236
-9.06762874757986,-0.2203619160042365,-0.6638704031796666,-0.0844600907130448,-0.01864363016236545,monat+en an+halt+end+e,9.583988870174128
5.259093099670931,-6.924925336438532,-1.6057288081060008,0.3445536514656788,-0.38209325569134545,an+halt+end+e dürre,25.375369321084953
-7.379520025591368,-1.0152723133525319,-0.8601761971861059,-0.006629362105304397,-0.08963655513798867,dürre seit,11.444745631671102
-1.4173892804634143,-3.81073520468286,-1.3163754855167356,0.19510584088077013,-0.26237279689658,Wochen,18.017122687811494
-10.192630056131645,0.3100316820804552,-0.5048128139129009,-0.14529841906783864,0.03900102901769156,seit woche+n,8.34432915494239
-10.510442493291029,0.458317441133278,-0.45702531269419616,-0.17333409530642938,0.06522615358237613,teils,7.994960811074541
-10.510442493291029,0.458317441133278,-0.45702531269419616,-0.17333409530642938,0.06522615358237613,woche+n teils,7.994960811074541
-10.629280967072404,0.5129292164283559,-0.43879627182078895,-0.18507274317002861,0.07608819296787492,teils extrem+e,7.864693039725853
-2.3145129405156055,-3.3909833030337584,-1.2663461606678592,0.16010088062600622,-0.23309844629791926,extrem+e hitze,17.028238385257943
-10.848693338219341,0.6103696557283835,-0.40529629175882165,-0.21075711736367939,0.09925353464653472,hitze zeig+t,7.625633860640785
-10.992473960673935,0.6506433080064564,-0.3895819618746569,-0.24772308943910545,0.12817426191501127,heimische,7.47889912092996
-10.992473960673935,0.6506433080064564,-0.3895819618746569,-0.24772308943910545,0.12817426191501127,zeig+t heimisch+e,7.47889912092996
23.735737085876412,-15.599921370643827,-1.9834740065691623,0.44099289035897354,-0.4655095592326408,Landwirtschaft,45.773845256109276
-10.773753211786694,0.47084580880008664,-0.44339275247237353,-0.27110219452702067,0.13281913942161502,heimisch+e land+wirtschaft,7.7517374648791195
4.437672273279514,-6.5416272016393116,-1.5811743162289535,0.3163914697599896,-0.3590816224720868,wirtschaftlichen,24.469910462092173
-11.32405619620662,0.8247970102576034,-0.32331330172430417,-0.2514851121123557,0.13748545922238234,land+wirtschaft wirtschaftlich+en,7.106332254198707
-11.183914036722008,0.7701178655433405,-0.34456191889949506,-0.22734695829536586,0.11675384780150247,Gefahr,7.255788621117397
-11.183914036722008,0.7701178655433405,-0.34456191889949506,-0.22734695829536586,0.11675384780150247,wirtschaftlich+en gefahr,7.255788621117397
-11.051831077064442,0.7071138765363294,-0.3689654475450242,-0.22087458508062682,0.10985703900020091,Davor,7.401530639770498
-10.933013256120574,0.6493662843020771,-0.3909532022627991,-0.21686703123654352,0.10513449412690898,warnten,7.533102567587084
-10.933013256120574,0.6493662843020771,-0.3909532022627991,-0.21686703123654352,0.10513449412690898,davor warn+ten,7.533102567587084
-10.673536528519264,0.5214842574240364,-0.4379905089250501,-0.20990450335418456,0.09621692878676505,Montag,7.821209373443777
-10.673536528519264,0.5214842574240364,-0.4379905089250501,-0.20990450335418456,0.09621692878676505,warn+ten montag,7.821209373443777
-10.462658053857895,0.4147380962062881,-0.4754898972534569,-0.20638423256748534,0.09043969518549852,Umwelt-,8.056565653277186
-10.462658053857895,0.4147380962062881,-0.4754898972534569,-0.20638423256748534,0.09043969518549852,montag umwelt+-,8.056565653277186
-9.799900922433714,0.045219667083513215,-0.5914142255185776,-0.20775321980739267,0.0769008527899484,Landwirtschaftsminister,8.810572278320961
-9.799900922433714,0.045219667083513215,-0.5914142255185776,-0.20775321980739267,0.0769008527899484,umwelt+- land+wirtschaft+s+minister,8.810572278320961
-9.490175305163376,-0.024448421342831317,-0.6122095485377577,-0.12498664975167101,0.017735393067119576,Norbert,9.119804099836985
-9.490175305163376,-0.024448421342831317,-0.6122095485377577,-0.12498664975167101,0.017735393067119576,land+wirtschaft+s+minister norbert,9.119804099836985
-9.145300604318901,-0.18432482786082982,-0.6556614945036735,-0.09589519236154134,-0.008454927597804474,Totschni…,9.49867615032323
-9.145300604318901,-0.18432482786082982,-0.6556614945036735,-0.09589519236154134,-0.008454927597804474,norbert totschni…,9.49867615032323
-8.51005028591256,-0.48308698007746376,-0.7336709950184047,-0.057393642753021085,-0.04366882036731326,totschni… der,10.19854851796095
-8.161939040432912,-0.6470316218887513,-0.7746249411284368,-0.041201279588853265,-0.058462357904036685,der an+halt+end+e,10.582260888228694
0.3908513296217322,-4.655587716725771,-1.4106328732337363,0.24206404280273258,-0.3007284501456291,infolge,20.010220547945394
-5.5165109705786755,-1.8907109476307218,-1.0342025163373496,0.06686722924063984,-0.15424666449477165,dürre infolge,13.498510893227476
200.1241180355818,-96.75821970619442,-0.11339286987069382,0.5636398811790295,-0.3749551699486648,Klimawandels,239.9319986919343
17.44643843537016,-12.584742132788335,-1.8733946030216038,0.5135618708701883,-0.5086560069983412,infolge klima+wandel+s,38.803002013155634
-5.770900085917269,-1.7712839799779578,-1.0125509347379618,0.05748635336727668,-0.14611599590309365,stelle,13.218072247416146
-5.770900085917269,-1.7712839799779578,-1.0125509347379618,0.05748635336727668,-0.14611599590309365,klima+wandel+s stell+e,13.218072247416146
-7.568423092791891,-0.9269776887425429,-0.8429783407283136,-0.024978927452642536,-0.07353575651528992,österreichische,11.236818863792932
-7.568423092791891,-0.9269776887425429,-0.8429783407283136,-0.024978927452642536,-0.07353575651528992,stell+e österreichisch+e,11.236818863792932
-9.799900922433714,0.045219667083513215,-0.5914142255185776,-0.20775321980739267,0.0769008527899484,österreichisch+e land+wirtschaft,8.810572278320961
2.8556090870412874,-5.804670675475469,-1.5210815212031688,0.28832621308315504,-0.33719095218016115,historische,22.726458753202266
-9.97245211529142,0.20052782122361634,-0.5444423028782299,-0.15608707344090914,0.04660317399389877,land+wirtschaft historisch+e,8.589424564829882
-10.370376971404433,0.39026873716091304,-0.4814622562327153,-0.17225387481273877,0.0631887980289205,Belastungsprobe,8.15012566999682
-10.370376971404433,0.39026873716091304,-0.4814622562327153,-0.17225387481273877,0.0631887980289205,historisch+e belastung+s+probe,8.15012566999682
-10.857370897370814,0.6214165593839436,-0.39922008740398873,-0.19515968431275615,0.08661054661475051,Totschnig,7.6130797826137595
-10.857370897370814,0.6214165593839436,-0.39922008740398873,-0.19515968431275615,0.08661054661475051,belastung+s+probe totschnig,7.6130797826137595
-11.117598897788323,0.7446405549882043,-0.35256165760623875,-0.20862980174975432,0.10048189766849605,Moosbrugger,7.326296738722387
-11.117598897788323,0.7446405549882043,-0.35256165760623875,-0.20862980174975432,0.10048189766849605,totschnig moosbrugger,7.326296738722387
-11.429417916712975,0.8920988573522779,-0.2938165406167232,-0.22580482894328302,0.11834476146125081,gemeinsamen,6.982809185307711
-11.429417916712975,0.8920988573522779,-0.2938165406167232,-0.22580482894328302,0.11834476146125081,moosbrugger gemeinsam+en,6.982809185307711
-11.577172480958062,0.9619039175705337,-0.2648011754345346,-0.23432066524122228,0.12728904315726494,Aussendung,6.820105243461051
-11.577172480958062,0.9619039175705337,-0.2648011754345346,-0.23432066524122228,0.12728904315726494,gemeinsam+en aussendung,6.820105243461051
-11.748705573341025,1.0428883449323405,-0.23008862174615258,-0.24450287932700077,0.13806896743159305,erste,6.631264162307947
-11.748705573341025,1.0428883449323405,-0.23008862174615258,-0.24450287932700077,0.13806896743159305,der erst+e,6.631264162307947
-11.843898422096638,1.0878045883813101,-0.21032314940352542,-0.2502886598540999,0.14423868227634337,+3900,6.526489032927541
-11.843898422096638,1.0878045883813101,-0.21032314940352542,-0.2502886598540999,0.14423868227634337,erst+e +3900,6.526489032927541
-11.897247109418934,1.1129682601177904,-0.199083069167785,-0.2535729185850897,0.14775586441343405,+3900 chars,6.467777603873589
-13.476744726402277,0.753448488097328,1.224490709426322,1.6352352403733772,-0.5471732279192671,220.000,5.198084664331461
-14.345628120508199,1.6489356990603303,1.2861198101538676,1.0645402137479116,-0.19404580924211495,energie+wende 220.000,4.041237189719227
-13.666526584539715,0.9401778784926096,1.2415481672941466,1.533067979317446,-0.4803636300058175,Balkonkraftwerke,4.949010896096612
-13.666526584539715,0.9401778784926096,1.2415481672941466,1.533067979317446,-0.4803636300058175,220.000 balkon+kraft+werk+e,4.949010896096612
-13.837752706377588,1.1127259701414558,1.2559592169427642,1.4321869222982426,-0.41586816549396144,Bayern,4.7226355291405495
-14.660385956769977,1.9982555302027591,1.2817449389536102,0.7543695561389693,-0.024129191712586207,balkon+kraft+werk+e bayern,3.61193954247549
-14.671913343037353,2.0112019246157544,1.2809206009733007,0.7411623819777445,-0.017257157931693218,bayern hier,3.596151954975695
-14.589847870751022,1.91917555107146,1.2855214828083736,0.8318942872711537,-0.06506930049180991,sie 220.000,3.7084829039989637
-14.744719552333256,2.0930186171001326,1.2741400187396932,0.6538564754162521,0.02741792360125528,balkon+kraft+werk+e bayer+n,3.496411089759129
-14.815889313098072,2.1728507128234917,1.264411281262905,0.5612236225243591,0.07339022625933705,bayern inzwischen,3.3989551897069177
-14.839963212768398,2.199753880130771,1.260290763938009,0.5280352128345482,0.08950422057787,inzwischen mehr,3.366026317436833
-14.857026284050832,2.2187739319909414,1.2570830641691018,0.5038909994375681,0.10110909707382446,mehr 220.000,3.342705128497311
-14.899450863139217,2.265833819359245,1.2479715613718465,0.4414644378196587,0.13065601625843867,Betrieb,3.2848081971938248
-14.899450863139217,2.265833819359245,1.2479715613718465,0.4414644378196587,0.13065601625843867,balkon+kraft+werk+e betrieb,3.2848081971938248
-4.7931251457629145,-2.153682588023167,0.6456428456207324,0.5588157255851123,1.9300376449799153,geht,14.304146188321374
-12.238746727147863,1.2521877167082271,0.24360677056499203,0.35022471335180066,-0.016439353177973404,der geh+t,6.104689666488382
-14.925018664814328,2.293990897749361,1.2416164861647792,0.40206540994504497,0.14896546459318896,aktuellen,3.2499940092335526
-14.925018664814328,2.293990897749361,1.2416164861647792,0.40206540994504497,0.14896546459318896,geh+t aktuell+en,3.2499940092335526
-8.174125098003849,-0.6331232178403923,1.1410865804868118,-0.9210793955496098,-1.2914312732550166,Zahlen,10.602442798770493
-14.93505098878501,2.3049875618633147,1.2389284545477823,0.3862149312498885,0.15625804201584056,aktuell+en zahl+en,3.2363534853857105
-14.945165153420808,2.3160408550821856,1.2361013597140262,0.37000260266535184,0.16367369227685333,Marktstammdatenregisters,3.2226144753933053
-14.945165153420808,2.3160408550821856,1.2361013597140262,0.37000260266535184,0.16367369227685333,zahl+en markt+stamm+dat+en+register+s,3.2226144753933053
-14.965228701556953,2.337858792695609,1.2301277322965436,0.33712477685275943,0.17857803765521477,hervor,3.195402365162362
-14.965228701556953,2.337858792695609,1.2301277322965436,0.33712477685275943,0.17857803765521477,markt+stamm+dat+en+register+s hervor,3.195402365162362
-10.011264737513532,0.2392410729371175,-0.27808952609161053,0.29072792382059115,-0.09139821227530566,dpa,8.540562713928718
-14.976352739520696,2.349886862755749,1.2265954258515366,0.3184686953533489,0.1869557047278206,hervor dpa,3.18034154441247
-14.97895862350213,2.3526968634074708,1.2257442786195352,0.31405287647528196,0.18893026208386285,ausgewertet,3.1768164202773415
-14.97895862350213,2.3526968634074708,1.2257442786195352,0.31405287647528196,0.18893026208386285,dpa aus+ge+wert+et,3.1768164202773415
-14.989349679485308,2.3638712847340106,1.2222581944409203,0.2962688507228342,0.19685002332535276,Zusammen,3.1627717576987635
-6.884634970327594,-1.225302003580926,-0.7263244692965694,0.32006217672416787,-0.19158622632799918,kommen,11.982717503853822
-14.994446129923668,2.369333339600609,1.220493328653131,0.2874418425304994,0.20076168714501066,zusammen komm+en,3.1558905907683403
-15.000338355792255,2.375632241638955,1.2184064950325277,0.2771489726055643,0.20530684713656086,Anlagen,3.147941221764266
-15.000338355792255,2.375632241638955,1.2184064950325277,0.2771489726055643,0.20530684713656086,komm+en anlage+n,3.147941221764266
-15.004410498740652,2.3799750618111837,1.2169346416848912,0.2699798164980947,0.20846240965495852,auf…,3.142451427190391
-15.004410498740652,2.3799750618111837,1.2169346416848912,0.2699798164980947,0.20846240965495852,anlage+n auf…,3.142451427190391
-15.007355462437829,2.3831103400189217,1.2158548603955486,0.26476636373641793,0.21075189438990735,+1165,3.1384833440680273
-15.007355462437829,2.3831103400189217,1.2158548603955486,0.26476636373641793,0.21075189438990735,auf… +1165,3.1384833440680273
-15.010212232070746,2.3861472669963835,1.2147949568167296,0.2596857649628209,0.21297878205628887,+1165 chars,3.1346358352707018
-13.333680843655337,0.6156386788159858,1.2111832647004868,1.706577320387931,-0.594683901236935,Batteriespeicher,5.384647384840783
17.82299098003804,-12.511554632213496,1.3554068305641425,-0.2378438506367076,0.37045096336736616,Ein,39.18528058548189
-14.963006864622049,2.335450274012733,1.2308140088886068,0.34081387239227195,0.17691460729040734,batterie+speicher ein,3.1984128846106668
-14.959971374334323,2.332156570310245,1.2317414572287522,0.3458342645524021,0.17464726906262626,Heimspeicher,3.2025271089354117
-14.959971374334323,2.332156570310245,1.2317414572287522,0.3458342645524021,0.17464726906262626,ein heim+speicher,3.2025271089354117
-14.936957655727626,2.3070738845916,1.238404631698803,0.38317672754871623,0.15765107969604228,Hause,3.2337624701461545
-14.936957655727626,2.3070738845916,1.238404631698803,0.38317672754871623,0.15765107969604228,heim+speicher haus+e,3.2337624701461545
-14.93114078053027,2.3007052419986733,1.239989673991121,0.39241979830028867,0.15340827652878422,haus+e installier+t,3.2416685802950385
-14.912904196017582,2.2806718075893215,1.2447140263468561,0.42090825065270143,0.14024139143826134,Batteriehersteller,3.266481023760462
-14.912904196017582,2.2806718075893215,1.2447140263468561,0.42090825065270143,0.14024139143826134,installier+t batterie+hersteller,3.266481023760462
-14.604272158136414,1.9353219148998366,1.284914842959948,0.8164810482486411,-0.056847887344760345,USA,3.6887516355470344
-14.878433791465287,2.242566518428597,1.252696980504906,0.47283175050445025,0.11589209213037108,batterie+hersteller usa,3.3134726733844957
-14.872203628761115,2.235651143359398,1.2540165250685993,0.4819614030997559,0.1115637026095053,vertreiben,3.321976721063402
-14.872203628761115,2.235651143359398,1.2540165250685993,0.4819614030997559,0.1115637026095053,usa vertreib+en,3.321976721063402
-14.853411023897632,2.2147478437591337,1.2577834433716308,0.5090509491883088,0.09863730399330045,Akkus,3.3476448994315797
-14.853411023897632,2.2147478437591337,1.2577834433716308,0.5090509491883088,0.09863730399330045,vertreib+en akku+s,3.3476448994315797
-14.831663689717702,2.1904871617858914,1.261763360671216,0.5395903854531217,0.08391513935366321,außerhalb,3.377375556200451
-14.831663689717702,2.1904871617858914,1.261763360671216,0.5395903854531217,0.08391513935366321,akku+s außerhalb,3.377375556200451
-14.195537685113447,1.6068279195336355,1.1861515891159902,0.9591852158901308,-0.1067074075468523,eigenen,4.194540952094192
-14.798245272009906,2.1530925883397978,1.2671492844007226,0.5849271943730346,0.06176631168808372,außerhalb eigen+en,3.423104086799154
-14.775250641513137,2.1273042804732736,1.2703843078248165,0.6150708584519932,0.04684545228676215,Stromzählers,3.4545900613844838
-14.775250641513137,2.1273042804732736,1.2703843078248165,0.6150708584519932,0.04684545228676215,eigen+en strom+zähler+s,3.4545900613844838
-14.729130383626707,2.075500905079536,1.2758372873603043,0.673143979967211,0.017660881131567135,angeschlossen,3.517768412054285
-14.729130383626707,2.075500905079536,1.2758372873603043,0.673143979967211,0.017660881131567135,strom+zähler+s an+ge+schließ+en,3.517768412054285
-14.57232787863847,1.8995848299400688,1.2861534010989266,0.8503286501858265,-0.0749553903308997,ergibt,3.732439840467684
-14.57232787863847,1.8995848299400688,1.2861534010989266,0.8503286501858265,-0.0749553903308997,der ergeb+t,3.732439840467684
-2.928509519836018,-3.0759760174188733,-0.8930446191607013,0.7082404749725082,-0.38292862422573476,gleich,16.34318176716222
-14.497198038750533,1.8158835334519874,1.2876848476865863,0.926044379738845,-0.11616657090360154,ergeb+t gleich,3.8350420213044734
-14.387602235357416,1.6948819334674248,1.2870762896613228,1.0278995409981155,-0.17313051751779593,mehrfach,3.984254359978155
-14.387602235357416,1.6948819334674248,1.2870762896613228,1.0278995409981155,-0.17313051751779593,gleich mehrfach,3.984254359978155
-14.121557781589338,1.4077888908791767,1.27612780747085,1.2418841405366898,-0.2983800940898749,Sinn,4.343733036762282
-14.121557781589338,1.4077888908791767,1.27612780747085,1.2418841405366898,-0.2983800940898749,mehrfach sinn,4.343733036762282
-13.56415971680594,0.8388862154859016,1.2324541930684665,1.5893221333032401,-0.516967571513414,Akku,5.083591100278667
-13.56415971680594,0.8388862154859016,1.2324541930684665,1.5893221333032401,-0.516967571513414,energie+wende akku,5.083591100278667
-13.7688046584519,1.0427652607835896,1.2503009320746925,1.4739056470092018,-0.44235873295193096,akku besuch+en,4.813985792399281
58.780051055877095,-31.68609069791242,-1.932570462340144,0.7281413534641263,-0.638495795323723,folge+n klima+wandel+s,84.32395046928866
-0.5108531546898583,-4.234465969437082,-1.3653670700696239,0.2196344122312287,-0.28250588441746577,Wassermangel,19.016362795199697
-6.004747898606384,-1.6614698653166098,-0.9921069944796198,0.04869147745779099,-0.13846370068320163,klima+wandel+s wasser+mangel,12.960278137418555
-3.6262603786875385,-2.7770858787336854,-1.1782217473896317,0.13106593350570722,-0.20906236900162525,Berghütten,15.58228528722887
-3.6262603786875385,-2.7770858787336854,-1.1782217473896317,0.13106593350570722,-0.20906236900162525,wasser+mangel berg+hütte+n,15.58228528722887
-4.9265714853060665,-2.1675366931576665,-1.0821950150847186,0.08790807250465324,-0.17236825664848027,Heli,14.148857459321722
-4.9265714853060665,-2.1675366931576665,-1.0821950150847186,0.08790807250465324,-0.17236825664848027,berg+hütte+n heli,14.148857459321722
-5.311484497180974,-1.9869389503455643,-1.0512241662051507,0.07429057513983325,-0.1606580524291286,liefert,13.724531718889567
-5.311484497180974,-1.9869389503455643,-1.0512241662051507,0.07429057513983325,-0.1606580524291286,heli liefer+t,13.724531718889567
-5.8389025904326335,-1.739353280849432,-1.0066602888974663,0.05494600089948563,-0.14390863180590724,Trinkwasser,13.143106209212197
-5.8389025904326335,-1.739353280849432,-1.0066602888974663,0.05494600089948563,-0.14390863180590724,liefer+t trink+wasser,13.143106209212197
-9.76640920680107,0.10909552150289592,-0.5680826190509192,-0.12051298076914951,0.015320633990479032,trink+wasser hier,8.813904488964747
-5.23830696079329,-2.0212790855820844,-1.0572096226100762,0.0769111177548521,-0.16291664678161438,thema folge+n,13.805202375783262
-8.42822542461201,-0.5216286135613775,-0.7434699578882644,-0.05354032814232343,-0.04720092240547001,sie wasser+mangel,10.288740018464392
-8.340304331552698,-0.5630377661906651,-0.7538791890132862,-0.04943257071300793,-0.05095816402656343,Hütten,10.38565219520398
-10.85705120466177,0.6235598763181445,-0.39588628484287053,-0.18212805847811264,0.07530863275856275,der hütte+n,7.612384618902192
11.222338138527729,-9.589567659812888,-0.10306358392460897,-0.8643001067195281,-1.5351174083116716,Deutschen,31.93591239636021
-11.063890735942529,0.7211224101058322,-0.359472829076202,-0.194625527977753,0.08782145774304101,hütte+n deutsch+en,7.384604742602292
-11.227431843770585,0.7982499712377851,-0.3297024244846059,-0.20470364209185632,0.09800735328666463,Alpenvereins,7.204533944192927
-11.227431843770585,0.7982499712377851,-0.3297024244846059,-0.20470364209185632,0.09800735328666463,deutsch+en alpen+verein+s,7.204533944192927
-11.425837554743962,0.8917988337306344,-0.2923511529252761,-0.21716988315101662,0.110731129029816,DAV,6.9861114052457145
-11.425837554743962,0.8917988337306344,-0.2923511529252761,-0.21716988315101662,0.110731129029816,alpen+verein+s dav,6.9861114052457145
-11.227431843770585,0.7982499712377851,-0.3297024244846059,-0.20470364209185632,0.09800735328666463,Alpen,7.204533944192927
-11.227431843770585,0.7982499712377851,-0.3297024244846059,-0.20470364209185632,0.09800735328666463,dav alpen,7.204533944192927
-11.694061113429925,1.0182133511171063,-0.23954914785359988,-0.23445266559829933,0.1286127250300134,massiv,6.6909016950154
-11.694061113429925,1.0182133511171063,-0.23954914785359988,-0.23445266559829933,0.1286127250300134,alpen massiv,6.6909016950154
-11.803075728810228,1.0695686160544753,-0.21727945353554254,-0.241621713411802,0.13611760135496517,Wasserknappheit,6.570947152204942
-11.803075728810228,1.0695686160544753,-0.21727945353554254,-0.241621713411802,0.13611760135496517,massiv wasser+knappheit,6.570947152204942
-11.944461095537857,1.1361474179931172,-0.1876568178210009,-0.25104685466533644,0.1460667298450453,betroffen,6.415400821374993
-11.944461095537857,1.1361474179931172,-0.1876568178210009,-0.25104685466533644,0.1460667298450453,wasser+knappheit betreff+en,6.415400821374993
-4.087882888150931,-2.5607837699870064,-1.145555161916717,0.11622204134729389,-0.19651180170629587,Wir,15.073410921795288
6.87384502535037,-7.6616852057956315,-1.587571738823838,0.4863568363469818,-0.4333538543794566,fast,27.149349303293363
-12.139994246743811,1.2281658870540726,-0.1452355632593372,-0.26432265685163736,0.1602478072778906,wir fast,6.200340516330994
-12.212520628006011,1.2622764396904778,-0.1290496553747209,-0.2693190478697747,0.16563804839760685,fast hütte+n,6.120589918409267
-9.377767021514606,-0.07416405976466844,-0.622581008294676,-0.10015563239753478,-0.0039502682499731046,derzeit,9.242186155994675
-12.256020894182917,1.2827293910158564,-0.11921979548501187,-0.27233474695831406,0.1689060704623769,hütte+n derzeit,6.072761934234146
-12.303438164236823,1.3050185087515134,-0.10839858389776473,-0.2756382543718605,0.17249885994100259,Mangellagen,6.020631944401606
-12.303438164236823,1.3050185087515134,-0.10839858389776473,-0.2756382543718605,0.17249885994100259,derzeit mangel+lage+n,6.020631944401606
-12.44778012386973,1.372829321882516,-0.07475484720514292,-0.2857995048374895,0.1836369112019758,unterschiedlichsten,5.861976138678642
-12.44778012386973,1.372829321882516,-0.07475484720514292,-0.2857995048374895,0.1836369112019758,mangel+lage+n unterschiedlich+st+en,5.861976138678642
2.5281012783837653,-5.652689595867148,-1.5054605964668875,0.2905718335704958,-0.33962900547328245,Maßnahmen,22.36574802936718
-12.541615819762924,1.4168773503835608,-0.05229384358858858,-0.29249079100058384,0.19104588003671577,unterschiedlich+st+en maßnahme+n,5.758863043303343
-12.601803595475635,1.4451140493059351,-0.03763259708575056,-0.2968184258910895,0.19587044916262306,+3998,5.692737140122905
-12.601803595475635,1.4451140493059351,-0.03763259708575056,-0.2968184258910895,0.19587044916262306,maßnahme+n +3998,5.692737140122905
-12.62636301947402,1.4566319880295868,-0.03159161751182046,-0.29859235618742247,0.1978556993106035,+3998 chars,5.665757640618991
-14.976352739520696,2.349886862755749,1.2265954258515366,0.3184686953533489,0.1869557047278206,hitze wenig+er,3.18034154441247
-12.008333090041848,-0.4247097924589207,1.07691849564094,2.1404144005412444,-0.8410475761112326,Strom,7.0168164016113135
-14.97093714967317,2.344037652519492,1.2283353397993193,0.3275901736742789,0.18286680945863878,wenig+er strom,3.1876711791631305
-14.963752590669541,2.336258877401895,1.2305843737345374,0.3395770453192799,0.1774725493770554,Wasserkraftwerken,3.197402363556515
-14.963752590669541,2.336258877401895,1.2305843737345374,0.3395770453192799,0.1774725493770554,strom wasser+kraft+werk+en,3.197402363556515
8.879176881003836,-8.589656615149783,-1.619067639943493,0.5579711931111248,-0.4688889881057643,wegen,29.357361613905987
-14.949480017627183,2.3207456298538642,1.234858413889684,0.36301349069841915,0.1668570592007683,wasser+kraft+werk+en wegen,3.216757351300039
13.793462125376216,-10.861679401641268,-1.6705383893802768,0.714354138262828,-0.5422077276116178,Trockenheit,34.76815208064722
-14.944281948871438,2.3150770305141073,1.2363530282143922,0.37142779105173296,0.1630235562275226,wegen trockenheit,3.2238136769813597
-14.933112341854171,2.302865036388761,1.2394567790989033,0.38929558784135665,0.15484396517571905,trockenheit der,3.2389884265956956
-14.944281948871438,2.3150770305141073,1.2363530282143922,0.37142779105173296,0.1630235562275226,der trockenheit,3.2238136769813597
-14.905747951119917,2.2727848548512917,1.2464701562485185,0.4318902521981062,0.13512931730114489,trockenheit folge+n,3.276227573967331
-14.885827405795409,2.250762953213072,1.2510835835315892,0.46189828400607,0.12105711238431285,Stromerzeugung,3.3033844848425415
-14.885827405795409,2.250762953213072,1.2510835835315892,0.46189828400607,0.12105711238431285,folge+n strom+erzeugung,3.3033844848425415
-9.945217037361122,0.2009382088513001,-0.21813412037915014,0.41318171221018607,-0.13111311101230289,Flüsse,8.616987569483678
-14.847804889145412,2.2085004859055335,1.258847258516803,0.5170049306375903,0.09481820894396839,führen,3.3553065040660854
-14.847804889145412,2.2085004859055335,1.258847258516803,0.5170049306375903,0.09481820894396839,fluss+e führ+en,3.3553065040660854
-14.833784001356864,2.1928554432317013,1.2613924634173004,0.5366498563985134,0.08533959165278615,führ+en wenig+er,3.3744757940838905
-14.815889313098072,2.1728507128234917,1.264411281262905,0.5612236225243591,0.07339022625933705,wenig+er wasser,3.3989551897069177
-14.795549327352749,2.150071136206634,1.26754764914395,0.5885044111931644,0.060003751019832546,Laufwasserkraftwerke,3.426794852537908
-14.795549327352749,2.150071136206634,1.26754764914395,0.5885044111931644,0.060003751019832546,wasser lauf+wasser+kraft+werk+e,3.426794852537908
-14.660385956769977,1.9982555302027591,1.2817449389536102,0.7543695561389693,-0.024129191712586207,lauf+wasser+kraft+werk+e mehr,3.61193954247549
-14.259428411278687,1.5553256937003632,1.2831424981132376,1.1361711359412483,-0.2355732564420436,mehr strom,4.157951909581062
-14.497198038750533,1.8158835334519874,1.2876848476865863,0.926044379738845,-0.11616657090360154,produzieren,3.8350420213044734
-14.497198038750533,1.8158835334519874,1.2876848476865863,0.926044379738845,-0.11616657090360154,strom produzier+en,3.8350420213044734
-13.297438928242983,0.5811117690472489,1.207773438140291,1.723959933260237,-0.60636407257275,Energie,5.431753116173846
-11.90560419914574,-0.6490489870879994,1.0785554318154107,2.24690524025981,-0.9751227313259062,energie energie+wende,7.202036095087659
-14.31093328747808,1.726664026052275,1.1562456479981256,0.8058656783920781,-0.030712273142258134,Energieträger,4.040295176417329
-14.5928847939972,2.007453678288586,1.1400707502912402,0.524410550096672,0.10601191897677806,energie+träger der,3.668744241811834
-14.577658203822981,1.9922053178000447,1.1380325635103348,0.5350212103906081,0.10062316198081125,Wasserstoff-Boom,3.688822530884713
-14.577658203822981,1.9922053178000447,1.1380325635103348,0.5350212103906081,0.10062316198081125,der wasser+stoff+-+boom,3.688822530884713
0.1710463463102414,-4.524903237802418,-1.2221726410710672,0.5265384614287253,-0.36114783268450534,lässt,19.758290120112846
-14.494103846480197,1.9081917465193108,1.1239984232719582,0.5871242958463692,0.07297048251499141,wasser+stoff+-+boom lass+st,3.7991223395543168
-14.253210882771459,1.6623077478056216,1.061653761647593,0.6894820094459218,0.0072989469394204864,warten,4.118498093627742
-14.253210882771459,1.6623077478056216,1.061653761647593,0.6894820094459218,0.0072989469394204864,lass+st wart+en,4.118498093627742
-13.969649383342043,1.3689094434873197,0.9692357632902958,0.760063406606577,-0.057583886560232236,wart+en industrie,4.495977174274329
-14.271519757751634,1.6874232477867785,1.1125605212342524,0.7614776887430542,-0.01637525895507383,Wissenschaft,4.091919306959471
-14.271519757751634,1.6874232477867785,1.1125605212342524,0.7614776887430542,-0.01637525895507383,industrie wissenschaft,4.091919306959471
-14.274434488932322,1.6894584781037372,1.166169171174723,0.8551947738470269,-0.05459259457723947,ernüchtert,4.088799823920195
-14.274434488932322,1.6894584781037372,1.166169171174723,0.8551947738470269,-0.05459259457723947,wissenschaft ernüchter+t,4.088799823920195
-14.5928847939972,2.007453678288586,1.1400707502912402,0.524410550096672,0.10601191897677806,ernüchter+t der,3.668744241811834
-14.151027995392518,1.559646276325612,1.1940620955244088,1.0114664122872146,-0.13403735184070073,Hoffnungsträger,4.25440417937029
-14.151027995392518,1.559646276325612,1.1940620955244088,1.0114664122872146,-0.13403735184070073,der hoffnung+s+träger,4.25440417937029
-13.186759077872368,0.6098997079762172,1.1689522090265232,1.6663118409873334,-0.5211173861941557,hoffnung+s+träger energie+wende,5.520685961979787
-14.195849739248127,1.5949125902703698,1.2147690554765274,1.0160832343904065,-0.13649748907761458,teurer,4.199309158342073
-14.195849739248127,1.5949125902703698,1.2147690554765274,1.0160832343904065,-0.13649748907761458,energie+wende teuer+er,4.199309158342073
-14.30887198398369,1.7104471209016112,1.2132968229654906,0.9166642049323036,-0.08361691294358334,knapper,4.049174610066419
-14.30887198398369,1.7104471209016112,1.2132968229654906,0.9166642049323036,-0.08361691294358334,teuer+er knapp+er,4.049174610066419
-14.420163692682406,1.8245894272893306,1.2095885862010307,0.8114159261464674,-0.02934425494198431,später,3.9011783727171725
-14.420163692682406,1.8245894272893306,1.2095885862010307,0.8114159261464674,-0.02934425494198431,knapp+er spät+er,3.9011783727171725
-14.467570752365171,1.8732327249519376,1.2072514125448608,0.7642165151957797,-0.005569920578443549,verfügbar,3.8381248460547583
-14.467570752365171,1.8732327249519376,1.2072514125448608,0.7642165151957797,-0.005569920578443549,spät+er verfüg+bar,3.8381248460547583
-14.54043390504166,1.9479124509642654,1.2026928155056662,0.6887586929677616,0.03171866867070386,ursprünglich,3.7412443429228217
-14.54043390504166,1.9479124509642654,1.2026928155056662,0.6887586929677616,0.03171866867070386,verfüg+bar ursprünglich,3.7412443429228217
-14.591470163522851,2.0000933036401007,1.198749137557539,0.6337073271977819,0.0583677913292352,erhofft,3.6734348464400597
-14.591470163522851,2.0000933036401007,1.198749137557539,0.6337073271977819,0.0583677913292352,ursprünglich erhoff+t,3.6734348464400597
-10.300933075358705,0.3530486194664473,-0.12052649045197328,0.46034506007420894,-0.11728205853639351,Überblick,8.232252897454206
-14.635154972723578,2.0446252874860633,1.1948404259576435,0.5850754010927097,0.0815210836074941,ein überblick,3.615444961136207
-14.682120190075874,2.092316129284312,1.1900428564971297,0.5311591731763357,0.10676469335237679,großen,3.553173666987216
-14.682120190075874,2.092316129284312,1.1900428564971297,0.5311591731763357,0.10676469335237679,überblick groß+en,3.553173666987216
-14.696824392446054,2.107199439216023,1.1884049150141514,0.5139160884788956,0.1147434003308048,Probleme,3.5336963884063213
-14.696824392446054,2.107199439216023,1.1884049150141514,0.5139160884788956,0.1147434003308048,groß+en problem+e,3.5336963884063213
-14.719536117971202,2.1301355958944406,1.185739561020803,0.4869299433394241,0.127138308094519,Hochlauf,3.5036330239243156
-14.719536117971202,2.1301355958944406,1.185739561020803,0.4869299433394241,0.127138308094519,problem+e hoch+lauf,3.5036330239243156
-14.759038866616626,2.1698567353333305,1.1806867271598054,0.43893147073559985,0.1489059092828888,allzu,3.4514118269218725
-14.759038866616626,2.1698567353333305,1.1806867271598054,0.43893147073559985,0.1489059092828888,noch allzu,3.4514118269218725
-14.767281677044336,2.1781142619817397,1.179561449680642,0.428739358231626,0.15348209488814066,langer,3.440527399938375
-14.767281677044336,2.1781142619817397,1.179561449680642,0.428739358231626,0.15348209488814066,allzu lang+er,3.440527399938375
-14.776400303171396,2.1872355986270997,1.178286573425829,0.41739092244296916,0.1585584548703106,Zeit,3.428491877592453
-14.776400303171396,2.1872355986270997,1.178286573425829,0.41739092244296916,0.1585584548703106,lang+er zeit,3.428491877592453
-13.897980764075584,1.2658000419441624,1.233069255530626,1.3018031639539964,-0.303540769761627,Wasserstoff,4.605161064155607
-14.7874127070391,2.198231411879137,1.176703719589443,0.4035810437801604,0.16470881279995445,zeit wasser+stoff,3.4139646922001408
-14.811470300390694,2.222171784075473,1.1730740999505618,0.37300274120271665,0.1782212369621721,meistgehypten,3.382260961241122
-14.811470300390694,2.222171784075473,1.1730740999505618,0.37300274120271665,0.1782212369621721,wasser+stoff meistgehypt+en,3.382260961241122
-14.825017706728662,2.235600499570105,1.1709212553054382,0.3555280566674162,0.18587754394639702,Themen,3.3644287963157753
-14.825017706728662,2.235600499570105,1.1709212553054382,0.3555280566674162,0.18587754394639702,meistgehypt+en thema+en,3.3644287963157753
-14.83485925645864,2.245330254258022,1.1693056218742692,0.34271432930141427,0.19146128009329103,Energiewirtschaft,3.351484749372501
-14.83485925645864,2.245330254258022,1.1693056218742692,0.34271432930141427,0.19146128009329103,thema+en energie+wirtschaft,3.351484749372501
-14.536182721937058,1.9345078695508537,2.3609823175228173,-0.678034544425294,-0.8011896159919346,besten,3.7765512366002767
-14.85576529848753,2.265922458863381,1.1657221831028193,0.3151508866450766,0.20338491398070277,der gut+en,3.3240185760944225
-10.916502382210147,0.627090841580876,1.3003750898447832,-0.8089724144597737,-0.9875126696354629,Fall,7.589203109804975
-14.86090411761101,2.2709673597222295,1.1648085655774896,0.30830214013700963,0.20632904806678928,gut+en fall,3.3172739175953847
-14.864461870864119,2.2744560383739163,1.1641682088852414,0.3035431764575559,0.20837047219324764,klimafreundliche,3.3126060080704987
-14.864461870864119,2.2744560383739163,1.1641682088852414,0.3035431764575559,0.20837047219324764,fall klima+freundlich+e,3.3126060080704987
-14.875911980254983,2.285660647655726,1.1620628062256304,0.28812909840916057,0.21495801566716297,klima+freundlich+e energie+träger,3.297592253869235
-11.66975376965155,1.003039687094879,0.036644870071289345,0.23272476264027903,0.007399083576762278,gilt,6.722224623643775
-14.884663656497635,2.2941999580434755,1.1604065266587613,0.276244842198101,0.2200113806180715,energie+träger gelt,3.2861266119877195
-14.892873395089685,2.3021901722847247,1.1588145146009143,0.2650136712124362,0.2247665073205535,direkte,3.2753790496823827
-14.892873395089685,2.3021901722847247,1.1588145146009143,0.2650136712124362,0.2247665073205535,gelt direkt+e,3.2753790496823827
-14.897343050351708,2.3065317795333025,1.1579317900832558,0.2588647392890558,0.22736142131480433,Elektrifizierung,3.2695311140075907
-14.897343050351708,2.3065317795333025,1.1579317900832558,0.2588647392890558,0.22736142131480433,direkt+e elektrifizierung,3.2695311140075907
-14.906355066163275,2.315266729562751,1.1561168368590957,0.24639196625836352,0.232606659150457,technis…,3.2577476339944296
-14.906355066163275,2.315266729562751,1.1561168368590957,0.24639196625836352,0.232606659150457,elektrifizierung technis…,3.2577476339944296
-14.911372174759874,2.3201183473299283,1.1550856160227745,0.2394041442642117,0.23553450111731408,+6600,3.251192089417068
-14.911372174759874,2.3201183473299283,1.1550856160227745,0.2394041442642117,0.23553450111731408,technis… +6600,3.251192089417068
-14.91428889494858,2.322935068335015,1.1544791288202068,0.235327043857812,0.23723919510126315,+6600 char+s,3.24738250040798
-8.646858042826782,-0.6081632101481365,0.024752505687183193,1.2173694380121445,-0.4571750103279675,Polen,10.133518910761586
-14.387602235357416,1.6948819334674248,1.2870762896613228,1.0278995409981155,-0.17313051751779593,energie+wende polen,3.984254359978155
-14.247631006417295,1.5425946475703047,1.2826414339609598,1.1456226946217367,-0.24111534344550017,Sonne,4.173892566018554
-14.497198038750533,1.8158835334519874,1.2876848476865863,0.926044379738845,-0.11616657090360154,polen sonne,3.8350420213044734
4.997054273844363,-6.766901591624059,-1.2408492463155036,0.9365106106405668,-0.5449621482017976,Wind,25.075191002114096
-14.57232787863847,1.8995848299400688,1.2861534010989266,0.8503286501858265,-0.0749553903308997,sonne wind,3.732439840467684
-14.457015048659223,1.7713542092661845,1.287812157716781,0.9644941126665975,-0.13746558209240894,Kernkraft,3.8898186348977966
-14.641695119136653,1.977274912003999,1.2829514251038272,0.7754515044955023,-0.035160596703235084,wind kern+kraft,3.637532861717138
-14.480076864677644,1.7968885057786474,1.2877930333968834,0.9425919165986258,-0.12530244871307716,Polens,3.8583904137898672
-14.716441596695894,2.061239908987473,1.277115461370046,0.6885964364187948,0.009797847861511916,kern+kraft polen+s,3.535152655159692
-14.744719552333256,2.0930186171001326,1.2741400187396932,0.6538564754162521,0.02741792360125528,Energiemarkt,3.496411089759129
-14.744719552333256,2.0930186171001326,1.2741400187396932,0.6538564754162521,0.02741792360125528,polen+s energie+markt,3.496411089759129
-14.787168480783587,2.140674730385375,1.268753248256177,0.5995510544036872,0.05454704766192103,energie+markt der,3.4382695992087013
-14.798245272009906,2.1530925883397978,1.2671492844007226,0.5849271943730346,0.06176631168808372,Kohleland,3.423104086799154
-14.798245272009906,2.1530925883397978,1.2671492844007226,0.5849271943730346,0.06176631168808372,der kohle+land,3.423104086799154
-14.387602235357416,1.6948819334674248,1.2870762896613228,1.0278995409981155,-0.17313051751779593,kohle+land polen,3.984254359978155
-14.835873522831426,2.195188753849642,1.2610234015749697,0.5337443225279636,0.08674564426808476,baut,3.371618357456893
-14.835873522831426,2.195188753849642,1.2610234015749697,0.5337443225279636,0.08674564426808476,polen bau+t,3.371618357456893
-14.601137901162303,1.9318122183799595,1.2850534820578452,0.8198486713183993,-0.058640713527508256,erneuerbare,3.6930395880822298
-14.845885012194477,2.2063598963008477,1.259205431168169,0.5197157034257377,0.09351417621250876,bau+t erneuer+bar+e,3.357930718927161
-13.685058313463516,0.958661640532045,1.2431616698932115,1.5225768107595945,-0.47358722149184374,erneuer+bar+e energie+n,4.924587977901092
-14.894175158433084,2.26000272780461,1.249198499664068,0.4494223649939591,0.12692611642725507,Bevölkerung,3.2919999304107215
-14.894175158433084,2.26000272780461,1.249198499664068,0.4494223649939591,0.12692611642725507,der bevölkerung,3.2919999304107215
-11.253381086907279,0.8068691040387352,0.009157165401847647,0.35457656510776275,-0.06158249767140399,unterstützt,7.180814940201962
-14.909378214305626,2.276787497510791,1.2455860054504733,0.426332856070809,0.13771879565598963,bevölkerung unter+stütz+t,3.2712826306454437
-14.92709497884508,2.2962693556720852,1.2410694556997732,0.39880349828030753,0.15046965822262223,neuerdings,3.2471699441086637
-14.92709497884508,2.2962693556720852,1.2410694556997732,0.39880349828030753,0.15046965822262223,unter+stütz+t neuerdings,3.2471699441086637
-14.948630236730997,2.3198195837632998,1.2351049752339578,0.3643934257311139,0.1662291770293803,Bedingung,3.2179106656251824
-14.948630236730997,2.3198195837632998,1.2351049752339578,0.3643934257311139,0.1662291770293803,neuerdings bedingung,3.2179106656251824
-14.959971374334323,2.332156570310245,1.2317414572287522,0.3458342645524021,0.17464726906262626,Versorgungssicherheit,3.2025271089354117
-14.959971374334323,2.332156570310245,1.2317414572287522,0.3458342645524021,0.17464726906262626,bedingung versorgung+s+sicherheit,3.2025271089354117
-14.976352739520696,2.349886862755749,1.2265954258515366,0.3184686953533489,0.1869557047278206,Anfang,3.18034154441247
-14.98087082077873,2.354756924456211,1.225113877154988,0.3108013960103682,0.19038212710455435,Juli,3.1742304307805247
-14.98087082077873,2.354756924456211,1.225113877154988,0.3108013960103682,0.19038212710455435,anfang juli,3.1742304307805247
-0.7645225797412394,-4.0936976820000766,-1.224880718814129,0.4245577471270494,-0.33359363405343984,stand,18.72880679322585
-14.983980750587671,2.3581038080673213,1.2240779748576065,0.30549299143330977,0.19274872204318652,juli steh,3.170026042131287
-14.987591530337289,2.3619841144397817,1.2228585313108116,0.29929785044964236,0.19550478818844444,steh polen+s,3.165146718746688
-14.991646977004503,2.366334943403276,1.2214672136980145,0.2922985758155708,0.1986110185162305,Ministerpräsident,3.159669365860622
-14.991646977004503,2.366334943403276,1.2214672136980145,0.2922985758155708,0.1986110185162305,polen+s minister+präsident,3.159669365860622
-15.001372550287105,2.376735995502685,1.21803500586613,0.275332578619859,0.20610714051051574,Donald,3.146546670531688
-15.001372550287105,2.376735995502685,1.21803500586613,0.275332578619859,0.20610714051051574,minister+präsident donald,3.146546670531688
-15.004907649439927,2.3805046637387273,1.2167532682556366,0.2691014133412807,0.20884846988842806,Tusk,3.1417814334638887
-15.004907649439927,2.3805046637387273,1.2167532682556366,0.2691014133412807,0.20884846988842806,donald tusk,3.1417814334638887
-15.01068010294134,2.3866442192041406,1.2146201911964964,0.2588514856899834,0.21334405568685075,Kleinstadt,3.134005870544568
-15.01068010294134,2.3866442192041406,1.2146201911964964,0.2588514856899834,0.21334405568685075,tusk kleinstadt,3.134005870544568
-15.015678668339167,2.3919458916016403,1.2127321322900837,0.24989940778577918,0.2172564455386922,Kleczew,3.127278516185341
-15.015678668339167,2.3919458916016403,1.2127321322900837,0.24989940778577918,0.2172564455386922,kleinstadt kleczew,3.127278516185341
-15.019152667060876,2.3956222151347544,1.2113971328870397,0.24363540103839865,0.21998632346106503,östlich,3.122606267149602
-15.019152667060876,2.3956222151347544,1.2113971328870397,0.24363540103839865,0.21998632346106503,kleczew östlich,3.122606267149602
-15.024129306130732,2.4008764317843294,1.2094515502228973,0.23460067238079657,0.22391251374870122,Posen,3.1159178803876335
-15.024129306130732,2.4008764317843294,1.2094515502228973,0.23460067238079657,0.22391251374870122,östlich posen,3.1159178803876335
-15.026911297378614,2.4038071448363802,1.208346692114175,0.22951835027506895,0.22611532855106478,Pozna,3.112181525961133
-15.026911297378614,2.4038071448363802,1.208346692114175,0.22951835027506895,0.22611532855106478,posen pozna,3.112181525961133
-15.031115952084981,2.4082275727597926,1.2066529752766804,0.2217931798255396,0.22945565341074478,stolzem,3.1065379843892194
-15.031115952084981,2.4082275727597926,1.2066529752766804,0.2217931798255396,0.22945565341074478,pozna stolz+em,3.1065379843892194
-15.034053560812465,2.4113093652133006,1.2054523930807721,0.21636431404072973,0.23179732397223443,Blick,3.1025976580685404
-15.034053560812465,2.4113093652133006,1.2054523930807721,0.21636431404072973,0.23179732397223443,stolz+em blick,3.1025976580685404
-15.039648991034534,2.417164073539724,1.2031256525699123,0.20595072700930106,0.236275849327888,Wiese,3.0950983058816846
-15.039648991034534,2.417164073539724,1.2031256525699123,0.20595072700930106,0.236275849327888,blick wiese,3.0950983058816846
-15.041987772736192,2.419605120928865,1.2021373830020181,0.20156939026167567,0.23815491943375192,Hinter,3.0919661130181035
-15.045538538115967,2.4233040954017504,1.2006189783033592,0.19488491114159257,0.2410158501251833,reihten,3.0872135436794705
-15.045538538115967,2.4233040954017504,1.2006189783033592,0.19488491114159257,0.2410158501251833,hinter reih+ten,3.0872135436794705
-15.049551455750613,2.4274740615573367,1.198876475017399,0.18728248179919457,0.24426099422539568,Solarpanels,3.081846494870285
-15.049551455750613,2.4274740615573367,1.198876475017399,0.18728248179919457,0.24426099422539568,reih+ten solarpanel+s,3.081846494870285
-15.053092151219905,2.4311438990571634,1.197315356020177,0.18053194913584567,0.24713478698829502,solarpanel+s fast,3.0771147101499725
-15.056763932513595,2.4349400488096524,1.1956726584890511,0.17348868984550977,0.2501254792873633,Horizont…,3.072211487818203
-15.056763932513595,2.4349400488096524,1.1956726584890511,0.17348868984550977,0.2501254792873633,fast horizont…,3.072211487818203
-15.059746770692556,2.4380166046815184,1.1943201169266595,0.1677345413279408,0.2525629541025456,+5864,3.0682311344700564
-15.059746770692556,2.4380166046815184,1.1943201169266595,0.1677345413279408,0.2525629541025456,horizont… +5864,3.0682311344700564
-15.061328540042028,2.439645364843398,1.1935962342660544,0.16467127505391926,0.25385842509493617,+5864 char+s,3.0661214542927526
-5.770900085917269,-1.7712839799779578,-1.0125509347379618,0.05748635336727668,-0.14611599590309365,klima+wandel hitze,13.218072247416146
67.77226730535546,-35.83287832044411,-1.872418391830346,0.7427636692001064,-0.6410204470464845,Europa,94.22521142371836
-0.8349059816520707,-4.083053637528327,-1.348235389453458,0.21125632571374672,-0.2756608946649114,hitze europa,18.65918301253705
-5.817884095805773,-1.749195967904913,-1.008686080805354,0.05491110692247501,-0.14386590288033566,Ärzte,13.16627177433
-8.254416285425474,-0.6034853874355619,-0.7639301810782332,-0.04545203781794273,-0.0545911673852722,europa arzt+e,10.48032445287389
-8.737713234127098,-0.3758334511744108,-0.7058241967526302,-0.06827199618713795,-0.033656834633277524,dringen,9.947612637376892
-8.737713234127098,-0.3758334511744108,-0.7058241967526302,-0.06827199618713795,-0.033656834633277524,arzt+e dring+en,9.947612637376892
-9.45061819242164,-0.03981634625545416,-0.612606460338704,-0.10391213226020712,-0.0004127976324315441,verbindliche,9.161900857637356
-9.45061819242164,-0.03981634625545416,-0.612606460338704,-0.10391213226020712,-0.0004127976324315441,dring+en verbindlich+e,9.161900857637356
-9.997336703455623,0.21801055628421295,-0.5341263741658956,-0.13298963293192137,0.02725769737595174,verbindlich+e maßnahme+n,8.55944956299029
-10.321592892773992,0.370964404272073,-0.48429186186207746,-0.15101101174434348,0.044680270297005,maßnahme+n der,8.202197737805196
-10.434529981067937,0.42424115344206603,-0.46630594106334905,-0.15743029876699444,0.05094033841987716,der extrem+e,8.07778124173202
-10.973781502576461,0.6786211308974015,-0.37550185244731565,-0.1891472714380826,0.08232071528694246,europa führ+t,7.4838321565340085
-11.131801688462435,0.7531514312553034,-0.3472186723125027,-0.19878912164843696,0.09201899691783738,Übersterblichkeit,7.309826686254113
-11.131801688462435,0.7531514312553034,-0.3472186723125027,-0.19878912164843696,0.09201899691783738,führ+t über+sterblichkeit,7.309826686254113
-11.412677746137911,0.8855948334847037,-0.294872100714628,-0.21633475967211746,0.10987431521321225,über+sterblichkeit allein,7.000597531717083
-11.538206910819365,0.944767626738229,-0.27056452962322936,-0.22434935750917925,0.11812418086743418,allein deutschland,6.862425280906859
-7.846830911981682,-0.7953763633952571,-0.8101100239126743,-0.026984363127183348,-0.07134782012376663,sterben,10.929607706090497
-11.673049878819928,1.0083134916898109,-0.24378605215195664,-0.2330806372301571,0.12718242188597903,deutschland sterb+en,6.714023447377483
-11.75484185637439,1.0468482729045183,-0.2271926738185201,-0.23843928147433147,0.13277954082731655,sterb+en tausend+e,6.6240192629880115
20.23183393213017,-13.756639062924172,0.32157145511793356,-1.2178443848272353,-1.97986431873342,Menschen,41.8684299387456
-11.840194662271305,1.0870510519060281,-0.20958473685403528,-0.24408216514281134,0.13870565861800974,tausend+e mensch+en,6.530107325828319
-11.919332742552633,1.1243167578049222,-0.19298437375658006,-0.2493611292735627,0.144280233530694,mensch+en infolge,6.443043600057518
-5.864612955515586,-1.7272802847330055,-1.004421626199628,0.05398189758268334,-0.14307027571988226,hoher,13.114763071064749
-11.985054599309933,1.1552568832551833,-0.1789918689363627,-0.25377980081505924,0.14896971389809419,infolge hoch+er,6.370747687571917
4.8181650492164785,-6.683378824178641,-1.3681510782104112,0.7045493326931196,-0.46897831290319913,Temperaturen,24.876742645810886
-12.031768583892918,1.1772438363998123,-0.16892968833161737,-0.25693977013981706,0.15233670240397154,hoch+er temperatur+en,6.31936558384271
-12.223182147459454,1.2662579033782153,-0.1279975200688979,-0.2757948564944278,0.1715924937055012,arzt+e experte+n,6.109341469942801
-12.269587931451145,1.2875572847550756,-0.11797727470772595,-0.2810645815270261,0.1769077605348676,schlagen,6.058551499944833
-12.269587931451145,1.2875572847550756,-0.11797727470772595,-0.2810645815270261,0.1769077605348676,experte+n schlag+en,6.058551499944833
-12.312924886274772,1.3073175635728047,-0.1085707134895064,-0.28616625072323953,0.18203508718627662,Alarm,6.011177894695431
-12.312924886274772,1.3073175635728047,-0.1085707134895064,-0.28616625072323953,0.18203508718627662,schlag+en alarm,6.011177894695431
-6.436552308926256,-1.4611538001818865,-0.9585942017384133,0.009607653533978522,-0.10472806362723039,fordern,12.485466575313026
-12.366257221033175,1.3314059655292252,-0.09694642984696497,-0.29274653106031573,0.18861202052106815,alarm forder+n,5.952978146284501
-12.414811024357059,1.3530285517087823,-0.08634400287457103,-0.2991205710018145,0.1949298161071711,Handeln,5.900126218654491
-12.414811024357059,1.3530285517087823,-0.08634400287457103,-0.2991205710018145,0.1949298161071711,forder+n handel+n,5.900126218654491
-12.448228188610212,1.3676657420193292,-0.07905874117953968,-0.30379642513489163,0.19952065205123173,Angesichts,5.8638560040779755
-12.217966672254338,1.2598016352902723,0.12555969389034738,0.14250389363627278,0.06120098193174353,jüngsten,6.1194577035740965
-12.498335542439442,1.3890304005340743,-0.06821685960822221,-0.3114558281801506,0.20693418976115438,angesichts jung+st+en,5.809719664770327
-1.5791165143450314,-3.7352514173028766,-1.3121561159457305,0.17118871401775107,-0.24191492945970197,Hitzewellen,17.839044971121684
-12.525015002757296,1.3999528614427157,-0.06253482223328177,-0.3160103470166391,0.21126174222424707,jung+st+en hitze+welle+n,5.781087568996719
-12.56577144573771,1.4154503484354124,-0.05414792932130325,-0.3241333646653601,0.21877770767643626,Tausenden,5.7378509622764
-12.56577144573771,1.4154503484354124,-0.05414792932130325,-0.3241333646653601,0.21877770767643626,hitze+welle+n tausend+en,5.7378509622764
-12.586382290957115,1.4221410785092043,-0.05021509888853519,-0.32930016930559725,0.22338239377783434,Toten,5.716469647443841
-12.586382290957115,1.4221410785092043,-0.05021509888853519,-0.32930016930559725,0.22338239377783434,tausend+en tot+en,5.716469647443841
-12.596645158715146,1.4247997106715302,-0.04844387777722728,-0.33246487833666916,0.22611655887260387,tot+en forder+n,5.7061065707385605
-12.611340609244905,1.4261985121776761,-0.0465804669359917,-0.3390255111951264,0.2315212385859379,Bundesärztekammer,5.692280689102048
-12.611340609244905,1.4261985121776761,-0.0465804669359917,-0.3390255111951264,0.2315212385859379,forder+n bund+es+arzt+e+kammer,5.692280689102048
-8.222125715758384,-0.7144354071760768,-0.15268678784000728,0.9826847574356874,-0.35351994982529755,rund,10.562031299997336
-12.605584941057414,1.4053459911574948,-0.05285849849420183,-0.35256138329521686,0.2409832615310262,bund+es+arzt+e+kammer rund,5.70622709446468
-12.582217087418801,1.3816924634122203,-0.061500021204923684,-0.3583970830655785,0.2439090889116279,weitere,5.737210117094401
-12.582217087418801,1.3816924634122203,-0.061500021204923684,-0.3583970830655785,0.2439090889116279,rund weit+er+e,5.737210117094401
-12.530190627296381,1.3355370247253977,-0.07859627083930454,-0.3651267419752358,0.2456682277981256,europäische,5.803450105095415
-12.530190627296381,1.3355370247253977,-0.07859627083930454,-0.3651267419752358,0.2456682277981256,weit+er+e europäisch+e,5.803450105095415
-12.200639246907066,1.0615388856962333,-0.17427397012468612,-0.3762918418964072,0.2304873335362034,Gesundheitsorganisationen,6.215251391961992
-12.200639246907066,1.0615388856962333,-0.17427397012468612,-0.3762918418964072,0.2304873335362034,europäisch+e gesundheit+s+organisation+en,6.215251391961992
7.257702584355904,-7.759220276726218,0.18057103237168565,-1.0945653568263531,-1.6031337085879742,deutlich,27.57665275491001
-12.738435434918017,1.4605744514452166,-0.02119826571320789,-0.3657271658874777,0.2541934812356442,gesundheit+s+organisation+en deutlich,5.563254473845228
-9.517084861131883,-0.019503104031815877,-0.6128743094165009,-0.14369222439624987,0.0331778811308103,deutlich mehr,9.09348723230338
-12.82675790558238,1.5152480027842579,0.004707578651622885,-0.36330748431409104,0.2556233065178498,Anstrengung,5.460695371223032
-12.82675790558238,1.5152480027842579,0.004707578651622885,-0.36330748431409104,0.2556233065178498,mehr anstrengung,5.460695371223032
-12.558823548067927,1.3845339184457166,0.29046200165489344,0.25728912894588807,0.05234933364865235,müsse,5.760505573002993
-12.97994765049317,1.6018830814126903,0.04949389048928492,-0.3614509294748883,0.2589940166136915,Erkl…,5.286244506240662
-12.97994765049317,1.6018830814126903,0.04949389048928492,-0.3614509294748883,0.2589940166136915,müss+e erkl…,5.286244506240662
-13.002742395314026,1.6140761359597504,0.056154447217944506,-0.36148018527899917,0.2596780976009321,+2811,5.260580133961302
-13.002742395314026,1.6140761359597504,0.056154447217944506,-0.36148018527899917,0.2596780976009321,erkl… +2811,5.260580133961302
-13.02131438040836,1.6239056930132998,0.061584054041999445,-0.36156266394641057,0.26027613208646316,+2811 chars,5.239714457784023
-14.986998600072301,2.3613473427198652,1.2230600191839007,0.30031752231449793,0.1950515943460405,Falt-Photovoltaik,3.1659477952542874
-14.975024880604042,2.3484538502062278,1.2270256388126801,0.3207121225608563,0.18595131344664048,Doppelte,3.1821382579416815
-14.975024880604042,2.3484538502062278,1.2270256388126801,0.3207121225608563,0.18595131344664048,falt+-+photovoltaik doppelt+e,3.1821382579416815
-14.968832243489397,2.341760854912886,1.2290011823195754,0.33111542165316393,0.18128286369612825,Stromausbeute,3.190521331534554
-14.968832243489397,2.341760854912886,1.2290011823195754,0.33111542165316393,0.18128286369612825,doppelt+e strom+ausbeute,3.190521331534554
-14.95525315717292,2.3270299070411182,1.2331600573531794,0.35359302946434124,0.17113499331759383,schwenkbarer,3.2089248101669137
-14.95525315717292,2.3270299070411182,1.2331600573531794,0.35359302946434124,0.17113499331759383,strom+ausbeute schwenk+bar+er,3.2089248101669137
-14.944281948871438,2.3150770305141073,1.2363530282143922,0.37142779105173296,0.1630235562275226,Solaranlage,3.2238136769813597
-14.944281948871438,2.3150770305141073,1.2363530282143922,0.37142779105173296,0.1630235562275226,schwenk+bar+er solaranlage,3.2238136769813597
-14.933112341854171,2.302865036388761,1.2394567790989033,0.38929558784135665,0.15484396517571905,solaranlage der,3.2389884265956956
-14.464563187032674,1.7797049245812286,1.287821414710877,0.9573734833414743,-0.13350236693710188,System,3.879534947094964
-14.464563187032674,1.7797049245812286,1.287821414710877,0.9573734833414743,-0.13350236693710188,der system,3.879534947094964
-14.921834335557179,2.2904940400137943,1.2424461633552404,0.40704944814764554,0.14666368979748654,verfolgt,3.254326092507406
-14.921834335557179,2.2904940400137943,1.2424461633552404,0.40704944814764554,0.14666368979748654,system verfolg+t,3.254326092507406
-14.894175158433084,2.26000272780461,1.249198499664068,0.4494223649939591,0.12692611642725507,Sonnenstand,3.2919999304107215
-14.894175158433084,2.26000272780461,1.249198499664068,0.4494223649939591,0.12692611642725507,verfolg+t sonne+n+stand,3.2919999304107215
-14.862276627725702,2.2246169843945722,1.256045552557301,0.49635406762790446,0.1047114191967504,reagiert,3.335532718739917
-14.862276627725702,2.2246169843945722,1.256045552557301,0.49635406762790446,0.1047114191967504,sonne+n+stand reagier+t,3.335532718739917
-7.270124166181088,-1.0445695616296122,-0.5945577282569688,0.4608481692863305,-0.2231573366609623,Unwetter,11.558910949090341
-14.827327512626555,2.185642082568595,1.2625106774236075,0.5455796078468822,0.08100927919852621,reagier+t unwetter,3.383306427206297
-14.795549327352749,2.150071136206634,1.26754764914395,0.5885044111931644,0.060003751019832546,Schneefall,3.426794852537908
-14.795549327352749,2.150071136206634,1.26754764914395,0.5885044111931644,0.060003751019832546,unwetter schnee+fall,3.426794852537908
-14.758991550032334,2.1090505408043394,1.2724577966653414,0.6358962963214964,0.036446146035021776,Morgens,3.4768599448404807
-14.712000420102813,2.0562482759729654,1.277541668605408,0.6939538851541682,0.007062129700912245,abends,3.5412372399366987
-14.712000420102813,2.0562482759729654,1.277541668605408,0.6939538851541682,0.007062129700912245,morgens abends,3.5412372399366987
-14.621057529752488,1.9541289277680134,1.2841058929085303,0.7982676936185615,-0.04718519145720132,Vorteile,3.6657829119443726
-14.621057529752488,1.9541289277680134,1.2841058929085303,0.7982676936185615,-0.04718519145720132,abends vorteil+e,3.6657829119443726
-14.509545700594417,1.8296020409117462,1.287554620960169,0.9139536932615994,-0.1095205547621996,vorteil+e groß,3.818195204104459
-14.983980750587671,2.3581038080673213,1.2240779748576065,0.30549299143330977,0.19274872204318652,Stromnetzstabilität,3.170026042131287
-14.970240155683399,2.343283945385232,1.2285564601018186,0.32875871839320875,0.18234199254822533,Virtuelle,3.1886148655701456
-14.970240155683399,2.343283945385232,1.2285564601018186,0.32875871839320875,0.18234199254822533,strom+netz+stabilität virtuell+e,3.1886148655701456
-14.963006864622049,2.335450274012733,1.2308140088886068,0.34081387239227195,0.17691460729040734,Schwungmassen,3.1984128846106668
-14.963006864622049,2.335450274012733,1.2308140088886068,0.34081387239227195,0.17691460729040734,virtuell+e schwung+masse+n,3.1984128846106668
-14.983980750587671,2.3581038080673213,1.2240779748576065,0.30549299143330977,0.19274872204318652,schwung+masse+n strom+netz,3.170026042131287
-14.936957655727626,2.3070738845916,1.238404631698803,0.38317672754871623,0.15765107969604228,stabilisieren,3.2337624701461545
-14.936957655727626,2.3070738845916,1.238404631698803,0.38317672754871623,0.15765107969604228,strom+netz stabilisier+en,3.2337624701461545
-1.3480209189558572,-3.8178826267609454,-1.164763819792582,0.4562263933936695,-0.33393643257168326,Ohne,18.084646667115614
-14.922905284281136,2.2916704335189495,1.2421683742791512,0.40537572452656445,0.1474371285781745,stabilisier+en ohne,3.2528690034258974
-14.917451968745835,2.285676712843104,1.243569842408352,0.41387217293857803,0.14350600350522744,ohne groß+e,3.2602899018947973
-14.910564871636126,2.278095122837693,1.245294007169503,0.42451018978254795,0.13856693905555126,Turbinen,3.2696665221332113
-14.910564871636126,2.278095122837693,1.245294007169503,0.42451018978254795,0.13856693905555126,groß+e turbine+n,3.2696665221332113
-13.986940520380244,1.2663889624608426,1.267311359111468,1.3362095926222206,-0.3559169740096063,Wind-,4.524045557109598
-14.88725692979991,2.252346344445783,1.2507655960980777,0.4597717987266745,0.12205932614584405,turbine+n wind+-,3.3014344937405893
-14.872203628761115,2.235651143359398,1.2540165250685993,0.4819614030997559,0.1115637026095053,Solarkraft,3.321976721063402
-14.872203628761115,2.235651143359398,1.2540165250685993,0.4819614030997559,0.1115637026095053,wind+- solarkraft,3.321976721063402
-14.85156730589969,2.2126937912423483,1.2581362731889942,0.5116731576495681,0.09737944214564678,fehlen,3.3501644037013243
-14.85156730589969,2.2126937912423483,1.2581362731889942,0.5116731576495681,0.09737944214564678,solarkraft fehl+en,3.3501644037013243
-14.829511799319036,2.1880830166764405,1.2621360975280471,0.5425666977987529,0.08247185200449533,rotierenden,3.38031872647782
-14.829511799319036,2.1880830166764405,1.2621360975280471,0.5425666977987529,0.08247185200449533,fehl+en rotier+end+en,3.38031872647782
-14.800894793456363,2.156061414941596,1.2667527008278197,0.5814001936404611,0.06350198735654067,Massen,3.419477090509835
-14.800894793456363,2.156061414941596,1.2667527008278197,0.5814001936404611,0.06350198735654067,rotier+end+en masse+n,3.419477090509835
-14.73316253097132,2.080032306124444,1.2754119424530976,0.6681876780025279,0.020174235809574226,digital,3.5122442221840195
-14.73316253097132,2.080032306124444,1.2754119424530976,0.6681876780025279,0.020174235809574226,man digital,3.5122442221840195
-14.6979751849757,2.040485200798157,1.27881788304671,0.7107028661075613,-0.0015222983366571519,nachbauen,3.5604517991559463
-14.6979751849757,2.040485200798157,1.27881788304671,0.7107028661075613,-0.0015222983366571519,digital nach+bau+en,3.5604517991559463
-14.606036249351412,1.9372976135951927,1.2848351184787334,0.814581048914925,-0.05583723660287404,Beispiel,3.6863380683406843
-14.606036249351412,1.9372976135951927,1.2848351184787334,0.814581048914925,-0.05583723660287404,nach+bau+en beispiel,3.6863380683406843
-14.470426135128362,1.7861957724868773,1.2878182797345055,0.9518105734663034,-0.13041208422695086,Superkondensatoren,3.8715453097284076
-14.470426135128362,1.7861957724868773,1.2878182797345055,0.9518105734663034,-0.13041208422695086,beispiel superkondensator+en,3.8715453097284076
-13.56415971680594,0.8388862154859016,1.2324541930684665,1.5893221333032401,-0.516967571513414,Windkraft,5.083591100278667
-13.56415971680594,0.8388862154859016,1.2324541930684665,1.5893221333032401,-0.516967571513414,energie+wende wind+kraft,5.083591100278667
-13.889473621398132,1.165641030407473,1.260047662381036,1.3998386905389815,-0.3955063149991606,wind+kraft besuch+en,4.653933102685233
-5.5165109705786755,-1.8907109476307218,-1.0342025163373496,0.06686722924063984,-0.15424666449477165,vertreibt,13.498510893227476
-5.5165109705786755,-1.8907109476307218,-1.0342025163373496,0.06686722924063984,-0.15424666449477165,klima+wandel vertreib+t,13.498510893227476
-5.36578921050226,-1.9614534894892044,-1.0467520855584724,0.07233609226966287,-0.1589719265279621,Schmetterlinge,13.664666347123198
-7.379520025591368,-1.0152723133525319,-0.8601761971861059,-0.006629362105304397,-0.08963655513798867,vertreib+t schmetterling+e,11.444745631671102
-2.7587881251305326,-3.1832931573846315,-1.2358033241052546,0.15765656399130423,-0.23136727286904588,Nicht,16.538531232353964
-8.942244907175256,-0.2794548472700473,-0.6800455894756028,-0.07824745144916864,-0.024421917857713082,schmetterling+e nicht,9.722180782742345
-9.29605670728551,-0.1126860418495994,-0.6336413440960752,-0.09597420425424244,-0.00787830335445519,groß,9.332236450316742
-9.29605670728551,-0.1126860418495994,-0.6336413440960752,-0.09597420425424244,-0.00787830335445519,nicht groß,9.332236450316742
-10.135059972109389,0.282973141544113,-0.5132778796059115,-0.1405709288941169,0.03456040552560247,groß mensch+en,8.407705621761222
-10.434529981067937,0.42424115344206603,-0.46630594106334905,-0.15743029876699444,0.05094033841987716,mensch+en weltweit,8.07778124173202
-10.661208449668564,0.5311753550695753,-0.4291615216267761,-0.17054433406150882,0.06382195057683718,schwinden,7.8280854220797655
-10.661208449668564,0.5311753550695753,-0.4291615216267761,-0.17054433406150882,0.06382195057683718,weltweit schwind+en,7.8280854220797655
-10.955008857213624,0.6697664012392806,-0.37880870902762864,-0.18801256585646917,0.08118445306093491,Schmetterlingspopulationen,7.504505293723447
-10.955008857213624,0.6697664012392806,-0.37880870902762864,-0.18801256585646917,0.08118445306093491,schwind+en schmetterling+s+population+en,7.504505293723447
-3.432938702983707,-2.867641021452603,-1.1914706115708595,0.13713540451567918,-0.2141734783485967,besonders,15.795393229076476
-11.46447871506927,0.9100148146849008,-0.2849122063726825,-0.21962891665987824,0.11325781779912733,ein besonders,6.943576951862896
-11.584918846050925,0.966783226695453,-0.2613677996125655,-0.22735960829131593,0.12123868726431561,umfangreiche,6.81101359674634
-11.584918846050925,0.966783226695453,-0.2613677996125655,-0.22735960829131593,0.12123868726431561,besonders umfangreich+e,6.81101359674634
-11.734945623660746,1.0374753201953086,-0.23125398876329414,-0.23713139014136822,0.1314107358715074,internationale,6.645912257597986
-11.734945623660746,1.0374753201953086,-0.23125398876329414,-0.23713139014136822,0.1314107358715074,umfangreich+e international+e,6.645912257597986
-11.876087906975357,1.1039542273370317,-0.20208881461898542,-0.24647082542141724,0.14122435973192862,international+e studie,6.490618125081598
-11.936151053809791,1.1322350932664578,-0.18942171076051928,-0.2504888691865129,0.14547504321181,studie zeig+t,6.424542274759708
-12.112248662594602,1.215113454989233,-0.15136169951501285,-0.26242163423843534,0.15820471923359777,Arten,6.230852580228708
-12.112248662594602,1.215113454989233,-0.15136169951501285,-0.26242163423843534,0.15820471923359777,zeig+t art+en,6.230852580228708
-12.186761264392395,1.2501627213880848,-0.13482725568449383,-0.2675399582469,0.16371528855669334,angestammten,6.148913890473642
-12.186761264392395,1.2501627213880848,-0.13482725568449383,-0.2675399582469,0.16371528855669334,art+en an+ge+stamm+t+en,6.148913890473642
-12.268097606324098,1.2884067697720756,-0.1164743299916011,-0.27317450548274974,0.16981807980769323,Lebensräume,6.05948446766732
-12.268097606324098,1.2884067697720756,-0.1164743299916011,-0.27317450548274974,0.16981807980769323,an+ge+stamm+t+en leben+s+raum+e,6.05948446766732
-12.337507673974665,1.3210295901377282,-0.10055398725954726,-0.27802234788822644,0.1751002228293527,verlassen,5.9831794462967425
-12.337507673974665,1.3210295901377282,-0.10055398725954726,-0.27802234788822644,0.1751002228293527,leben+s+raum+e verlass+en,5.9831794462967425
-12.396914183447196,1.3489399578853507,-0.08673387454005943,-0.28220056427577345,0.1796767116446549,verlass+en viele,5.9178805483060115
-1.128089335130941,-3.9199646191793374,-1.171260092502005,0.47169153768660765,-0.3414163460518099,neue,18.326822199650756
-12.476982662434201,1.3865406638476947,-0.06781570431284394,-0.28787464047281547,0.18592814763635804,viele neu+e,5.829883917617971
-12.500610968359036,1.3976326863620496,-0.062167618913279904,-0.2895584638858826,0.18779157291135348,hinzugewinnen,5.803919132220167
-12.500610968359036,1.3976326863620496,-0.062167618913279904,-0.2895584638858826,0.18779157291135348,neu+e hin+zu+gewinn+en,5.803919132220167
-12.567924151531034,1.4292213861416956,-0.04591020666126584,-0.29437897394966184,0.19314766200876785,Einige,5.729957884370814
-12.597640875059088,1.44316157447656,-0.038653131526290296,-0.29651821519306704,0.19553491775534312,einig+e schmetterling+e,5.697310225821878
-12.658041072248258,1.4714848997887482,-0.02374876167036523,-0.3008873743222805,0.20043079689057766,leben,5.630960659544451
-12.658041072248258,1.4714848997887482,-0.02374876167036523,-0.3008873743222805,0.20043079689057766,schmetterling+e leb+en,5.630960659544451
-12.707093123968848,1.494475778854103,-0.011489703251678196,-0.3044564921099362,0.2044506920811566,arktischen,5.577085068896199
-12.707093123968848,1.494475778854103,-0.011489703251678196,-0.3044564921099362,0.2044506920811566,leb+en arktisch+en,5.577085068896199
-12.74643784684611,1.5129092621846763,-0.0015542266446267605,-0.30733282447946986,0.20770401086736442,Tundra,5.5338768111285805
-12.74643784684611,1.5129092621846763,-0.0015542266446267605,-0.30733282447946986,0.20770401086736442,arktisch+en tundra,5.5338768111285805
-12.770520723910408,1.5241889297870723,0.004572985766414073,-0.3090993808374254,0.209708265231309,Grönlands,5.507431529312297
-12.770520723910408,1.5241889297870723,0.004572985766414073,-0.3090993808374254,0.209708265231309,tundra grönland+s,5.507431529312297
-12.838708065050287,1.5561107863647776,0.022113150238298088,-0.31412570964548464,0.21543707556962524,felsigen,5.4325658908124606
-12.838708065050287,1.5561107863647776,0.022113150238298088,-0.31412570964548464,0.21543707556962524,grönland+s felsig+en,5.4325658908124606
-12.869216280563915,1.570385680881488,0.0300543323398786,-0.3163863498111171,0.21802652298835237,windigen,5.399074903392047
-12.869216280563915,1.570385680881488,0.0300543323398786,-0.3163863498111171,0.21802652298835237,felsig+en windig+en,5.399074903392047
-12.895684378867056,1.5827662492487957,0.03699150761312871,-0.3183535217433575,0.22028643410450996,Hochgebirgslandschaften,5.370021740239516
-12.895684378867056,1.5827662492487957,0.03699150761312871,-0.3183535217433575,0.22028643410450996,windig+en hoch+gebirg+s+landschaft+en,5.370021740239516
-12.993202907655554,1.6283474334378818,0.06294111853342442,-0.3256486854852151,0.22872226913328794,Tiefen,5.263001545871284
-12.993202907655554,1.6283474334378818,0.06294111853342442,-0.3256486854852151,0.22872226913328794,hoch+gebirg+s+landschaft+en tief+en,5.263001545871284
-13.020620792533023,1.641152777133498,0.07035006755019559,-0.3277131821922958,0.2311256954438832,Regenwalds,5.232918932578487
-13.020620792533023,1.641152777133498,0.07035006755019559,-0.3277131821922958,0.2311256954438832,tief+en regen+wald+s,5.232918932578487
-13.049400517601176,1.6545891236032935,0.07818161579655626,-0.329886557485857,0.23366375112203894,Insgesamt,5.2013454398166505
-13.049400517601176,1.6545891236032935,0.07818161579655626,-0.329886557485857,0.23366375112203894,regen+wald+s insgesamt,5.2013454398166505
-13.083829312733016,1.670655829134747,0.08762484521395365,-0.33249505827745485,0.23672076837138048,etwa,5.163579082469821
-13.083829312733016,1.670655829134747,0.08762484521395365,-0.33249505827745485,0.23672076837138048,insgesamt etwa,5.163579082469821
-13.094945542015918,1.6758417031734334,0.09069135051802556,-0.33333926200057085,0.237712688321665,19.000,5.151386324881577
-13.094945542015918,1.6758417031734334,0.09069135051802556,-0.33333926200057085,0.237712688321665,etwa 19.000,5.151386324881577
-13.110220077443875,1.6829661166449457,0.09491903095418332,-0.3345008384429399,0.23907958105919777,Schmetterlingsarten,5.134633442386317
-13.110220077443875,1.6829661166449457,0.09491903095418332,-0.3345008384429399,0.23907958105919777,19.000 schmetterling+s+art+en,5.134633442386317
-13.15817888557535,1.7053246814009442,0.10830010075107631,-0.33815979784274414,0.24340113027823765,+5403,5.082039736087795
-13.15817888557535,1.7053246814009442,0.10830010075107631,-0.33815979784274414,0.24340113027823765,schmetterling+s+art+en +5403,5.082039736087795
-13.170161103621384,1.7109082536049574,0.11166892146072772,-0.3390767720006859,0.24448797369408662,+5403 chars,5.0689011636516454
-6.7371089907821435,-1.3173621964398805,-0.9244758610977013,0.020025060120414072,-0.11331605479320064,Kommentar,12.152925298145128
15.161086838790009,-11.524949051651928,-1.8396086388798711,0.4876449747448881,-0.4898496569966616,Klimaschutz,36.28533397205954
-10.729548356591733,0.5634138212952409,-0.4176783720793061,-0.17455941027131108,0.0677916140777522,kommentar klima+schutz,7.752812820772881
-7.127763899618779,-1.1336867615557384,-0.8859694283056323,0.003993240757828573,-0.0991091425042945,Chefsache,11.722273785163193
-7.127763899618779,-1.1336867615557384,-0.8859694283056323,0.003993240757828573,-0.0991091425042945,klima+schutz chef+sache,11.722273785163193
-9.681855993044003,0.06922079607595633,-0.5802143257810894,-0.1160167429980376,0.011042829824480599,chef+sache deutschland,8.907077350735133
-3.899584293284958,-2.649026813465486,-1.1590595355492126,0.1223378105675211,-0.2016914556346134,spürt,15.280984698619047
-3.899584293284958,-2.649026813465486,-1.1590595355492126,0.1223378105675211,-0.2016914556346134,deutschland spür+t,15.280984698619047
-3.1690674169867457,-2.9912153972139777,-1.2091614197579568,0.14528480838241037,-0.22101750610953547,gerade,16.08626920703836
-3.1690674169867457,-2.9912153972139777,-1.2091614197579568,0.14528480838241037,-0.22101750610953547,spür+t gerade,16.08626920703836
-1.2928445555746322,-3.869017362207577,-1.3231923659502594,0.19911374138202506,-0.2657029866967103,dramatischen,18.154422587477928
-1.2928445555746322,-3.869017362207577,-1.3231923659502594,0.19911374138202506,-0.2657029866967103,gerade dramatisch+en,18.154422587477928
3.0705822634739626,-5.905560719609644,-1.527078928499361,0.3019532132060007,-0.34865519970869074,dramatisch+en folge+n,22.963600524265463
30.64196926123932,-18.68407775909622,-1.9439493343930117,0.6832747570597234,-0.5977876481012221,Doch,53.334154141615905
10.889082783553793,-9.541978260263107,-1.759292551452649,0.4311968125551745,-0.4478919944868319,Bundesregierung,31.578684468457826
-1.0699652162608224,-3.973198972825238,-1.3355055455968208,0.20506874870248704,-0.27059210632649466,doch bund+es+regierung,18.40009137553848
-3.67238807076801,-2.7554763461101297,-1.1750236201047495,0.12960511325952145,-0.207830432275709,bund+es+regierung lass+st,15.53143627589424
7.449144877969129,-7.943887367842894,-1.672598950368897,0.3825319764713927,-0.4114268750389748,Umweltminister,27.78864804474543
-4.68134306331452,-2.2825562717047534,-1.1012861885601213,0.09637434222159799,-0.17961610295215144,lass+st umwelt+minister,14.419194230547905
-6.004747898606382,-1.6614698653166116,-0.9921069944796203,0.04869147745779109,-0.1384637006832019,verlorenem,12.960278137418559
-6.004747898606382,-1.6614698653166116,-0.9921069944796203,0.04869147745779109,-0.1384637006832019,umwelt+minister verlier+en+em,12.960278137418559
-6.562118528684161,-1.3996103030314542,-0.9411569241647639,0.027034994177460678,-0.11949525261120282,Posten,12.345833470248596
-6.562118528684161,-1.3996103030314542,-0.9411569241647639,0.027034994177460678,-0.11949525261120282,verlier+en+em posten,12.345833470248596
-6.864678827118572,-1.2573917054039692,-0.9120976187855482,0.014848737723191632,-0.1087404796170828,kämpfen,12.012293808461312
-6.864678827118572,-1.2573917054039692,-0.9120976187855482,0.014848737723191632,-0.1087404796170828,posten kämpf+en,12.012293808461312
-1.825201024101185,-3.6200975977526344,-1.2927842194156198,0.1845307530806813,-0.25368499612939904,Kanzler,17.56762354657956
-1.825201024101185,-3.6200975977526344,-1.2927842194156198,0.1845307530806813,-0.25368499612939904,der kanzler,17.56762354657956
-11.19634008521983,0.7835878355715575,-0.33543127167802644,-0.20277403793732765,0.09605031524405239,kanzler klima+schutz,7.2387662643599
-11.46447871506927,0.9100148146849008,-0.2849122063726825,-0.21962891665987824,0.11325781779912733,meint,6.943576951862896
-11.46447871506927,0.9100148146849008,-0.2849122063726825,-0.21962891665987824,0.11325781779912733,chef+sache mein+t,6.943576951862896
-11.385923306153327,0.8729814173321815,-0.29997789257042906,-0.2146405655255068,0.10813810652402153,Jakob,7.030049046735568
-11.385923306153327,0.8729814173321815,-0.29997789257042906,-0.2146405655255068,0.10813810652402153,mein+t jakob,7.030049046735568
-11.30197752302009,0.8334016200151915,-0.31583150688476846,-0.20935635280640746,0.10273975162053808,Mayr,7.122462479397413
-11.30197752302009,0.8334016200151915,-0.31583150688476846,-0.20935635280640746,0.10273975162053808,jakob mayr,7.122462479397413
-8.771234466490721,-0.3600391352000898,-0.7016496420026224,-0.069893603284902,-0.032159168190447965,hilft,9.910665458093478
-11.14824114304867,0.760904499938996,-0.344229378590417,-0.19980156500011217,0.09304193006393058,der helf+t,7.29172553586762
-3.025659459541732,-3.058362162980772,-1.2185910990735482,0.1496499662617336,-0.2246747556628823,Wirtschaft,16.244352463687967
-10.877211084617294,0.6330694704379538,-0.39239585080397577,-0.18333411787606826,0.07651064145810604,helf+t wirtschaft,7.5901822078558405
-1.8137242427376794,-3.626451327026924,-1.295054326652635,0.18477897222669795,-0.25699679068511627,Stand,17.580621722780688
-10.434529981067937,0.42424115344206603,-0.46630594106334905,-0.15743029876699444,0.05094033841987716,07.08.2026,8.07778124173202
-10.434529981067937,0.42424115344206603,-0.46630594106334905,-0.15743029876699444,0.05094033841987716,stand 07.08.2026,8.07778124173202
-10.101714942614432,0.2672442702189781,-0.5183678450050602,-0.1387255903055684,0.0327793659984931,11:13,8.444444478687315
-10.101714942614432,0.2672442702189781,-0.5183678450050602,-0.1387255903055684,0.0327793659984931,07.08.2026 11:13,8.444444478687315
-2.0931705523561384,-3.4691261168249214,-1.1106436335347358,0.4554262817722244,-0.3243342561435177,Uhr,17.26324815422862
-9.88585607977611,0.1654297404835563,-0.5506719363179257,-0.1269301716273108,0.021447908737411814,11:13 uhr,8.68228539120584
-9.681855993044003,0.06922079607595633,-0.5802143257810894,-0.1160167429980376,0.011042829824480599,uhr deutschland,8.907077350735133
-11.19634008521983,0.7835878355715575,-0.33543127167802644,-0.20277403793732765,0.09605031524405239,kanzler klima…,7.2387662643599
-11.316369503418318,0.8401876800365451,-0.31313125068016934,-0.2102589135611107,0.10366001263126753,+3409,7.106618225833821
-11.316369503418318,0.8401876800365451,-0.31313125068016934,-0.2102589135611107,0.10366001263126753,klima… +3409,7.106618225833821
-11.399373896935398,0.8793227862947108,-0.2974142359206885,-0.21549169836470933,0.1090100146796932,+3409 char+s,7.01524241955302
-14.71970086668648,2.0649031216653917,1.2767957653183684,0.6846480170434266,0.011810910104191275,"1,22",3.530687302746804
-14.714234892626326,2.0587596985843235,1.2773285829907928,0.6912616838221874,0.008437486098798824,Milliarden,3.538175932097511
-14.714234892626326,2.0587596985843235,1.2773285829907928,0.6912616838221874,0.008437486098798824,"1,22 milliarde+n",3.538175932097511
-14.970240155683399,2.343283945385232,1.2285564601018186,0.32875871839320875,0.18234199254822533,fossile,3.1886148655701456
-14.970240155683399,2.343283945385232,1.2285564601018186,0.32875871839320875,0.18234199254822533,milliarde+n fossil+e,3.1886148655701456
-14.964493182806695,2.337061693961202,1.2303556169098098,0.33834737190040104,0.17802701338062368,Zukunft,3.1963988848462987
-14.964493182806695,2.337061693961202,1.2303556169098098,0.33834737190040104,0.17802701338062368,fossil+e zukunft,3.1963988848462987
-14.957637726697039,2.329621968745326,1.2324465746055324,0.34967854116860203,0.17290827108577758,zukunft usa,3.205691022300461
-14.954446651903313,2.326152737994912,1.2333997751851102,0.3549138699216258,0.17053607383863364,erkaufen,3.2100187252859556
-14.954446651903313,2.326152737994912,1.2333997751851102,0.3549138699216258,0.17053607383863364,usa erkauf+en,3.2100187252859556
-14.942494574002872,2.31312567425297,1.236859505732597,0.3743064162352184,0.16170936597366994,Aus,3.2262408676181717
-14.942494574002872,2.31312567425297,1.236859505732597,0.3743064162352184,0.16170936597366994,erkauf+en aus,3.2262408676181717
-14.93505098878501,2.3049875618633147,1.2389284545477823,0.3862149312498885,0.15625804201584056,Offshore-Windkraft,3.2363534853857105
-14.93505098878501,2.3049875618633147,1.2389284545477823,0.3862149312498885,0.15625804201584056,aus offshore+-+wind+kraft,3.2363534853857105
-14.915199424656775,2.2831984677555193,1.2441393316734009,0.4173627804171477,0.141887464141523,offshore+-+wind+kraft der,3.2633561312081767
-14.910564871636126,2.278095122837693,1.245294007169503,0.42451018978254795,0.13856693905555126,US-Regierung,3.2696665221332113
-14.910564871636126,2.278095122837693,1.245294007169503,0.42451018978254795,0.13856693905555126,der us+-+regierung,3.2696665221332113
-14.894175158433084,2.26000272780461,1.249198499664068,0.4494223649939591,0.12692611642725507,zahlt,3.2919999304107215
-14.894175158433084,2.26000272780461,1.249198499664068,0.4494223649939591,0.12692611642725507,us+-+regierung zahl+t,3.2919999304107215
-14.885827405795409,2.250762953213072,1.2510835835315892,0.46189828400607,0.12105711238431285,RWE,3.3033844848425415
-14.885827405795409,2.250762953213072,1.2510835835315892,0.46189828400607,0.12105711238431285,zahl+t rwe,3.3033844848425415
-14.98336628398674,2.357442873350074,1.2242837009900742,0.30654384010796293,0.19228060000044625,"rwe 1,22",3.1708566180830235
-14.853411023897632,2.2147478437591337,1.2577834433716308,0.5090509491883088,0.09863730399330045,US-Dollar,3.3476448994315797
-14.853411023897632,2.2147478437591337,1.2577834433716308,0.5090509491883088,0.09863730399330045,milliarde+n us+-+dollar,3.3476448994315797
-14.825109981777363,2.18316340008342,1.2628871029735245,0.5486299574843024,0.07952695480125155,Offshore-Windprojekte,3.386339822190897
-14.825109981777363,2.18316340008342,1.2628871029735245,0.5486299574843024,0.07952695480125155,us+-+dollar offshore+-+wind+projekt+e,3.386339822190897
-14.755536544452124,2.1051701404990792,1.2728766088298413,0.6402711897918073,0.03425206962913979,stoppen,3.4815927360503673
-14.755536544452124,2.1051701404990792,1.2728766088298413,0.6402711897918073,0.03425206962913979,offshore+-+wind+projekt+e stopp+en,3.4815927360503673
-14.707445729505736,2.05112908823049,1.2779676267750066,0.699421213931876,0.004265226270824263,stattdessen,3.547477274872752
-14.707445729505736,2.05112908823049,1.2779676267750066,0.699421213931876,0.004265226270824263,stopp+en stattdessen,3.547477274872752
-14.621057529752488,1.9541289277680134,1.2841058929085303,0.7982676936185615,-0.04718519145720132,Kohle,3.6657829119443726
-14.621057529752488,1.9541289277680134,1.2841058929085303,0.7982676936185615,-0.04718519145720132,stattdessen kohle,3.6657829119443726
-14.563007846339126,1.8891733178132546,1.2864445143943848,0.8600102585041036,-0.08017068668851654,Gas,3.7451797975600174
-14.563007846339126,1.8891733178132546,1.2864445143943848,0.8600102585041036,-0.08017068668851654,kohle gas,3.7451797975600174
-14.470426135128362,1.7861957724868773,1.2878182797345055,0.9518105734663034,-0.13041208422695086,LNG,3.8715453097284076
-14.470426135128362,1.7861957724868773,1.2878182797345055,0.9518105734663034,-0.13041208422695086,gas lng,3.8715453097284076
-14.345628120508199,1.6489356990603303,1.2861198101538676,1.0645402137479116,-0.19404580924211495,investieren,4.041237189719227
-14.345628120508199,1.6489356990603303,1.2861198101538676,1.0645402137479116,-0.19404580924211495,lng investier+en,4.041237189719227
-15.005894295837471,2.381555324994576,1.216392223086326,0.2673560903776316,0.20961517052156267,AKW-Abschaltungen,3.1404519138302414
-14.99608844396135,2.3710907571106796,1.219916718712053,0.28458246062782355,0.2020260794378073,akw+-+abschaltung+en atom+kraft,3.1536742148605903
-14.985198675308903,2.359413322492668,1.2236686713156808,0.3034071935127185,0.19367734600004435,wichtigstes,3.1683799706019595
-14.985198675308903,2.359413322492668,1.2236686713156808,0.3034071935127185,0.19367734600004435,atom+kraft wichtig+st+es,3.1683799706019595
-14.977663867318835,2.351301063989652,1.2261683194810098,0.3162490993486958,0.1879486105391426,Versprechen,3.178567763447087
-14.977663867318835,2.351301063989652,1.2261683194810098,0.3162490993486958,0.1879486105391426,wichtig+st+es versprechen,3.178567763447087
-14.965228701556953,2.337858792695609,1.2301277322965436,0.33712477685275943,0.17857803765521477,einlösen,3.195402365162362
-14.965228701556953,2.337858792695609,1.2301277322965436,0.33712477685275943,0.17857803765521477,versprechen ein+lös+en,3.195402365162362
-14.958421174228508,2.3304731143253195,1.2322106148238594,0.348389428680989,0.1734916874262555,Kernkraftwerke,3.2046287487171536
-14.958421174228508,2.3304731143253195,1.2322106148238594,0.348389428680989,0.1734916874262555,ein+lös+en kern+kraft+werk+e,3.2046287487171536
-11.90947003251205,1.1107303859887696,0.13674246164205023,0.3120545867552056,-0.021330242920341025,sollen,6.460883555228203
-14.946041494042925,2.316996919508539,1.2358507277587256,0.3685866807882852,0.1643192662218411,kern+kraft+werk+e soll+en,3.221424697983541
-14.939759646608609,2.3101377168813566,1.237627191056453,0.378696711333773,0.15970238747147428,zuverlässig,3.229955619581512
-14.939759646608609,2.3101377168813566,1.237627191056453,0.378696711333773,0.15970238747147428,soll+en zuverlässig,3.229955619581512
-14.92396667878512,2.292835997339474,1.2418918183558474,0.40371443465047174,0.148204357411953,zuverlässig rund,3.2514250425515128
-14.910564871636126,2.278095122837693,1.245294007169503,0.42451018978254795,0.13856693905555126,rund uhr,3.2696665221332113
-14.905747951119917,2.2727848548512917,1.2464701562485185,0.4318902521981062,0.13512931730114489,uhr strom,3.276227573967331
-14.470331105162941,1.7860905340356101,1.2878184034185278,0.9519009652305473,-0.1304622566289545,liefern,3.871674823242466
-14.898152479868862,2.2643993738510697,1.2482761120350345,0.44342825329441976,0.12973656354100985,strom liefer+n,3.2865778883898367
-14.885827405795409,2.250762953213072,1.2510835835315892,0.46189828400607,0.12105711238431285,Diese,3.3033844848425415
-14.876903577208772,2.240868726125153,1.2530244307370015,0.47508112641898537,0.1148269680744172,Grundlastfähigkeit,3.3155611111673977
-14.876903577208772,2.240868726125153,1.2530244307370015,0.47508112641898537,0.1148269680744172,dieser+e grund+last+fähigkeit,3.3155611111673977
-14.827327512626555,2.185642082568595,1.2625106774236075,0.5455796078468822,0.08100927919852621,Hauptargument,3.383306427206297
-14.827327512626555,2.185642082568595,1.2625106774236075,0.5455796078468822,0.08100927919852621,grund+last+fähigkeit haupt+argument,3.383306427206297
-14.76894091984001,2.120222051660797,1.2712093549294565,0.6231996325117463,0.042795142918450324,Energiequelle,3.4632318833234113
-14.76894091984001,2.120222051660797,1.2712093549294565,0.6231996325117463,0.042795142918450324,haupt+argument energie+quelle,3.4632318833234113
-14.6979751849757,2.040485200798157,1.27881788304671,0.7107028661075613,-0.0015222983366571519,bröckelt,3.5604517991559463
-14.613683636328037,1.9458647060369443,1.2844752373118367,0.8063062012292006,-0.051442857193562744,IMHO,3.6758741475998287
-14.613683636328037,1.9458647060369443,1.2844752373118367,0.8063062012292006,-0.051442857193562744,ein imho,3.6758741475998287
-13.75661052730263,1.0304600566342814,1.249278252381777,1.4811251253745688,-0.4469690504610506,Mario,4.830114330516521
-14.532450659683724,1.855091080135919,1.2871913428310553,0.8911664915239674,-0.0970621275628955,imho mario,3.7869270179545076
-13.531741704026324,0.8070895498892869,1.2295192965949673,1.606567483203673,-0.5282785784560589,Petzold,5.126096642355921
-13.531741704026324,0.8070895498892869,1.2295192965949673,1.606567483203673,-0.5282785784560589,mario petzold,5.126096642355921
-14.26827798013741,1.5648885073997159,1.2835045637308098,1.1290277832198548,-0.23139426728017043,petzold atom+kraft,4.14598908131027
-13.472234209388764,0.7490658288933632,1.2240757945552514,1.6375544660220496,-0.5487067886764492,atom+kraft energie+wende,5.203981930706881
-5.770900085917269,-1.7712839799779578,-1.0125509347379618,0.05748635336727668,-0.14611599590309365,Giftige,13.218072247416146
-5.770900085917269,-1.7712839799779578,-1.0125509347379618,0.05748635336727668,-0.14611599590309365,klima+wandel giftig+e,13.218072247416146
-0.586490259030608,-4.199128265594084,-1.3614108416201753,0.21769439809060548,-0.2809227337717581,Überschwemmungen,18.93299396423695
-7.2429927743792835,-1.07949285497729,-0.87426217601729,-0.0008397474333375343,-0.09480533250566503,giftig+e überschwemmung+en,11.595248620065133
-9.06762874757986,-0.2203619160042365,-0.6638704031796666,-0.0844600907130448,-0.01864363016236545,Südsudan,9.583988870174128
-9.06762874757986,-0.2203619160042365,-0.6638704031796666,-0.0844600907130448,-0.01864363016236545,überschwemmung+en südsudan,9.583988870174128
-9.546770636237378,0.005520635801607554,-0.5992744235492485,-0.10891169327907652,0.004308095275317364,Jahrelange,9.055938973783109
-9.546770636237378,0.005520635801607554,-0.5992744235492485,-0.10891169327907652,0.004308095275317364,südsudan jahrelang+e,9.055938973783109
-7.2429927743792835,-1.07949285497729,-0.87426217601729,-0.0008397474333375343,-0.09480533250566503,jahrelang+e überschwemmung+en,11.595248620065133
-10.815828449711976,0.6041144632863169,-0.40298506407351287,-0.17966990481562864,0.07286231572467677,Ölregion,7.657784910526294
-10.815828449711976,0.6041144632863169,-0.40298506407351287,-0.17966990481562864,0.07286231572467677,überschwemmung+en öl+region,7.657784910526294
-8.85902044492189,-0.3202719788100383,-0.6941462494576496,-0.08843296518059204,-0.015807180919738262,Südsudans,9.814675787124813
-11.053768926619817,0.7161027984775021,-0.3618672079897261,-0.19647246516941214,0.08940312759376937,öl+region südsudan+s,7.395871481526595
-11.308864451536113,0.8344853483984913,-0.31743047350347264,-0.2217480063477632,0.11372678584398091,katastrophalen,7.115870515085738
-11.308864451536113,0.8344853483984913,-0.31743047350347264,-0.2217480063477632,0.11372678584398091,südsudan+s katastrophal+en,7.115870515085738
-11.465249898092843,0.9052818398416642,-0.28972455976941225,-0.239710837299093,0.130743365664279,Wasserverschmutzung,6.944995985165777
-11.465249898092843,0.9052818398416642,-0.28972455976941225,-0.239710837299093,0.130743365664279,katastrophal+en wasser+verschmutzung,6.944995985165777
-11.619484003996735,0.9705890883013675,-0.26300589262389873,-0.2624319216744079,0.15144693212214302,geführt,6.77839903991369
-11.619484003996735,0.9705890883013675,-0.26300589262389873,-0.2624319216744079,0.15144693212214302,wasser+verschmutzung ge+führ+t,6.77839903991369
-11.34406875546226,0.8237701669720594,0.9416855769677409,-1.2335298478126824,-0.7078917921518232,Gemeinden,7.11478039928758
1.1747157141786566,-5.000244210113664,-1.3397407904710654,0.4284674222846731,-0.3487454704333277,Wissenschaftler,20.86662326741967
-11.695277527349022,0.988415737510941,-0.2536593205613828,-0.28610083623395105,0.17056446472405243,gemeinde+n wissenschaftler,6.70253808259921
-11.394818814773053,0.7340892592166921,-0.33445634395703455,-0.31767449057649466,0.17585157693241568,Gesundheitspersonal,7.080248903718454
-11.394818814773053,0.7340892592166921,-0.33445634395703455,-0.31767449057649466,0.17585157693241568,wissenschaftler gesundheit+s+personal,7.080248903718454
-11.968384169254389,1.1109710274376514,-0.19823202205302545,-0.3077628050229048,0.19213891057636914,suchen,6.404602514671212
-11.968384169254389,1.1109710274376514,-0.19823202205302545,-0.3077628050229048,0.19213891057636914,gesundheit+s+personal such+en,6.404602514671212
-12.051294680425432,1.1575725885010786,-0.17823343752686116,-0.3071002831703442,0.19379188092583247,verzweifelt,6.310223537848113
-12.051294680425432,1.1575725885010786,-0.17823343752686116,-0.3071002831703442,0.19379188092583247,such+en verzweifel+t,6.310223537848113
-12.20629719456695,1.2404240509590556,-0.14076668141643905,-0.3076281305034836,0.19780187223942094,Lösungen,6.1355784631456745
-12.20629719456695,1.2404240509590556,-0.14076668141643905,-0.3076281305034836,0.19780187223942094,verzweifel+t lösung+en,6.1355784631456745
-12.307657622686168,1.2924074589867542,-0.11610729752264574,-0.30921159416536725,0.20123321922078277,Dorf,6.0223040874459866
-12.307657622686168,1.2924074589867542,-0.11610729752264574,-0.30921159416536725,0.20123321922078277,der dorf,6.0223040874459866
-12.340208873897165,1.3088326334504754,-0.10814431035585437,-0.3099109882520694,0.202475807511201,Bentiu,5.986041789465911
-12.340208873897165,1.3088326334504754,-0.10814431035585437,-0.3099109882520694,0.202475807511201,dorf bentiu,5.986041789465911
-12.406669189564589,1.3420428189313447,-0.09180254563075341,-0.31160292266964645,0.20521968872058213,schon,5.9121447783260495
-12.406669189564589,1.3420428189313447,-0.09180254563075341,-0.31160292266964645,0.20521968872058213,bentiu schon,5.9121447783260495
-12.472566740735115,1.374610833007666,-0.075470526862958,-0.3136034873339327,0.2082046693790585,schon erleb+t,5.839030190381668
-9.913032485040429,0.17552484398855173,-0.55081664224821,-0.14520575522021534,0.03744309276005195,erleb+t der,8.65359454382742
-12.54725503978961,1.4111746106287812,-0.05678015989598094,-0.31622088717798796,0.2118889809289259,Norden,5.756315148997848
-12.54725503978961,1.4111746106287812,-0.05678015989598094,-0.31622088717798796,0.2118889809289259,der norden,5.756315148997848
-12.59757162816819,1.4356354857711735,-0.04406856105119146,-0.3181741312388784,0.21454171237116745,norden südsudan+s,5.700667260685845
-12.640534916776197,1.456428961391056,-0.03313163074542559,-0.3199529354035117,0.21691022865425905,nahe,5.653193417594495
-12.640534916776197,1.456428961391056,-0.03313163074542559,-0.3199529354035117,0.21691022865425905,südsudan+s nahe,5.653193417594495
-6.91777481802689,-1.232915599997658,-0.909638455169331,0.0036996054844982973,-0.10000732365724346,Grenze,11.954006791479348
-12.677196614716905,1.4741128211137244,-0.02373498006065529,-0.32154657390401264,0.21900389965694647,nahe grenze,5.612709856266692
-12.71969525118644,1.494550395569843,-0.012765144597985362,-0.3234761309324797,0.2215116731357862,Sudan,5.565809170942437
-12.71969525118644,1.494550395569843,-0.012765144597985362,-0.3234761309324797,0.2215116731357862,grenze sudan,5.565809170942437
-12.741897130320282,1.5052031024272279,-0.007000214863453841,-0.32451757892707844,0.22285530718415122,gelegene,5.541318773507379
-12.741897130320282,1.5052031024272279,-0.007000214863453841,-0.32451757892707844,0.22285530718415122,sudan ge+leg+en+e,5.541318773507379
7.017969466618418,-7.742957455425303,-1.6610366320090586,0.3723221505450798,-0.40323336859025527,Hauptstadt,27.313393469552544
-12.774008782530522,1.5205835313542155,0.0013806728160807996,-0.32606264084982706,0.22483835758916984,ge+leg+en+e haupt+stadt,5.505909765751328
-12.824626889158111,1.5447679667115501,0.01469773265506151,-0.32858685644078,0.2280570646398,Bundesstaates,5.450122239270614
-12.824626889158111,1.5447679667115501,0.01469773265506151,-0.32858685644078,0.2280570646398,haupt+stadt bund+es+staat+es,5.450122239270614
-12.868934415342135,1.5658824416042614,0.026465155672312266,-0.3308805636060101,0.23096488657887373,Unity,5.401315940242567
-12.868934415342135,1.5658824416042614,0.026465155672312266,-0.3308805636060101,0.23096488657887373,bund+es+staat+es unity,5.401315940242567
-12.887134386053788,1.5745418038276635,0.03132965837070363,-0.3318444128669179,0.2321831436483842,zählte,5.381274651488457
-12.887134386053788,1.5745418038276635,0.03132965837070363,-0.3318444128669179,0.2321831436483842,unity zähl+te,5.381274651488457
-9.214521421007428,-0.151707660046013,-0.6464049163813457,-0.09949453388245602,-0.005021173974002785,früher,9.422395152627141
-12.907809705317954,1.584369730233798,0.03687805763459483,-0.3329541368355891,0.23358362788887274,zähl+te früher,5.358512047202944
-12.958416072669358,1.608386215320027,0.05056100185096464,-0.33573433136839315,0.23708442172954555,früher tausend,5.302815863887934
-8.467967797022446,-0.5032045150915971,-0.7402175317399511,-0.06155433453628045,-0.04008166752909868,Einwohner,10.245101404078403
-12.979813577735861,1.6185251080549352,0.056391144916365474,-0.3369361762789842,0.23859520735730835,tausend einwohner,5.27927411032852
-13.0082243135213,1.6319733478171283,0.06417419978513288,-0.3385551723558556,0.24062873792097275,Krieg,5.2480232245682465
-13.025728001109965,1.6402511641124735,0.06899353502149373,-0.33956548678382825,0.24189706354752719,Gewalt,5.228773551706391
-13.025728001109965,1.6402511641124735,0.06899353502149373,-0.33956548678382825,0.24189706354752719,krieg gewalt,5.228773551706391
-13.04280691655125,1.6483226980189856,0.07371398616777071,-0.34056051333772464,0.24314586978306899,gewalt und…,5.209993761409517
-13.057121581309683,1.6550838192303834,0.07768432267672624,-0.34140139006687154,0.24420105668278438,+10967,5.194255561217597
-13.057121581309683,1.6550838192303834,0.07768432267672624,-0.34140139006687154,0.24420105668278438,und… +10967,5.194255561217597
-13.07345854475789,1.6627957218532008,0.08223121633843102,-0.3423686138792051,0.2454147208795813,+10967 chars,5.1762962026186985
-14.543103084497297,1.8669626725535433,1.286966118539916,0.8804054210051118,-0.09120934102606501,Gefährliche,3.772377777536877
-14.3674076908428,1.6727474432233636,1.286660410335111,1.0456803102286534,-0.183252374117005,Dunkelflauten,4.011681797712192
-14.3674076908428,1.6727474432233636,1.286660410335111,1.0456803102286534,-0.183252374117005,gefährlich+e dunkel+flaute+n,4.011681797712192
-13.472234209388764,0.7490658288933632,1.2240757945552514,1.6375544660220496,-0.5487067886764492,dunkel+flaute+n energie+wende,5.203981930706881
-14.3220387002612,1.6232169065932656,1.2854326259325262,1.0846096058052654,-0.2055959469482368,braucht,4.073219066401459
-14.3220387002612,1.6232169065932656,1.2854326259325262,1.0846096058052654,-0.2055959469482368,energie+wende brauch+t,4.073219066401459
4.264221526701547,-6.362153324033425,0.8477602118793017,-0.738062568417709,-1.889422176947313,laut,24.28438206046306
-14.164772141544388,1.453738253140247,1.278580257154758,1.2098222498816558,-0.279141983340589,brauch+t laut,4.285622135200866
-10.41206035197116,0.354023585092202,0.03817393902705847,0.6916732367498437,-0.19186133558013171,laut studie,8.132548561837789
-14.635048876771435,1.9698183561790514,1.2833430589992858,0.7828513294118918,-0.039050695281335215,studie atom+kraft,3.64663177415711
-14.693048174776418,2.034948155131134,1.2792416680995307,0.7165265089046102,-0.0045183896440631754,Ministerin,3.567201486818395
-14.693048174776418,2.034948155131134,1.2792416680995307,0.7165265089046102,-0.0045183896440631754,atom+kraft minister+in,3.567201486818395
-14.740953645464398,2.088787295802618,1.2745631859684519,0.6585469559969683,0.02505100406020322,minister+in reiche,3.5015702989612576
-11.519908168684925,0.8791212995823798,0.15602203004529008,0.4838608576643503,-0.07141245646589743,erntet,6.910917686107545
-14.765691334400978,2.1165738057388217,1.2716241068694196,0.6273626890629576,0.04071644071354483,reiche ernt+et,3.4676828053565787
-14.787168480783587,2.140674730385375,1.268753248256177,0.5995510544036872,0.05454704766192103,Kritik,3.4382695992087013
-14.787168480783587,2.140674730385375,1.268753248256177,0.5995510544036872,0.05454704766192103,ernt+et kritik,3.4382695992087013
-14.470362354912787,1.7861251406414964,1.2878183630125526,0.9518712415323427,-0.1304457581894403,dafür,3.871632233934638
-14.806059940428488,2.1618472466627177,1.2659649335127412,0.5744917207252188,0.06689555952080489,kritik dafür,3.412407040787591
-14.510930776558231,1.8311418783256486,1.2875372041928292,0.9125890979107921,-0.10877201557383862,Ökostrom,3.8163050290297553
-14.849698787451274,2.2106115577817356,1.2584908753229438,0.5143242864430202,0.09610651898163292,dafür öko+strom,3.3527180065459206
-8.721968894294065,-0.36642863143813553,-0.4268792720466307,0.4197667071389092,-0.19152355790217443,wenig,9.960479612148871
-14.870599287304556,2.23386911751294,1.2543505081250208,0.48430021844524807,0.1104525930350839,öko+strom wenig,3.324167084842472
-14.87994638998206,2.244244294573525,1.2523711355585496,0.47060375519346975,0.11694624787155458,Raum,3.311408457258393
-14.87994638998206,2.244244294573525,1.2523711355585496,0.47060375519346975,0.11694624787155458,wenig raum,3.311408457258393
-14.88725692979991,2.252346344445783,1.2507655960980777,0.4597717987266745,0.12205932614584405,lasse,3.3014344937405893
-14.88725692979991,2.252346344445783,1.2507655960980777,0.4597717987266745,0.12205932614584405,raum lass+e,3.3014344937405893
-14.903267179944269,2.270047651295936,1.2470664918952128,0.4356719531355004,0.13336425567735136,ein neu+e,3.2796074976020915
-11.887969422659776,1.0943785413716869,0.15754221417041575,0.3563135469658458,-0.035416060419166645,neu+e studie,6.487385170559675
-14.917451968745835,2.285676712843104,1.243569842408352,0.41387217293857803,0.14350600350522744,behauptet,3.2602899018947973
-14.917451968745835,2.285676712843104,1.243569842408352,0.41387217293857803,0.14350600350522744,studie behaupt+et,3.2602899018947973
-14.932130735398944,2.301789866163202,1.2397226509130612,0.39085217839960135,0.15412885899398174,Gegenteil,3.2403227694019447
-14.932130735398944,2.301789866163202,1.2397226509130612,0.39085217839960135,0.15412885899398174,behaupt+et gegenteil,3.2403227694019447
-14.942494574002872,2.31312567425297,1.236859505732597,0.3743064162352184,0.16170936597366994,Sich,3.2262408676181717
-14.942494574002872,2.31312567425297,1.236859505732597,0.3743064162352184,0.16170936597366994,gegenteil sich,3.2262408676181717
-14.950323374326198,2.321664417483607,1.2346128516638009,0.3616422917221764,0.16748065271440013,sich wind,3.2156128557156096
-14.957637726697039,2.329621968745326,1.2324465746055324,0.34967854116860203,0.17290827108577758,wind sonne,3.205691022300461
-14.964493182806695,2.337061693961202,1.2303556169098098,0.33834737190040104,0.17802701338062368,konzentrieren,3.1963988848462987
-14.964493182806695,2.337061693961202,1.2303556169098098,0.33834737190040104,0.17802701338062368,sonne konzentrier+en,3.1963988848462987
-14.975024880604042,2.3484538502062278,1.2270256388126801,0.3207121225608563,0.18595131344664048,konzentrier+en sei,3.1821382579416815
-14.977663867318835,2.351301063989652,1.2261683194810098,0.3162490993486958,0.1879486105391426,unbezahlbar,3.178567763447087
-14.977663867318835,2.351301063989652,1.2261683194810098,0.3162490993486958,0.1879486105391426,sei un+bezahl+bar,3.178567763447087
-12.365318539460052,1.3225876844046978,0.22511355584970266,0.2589750390747617,0.019658368316426977,Politiker,5.96055996474709
-14.993892575187324,2.368740687518205,1.2206868082245188,0.2884039747673172,0.20033594042793676,politiker wissenschaftler,3.15663775482638
-15.0023958422749,2.3778275691924198,1.2176658858018932,0.2735324284992936,0.20689974594476415,streiten,3.1451670331090806
-15.0023958422749,2.3778275691924198,1.2176658858018932,0.2735324284992936,0.20689974594476415,wissenschaftler streit+en,3.1451670331090806
-15.010212232070746,2.3861472669963835,1.2147949568167296,0.2596857649628209,0.21297878205628887,Sommerhitze,3.1346358352707018
-15.010212232070746,2.3861472669963835,1.2147949568167296,0.2596857649628209,0.21297878205628887,streit+en sommer+hitze,3.1346358352707018
-8.822953969813433,-0.31593091758087954,-0.49366485631648577,0.263334114467223,-0.12250178963050504,richtigen,9.84749350691934
-15.018725488989912,2.39517053333277,1.2115623088712273,0.24440753725763464,0.21965016682040187,sommer+hitze richtig+en,3.1231806407479485
-8.13212549870077,-0.6402359101838151,-0.5910883440918382,0.2714387381875384,-0.14509659766553684,Weg,10.608357365864062
-8.13212549870077,-0.6402359101838151,-0.5910883440918382,0.2714387381875384,-0.14509659766553684,richtig+en weg,10.608357365864062
-15.027301807522528,2.4042181546113497,1.2081906013778905,0.22880309956463896,0.22642500309893612,Klima-,3.111657198445675
-15.027301807522528,2.4042181546113497,1.2081906013778905,0.22880309956463896,0.22642500309893612,weg klima+-,3.111657198445675
-15.03148853428274,2.4086187441159237,1.2065014939495353,0.221106074335795,0.22975228926187855,Energiepolitik,3.1060381074997263
-15.03148853428274,2.4086187441159237,1.2065014939495353,0.221106074335795,0.22975228926187855,klima+- energie+politik,3.1060381074997263
-7.104112240473915,-1.1235690557111484,-0.724856972454031,0.2769527312609064,-0.1739625706079187,Dabei,11.741176356891428
-6.708972910210047,-1.3093077458227338,-0.7699496351437568,0.2826655767523517,-0.1852721113309347,kommt,12.176692562765044
-15.039309636020887,2.4168095774103735,1.2032682735169755,0.20658504358826896,0.2360035486960427,dabei komm+t,3.095552902551038
-15.044264417421074,2.4219777805468836,1.2011663394372294,0.1972880570952024,0.2399881348147995,totgesagte,3.0889185206381002
-15.044264417421074,2.4219777805468836,1.2011663394372294,0.1972880570952024,0.2399881348147995,komm+t tot+ge+sag+t+e,3.0889185206381002
-15.047723098277793,2.4255755418216287,1.199673900283595,0.19075263000323756,0.2427808827797939,tot+ge+sag+t+e kern+kraft,3.0842912734868504
-15.053954169154975,2.432035996665899,1.1969318903478583,0.1788823478892693,0.24783594304115622,Gespräch,3.075963243126216
-15.053954169154975,2.432035996665899,1.1969318903478583,0.1788823478892693,0.24783594304115622,kern+kraft gespräch,3.075963243126216
-15.057861327531734,2.4360726929470884,1.1951769495013174,0.17137511885201953,0.2510214038652998,der jung+st+en,3.070746802018472
-15.06027748798905,2.4385632990388864,1.194077754517694,0.16670767294831626,0.25299738739774635,Beschlüsse…,3.067523209234258
-15.06027748798905,2.4385632990388864,1.194077754517694,0.16670767294831626,0.25299738739774635,jung+st+en beschlüsse…,3.067523209234258
-15.063644183718857,2.4420263691499815,1.1925281205715221,0.16017180059247788,0.25575858621651437,+290,3.06303431755497
-15.063644183718857,2.4420263691499815,1.1925281205715221,0.16017180059247788,0.25575858621651437,beschlüsse… +290,3.06303431755497
-15.064902162962637,2.443318127874752,1.1919436622656676,0.15771994618874333,0.2567926766095495,+290 char+s,3.061357900581622
-9.80716934900582,0.12831856237828942,-0.5621776417111078,-0.12269412029970866,0.017400328668441767,hitze+welle dürre,8.768990064418789
-6.541802966221608,-1.4092040605329865,-0.9446042543859603,0.021986677045706435,-0.11512029485928423,Bauernverband,12.368288831718644
-9.499341052923555,-0.016843407638247765,-0.605874799788508,-0.1064395895631961,0.00197193659321121,dürre bauer+n+verband,9.108206945539207
-1.3960042336007987,-3.8215643414318095,-1.3231729523792843,0.17744542496523477,-0.2486361663976131,fordert,18.04113336894119
-8.664608392516705,-0.4102765378723836,-0.7148612717558965,-0.06475334043021358,-0.036901874509867955,bauer+n+verband forder+t,10.028189676169372
-7.964405018940706,-0.7400319368478474,-0.7970390533744114,-0.03224139429112905,-0.06659409692873425,forder+t mehr,10.800003375700031
-7.379520025591368,-1.0152723133525319,-0.8601761971861059,-0.006629362105304397,-0.08963655513798867,Hilfen,11.444745631671102
-7.379520025591368,-1.0152723133525319,-0.8601761971861059,-0.006629362105304397,-0.08963655513798867,mehr hilfe+n,11.444745631671102
-6.220726540717283,-1.5600206982230667,-0.9727457495201812,0.040418095869129596,-0.1312385592151292,hilfe+n angesichts,12.722183156726262
2.5620245486976536,-5.668504944367587,-1.5068394087359656,0.2912938820239099,-0.340202785202499,angesichts klima+wandel+s,22.403134250984426
-5.770900085917269,-1.7712839799779578,-1.0125509347379618,0.05748635336727668,-0.14611599590309365,Aufgrund,13.218072247416146
-5.770900085917269,-1.7712839799779578,-1.0125509347379618,0.05748635336727668,-0.14611599590309365,klima+wandel+s aufgrund,13.218072247416146
2.5620245486976536,-5.668504944367587,-1.5068394087359656,0.2912938820239099,-0.340202785202499,aufgrund klima+wandel+s,22.403134250984426
-7.098436539746665,-1.147478674856269,-0.8889230838792388,0.00521559738111662,-0.10019610129466691,Ernteausfälle,11.754603569057288
-7.098436539746665,-1.147478674856269,-0.8889230838792388,0.00521559738111662,-0.10019610129466691,klima+wandel+s ernte+ausfall+e,11.754603569057288
-8.525465934659524,-0.4767708401746287,-0.7347276190243504,-0.06923585577699964,-0.033411008055053384,wahrscheinlicher,10.182027002356834
-8.525465934659524,-0.4767708401746287,-0.7347276190243504,-0.06923585577699964,-0.033411008055053384,ernte+ausfall+e wahrscheinlich+er,10.182027002356834
-5.999520730764267,-1.7664272653968869,-1.0275079747516431,-0.0569229717165375,-0.06828317372362998,der land+wirtschaft,13.009177392811708
-10.109938808971076,0.25726341907536554,-0.5277790659989207,-0.17718449751497364,0.06436691218549884,land+wirtschaft forder+t,8.441396048653584
-10.381474552490552,0.3899643405319049,-0.4831165768733874,-0.18473094137474178,0.07331196109941843,daher,8.140279065418135
-10.381474552490552,0.3899643405319049,-0.4831165768733874,-0.18473094137474178,0.07331196109941843,forder+t daher,8.140279065418135
-10.551968972385804,0.4723446543879932,-0.4543856816961426,-0.19054359523227513,0.07977926000966234,stärkere,7.9516285284877455
-10.551968972385804,0.4723446543879932,-0.4543856816961426,-0.19054359523227513,0.07977926000966234,daher stark+er+e,7.9516285284877455
-7.078348644105903,-1.1584658257070517,-0.8961980978703942,-0.00851158728787857,-0.09115675779314895,Unterstützung,11.77743195288201
-10.771470153754638,0.5777134393968777,-0.41645811623589096,-0.19905678152486067,0.08899887695442457,stark+er+e unterstützung,7.7090707023513225
-11.188457145019727,0.7765393456642946,-0.3409698346745172,-0.21789657124609021,0.10905345587341328,unterstützung bund+es+regierung,7.2489426588994945
3.5075570178616076,-6.108820907944056,-1.5447184574675776,0.307596935169655,-0.35284007696836095,Deutsche,23.445035684020397
0.010678289484733483,-4.477739637149371,-1.3930232108616345,0.22877767723925801,-0.28971764611569994,der deutsch+e,19.591087934880193
-11.595122254536893,0.9694358953672584,-0.2621939329020508,-0.23905701430925985,0.13157837001248326,deutsch+e bauer+n+verband,6.800761459093587
-11.784398350241595,1.0589875212755064,-0.22351985392021761,-0.24971939175409125,0.1430247058301992,bauer+n+verband angesichts,6.592308399217186
-11.885804876403888,1.1069144219160418,-0.20222257615167355,-0.25562911614504247,0.1494078471197143,anhaltender,6.480663145297008
-11.885804876403888,1.1069144219160418,-0.20222257615167355,-0.25562911614504247,0.1494078471197143,angesichts an+halt+end+er,6.480663145297008
-11.986393998195872,1.154420894958848,-0.18067745844784355,-0.2616225893112285,0.1559133445549765,an+halt+end+er trockenheit,6.369942206535862
-12.085342400455218,1.201119477869959,-0.15905916565244715,-0.267643019850464,0.1624829701189389,trockenheit hitze+welle+n,6.261051212277304
-12.195098867121702,1.2528800606418802,-0.1345657728967387,-0.2744626226873672,0.16996986033919267,voraussichtlich,6.1402945839521905
-12.195098867121702,1.2528800606418802,-0.1345657728967387,-0.2744626226873672,0.16996986033919267,hitze+welle+n voraussichtlich,6.1402945839521905
-12.29374122264181,1.2993633146717745,-0.11207182687610001,-0.28071620266871017,0.17688020584959444,unterdurchschnittlicher,6.0317923494440056
-12.29374122264181,1.2993633146717745,-0.11207182687610001,-0.28071620266871017,0.17688020584959444,voraussichtlich unterdurchschnittlich+er,6.0317923494440056
-12.42468420394879,1.361012189451099,-0.08147548042555414,-0.28919603114697245,0.18632361040096182,Ernten,5.887801294774749
-12.42468420394879,1.361012189451099,-0.08147548042555414,-0.28919603114697245,0.18632361040096182,unterdurchschnittlich+er ernte+n,5.887801294774749
-12.45959913036995,1.3774391568943325,-0.07317000479543091,-0.2914909951464436,0.18889448864181133,bessere,5.849415329539872
-12.45959913036995,1.3774391568943325,-0.07317000479543091,-0.2914909951464436,0.18889448864181133,ernte+n gut+er+e,5.849415329539872
-12.497904897812901,1.395455782941129,-0.06398457622174206,-0.29402507469489514,0.1917409837906773,Hilfeleistungen,5.807305507463493
-12.497904897812901,1.395455782941129,-0.06398457622174206,-0.29402507469489514,0.1917409837906773,gut+er+e hilfe+leistung+en,5.807305507463493
-3.9825098626649176,-2.610085566340655,-1.1535191466688,0.11822090966145499,-0.19816744769102235,Politik,15.18954647556296
-12.586956635512525,1.4373162256999041,-0.04232720120983635,-0.2999813120263774,0.19846446954379984,hilfe+leistung+en politik,5.7094272842969405
-12.620158399496576,1.4529144289223672,-0.0341414361027733,-0.3022251331768376,0.20100963218929938,gefordert,5.672940977487463
-12.620158399496576,1.4529144289223672,-0.0341414361027733,-0.3022251331768376,0.20100963218929938,politik ge+forder+t,5.672940977487463
-12.679106147165825,1.4805955903619488,-0.019455538558254104,-0.30623956690781334,0.20558050909625428,landwirtschaftlich…,5.608170473502945
-12.679106147165825,1.4805955903619488,-0.019455538558254104,-0.30623956690781334,0.20558050909625428,der landwirtschaftlich…,5.608170473502945
-12.755173752432885,1.51629121356541,-0.00020899042321009809,-0.311477398110786,0.21157869233676121,+1669,5.5246062212182965
-12.755173752432885,1.51629121356541,-0.00020899042321009809,-0.311477398110786,0.21157869233676121,landwirtschaftlich… +1669,5.5246062212182965
-12.77566314314528,1.5259010998659615,0.005033430674632244,-0.31289924391823865,0.2132138225178404,+1669 char+s,5.502100980034862
-14.29636679704971,1.595313872926341,1.28457199680036,1.106043436693347,-0.21800449742292552,Erneuerbare,4.107988845177629
-14.097757696536881,1.382598269148113,1.2746912513778608,1.2591541000202573,-0.30881016773123887,XXL-Windpark,4.375690032105453
-14.635048876771435,1.9698183561790514,1.2833430589992858,0.7828513294118918,-0.039050695281335215,energie+n xxl-windpark,3.64663177415711
-13.821113700786736,1.09578236608764,1.2546141786733256,1.4423978810839058,-0.42232805447503596,Meer,4.744705261529269
-13.821113700786736,1.09578236608764,1.2546141786733256,1.4423978810839058,-0.42232805447503596,xxl-windpark meer,4.744705261529269
-13.642262965253295,0.9160456682255735,1.2394192467411072,1.5466578664825459,-0.48916508149681315,meer was,4.980960009687395
-11.90560419914574,-0.6490489870879994,1.0785554318154107,2.24690524025981,-0.9751227313259062,was energie+wende,7.202036095087659
-13.52017429092508,0.7957759624287055,1.228466576897445,1.612657791033696,-0.5322830803051679,energie+wende bedeut+et,5.141250467772644
-14.484179781521386,1.8014375603594237,1.287774590222324,0.938649126560364,-0.12312144625080652,bedeut+et hier,3.8527964236276153
-14.744719552333256,2.0930186171001326,1.2741400187396932,0.6538564754162521,0.02741792360125528,thema erneuer+bar+e,3.496411089759129
-14.635048876771435,1.9698183561790514,1.2833430589992858,0.7828513294118918,-0.039050695281335215,sie xxl-windpark,3.64663177415711
-14.509545700594417,1.8296020409117462,1.287554620960169,0.9139536932615994,-0.1095205547621996,Rund,3.818195204104459
-14.563007846339126,1.8891733178132546,1.2864445143943848,0.8600102585041036,-0.08017068668851654,110,3.7451797975600174
-14.563007846339126,1.8891733178132546,1.2864445143943848,0.8600102585041036,-0.08017068668851654,rund 110,3.7451797975600174
-13.684098430468666,0.9577031222943453,1.2430783722160281,1.523122628450962,-0.473939382090124,Kilometer,4.925853459828947
-14.598097511581347,1.9284082842451185,1.285184320410976,0.8231055827370958,-0.060376441791756844,110 kilo+meter,3.6971988392881103
-14.666236505995869,2.0048257099504516,1.2813344014986303,0.7476863444999691,-0.020648007920916783,westlich,3.603927061887931
-14.666236505995869,2.0048257099504516,1.2813344014986303,0.7476863444999691,-0.020648007920916783,kilo+meter westlich,3.603927061887931
-14.729130383626707,2.075500905079536,1.2758372873603043,0.673143979967211,0.017660881131567135,Insel,3.517768412054285
-14.729130383626707,2.075500905079536,1.2758372873603043,0.673143979967211,0.017660881131567135,westlich insel,3.517768412054285
-14.752008051700576,2.1012067451444323,1.273296637874221,0.644721207772901,0.03201695091113205,Helgoland,3.4864263394863864
-14.752008051700576,2.1012067451444323,1.273296637874221,0.644721207772901,0.03201695091113205,insel helgoland,3.4864263394863864
-14.806059940428488,2.1618472466627177,1.2659649335127412,0.5744917207252188,0.06689555952080489,Energiekonzern,3.412407040787591
-14.806059940428488,2.1618472466627177,1.2659649335127412,0.5744917207252188,0.06689555952080489,helgoland energie+konzern,3.412407040787591
-14.839963212768398,2.199753880130771,1.260290763938009,0.5280352128345482,0.08950422057787,EnBW,3.366026317436833
-14.839963212768398,2.199753880130771,1.260290763938009,0.5280352128345482,0.08950422057787,energie+konzern enbw,3.366026317436833
-14.586262939076201,1.9151649746477721,1.285659986305938,0.835691621531433,-0.06710101994619136,größte,3.713385789214139
-14.857026284050832,2.2187739319909414,1.2570830641691018,0.5038909994375681,0.10110909707382446,enbw groß,3.342705128497311
-14.868975443563693,2.2320649294497823,1.2546861520284958,0.48666242589236397,0.10932942942674065,Offshore-Windprojekt,3.326384264673483
-14.868975443563693,2.2320649294497823,1.2546861520284958,0.48666242589236397,0.10932942942674065,groß offshore+-+wind+projekt,3.326384264673483
-14.899450863139217,2.265833819359245,1.2479715613718465,0.4414644378196587,0.13065601625843867,offshore+-+wind+projekt deutschland+s,3.2848081971938248
-14.915199424656775,2.2831984677555193,1.2441393316734009,0.4173627804171477,0.141887464141523,deutschland+s bau+en,3.2633561312081767
-13.934664997112726,1.212185055128188,1.263493315144929,1.3707869529074692,-0.37735404407403617,lassen,4.5937782536890985
-14.921834335557179,2.2904940400137943,1.2424461633552404,0.40704944814764554,0.14666368979748654,bau+en lass+en,3.254326092507406
-14.933112341854171,2.302865036388761,1.2394567790989033,0.38929558784135665,0.15484396517571905,Windräder,3.2389884265956956
-14.951160389954595,2.3225760414844725,1.2343682812836336,0.3602797280557825,0.16810000941218126,Nabenhöhe,3.214477064421339
-14.951160389954595,2.3225760414844725,1.2343682812836336,0.3602797280557825,0.16810000941218126,wind+rad+er nabenhöh+e,3.214477064421339
-14.962255943111003,2.334635813611719,1.231044528548753,0.34205792957809444,0.1763531481468734,142,3.199430532744988
-14.962255943111003,2.334635813611719,1.231044528548753,0.34205792957809444,0.1763531481468734,nabenhöh+e 142,3.199430532744988
-14.350088564557064,1.6538071981262048,1.2862380471027595,1.0607039222070707,-0.19184555058676137,Metern,4.03518637739393
-14.965228701556953,2.337858792695609,1.2301277322965436,0.33712477685275943,0.17857803765521477,142 meter+n,3.195402365162362
-14.970240155683399,2.343283945385232,1.2285564601018186,0.32875871839320875,0.18234199254822533,stehen,3.1886148655701456
-14.970240155683399,2.343283945385232,1.2285564601018186,0.32875871839320875,0.18234199254822533,meter+n steh+en,3.1886148655701456
-14.982748096928905,2.3567777622841,1.2244901495619243,0.30760005437694954,0.1918099048789715,+3453,3.1716922909510004
-14.982748096928905,2.3567777622841,1.2244901495619243,0.30760005437694954,0.1918099048789715,steh+en +3453,3.1716922909510004
-14.986402171345613,2.360706647314698,1.223262202167886,0.30134227247791384,0.19459597155395023,+3453 chars,3.166753663229163
-8.079688545785608,-0.6857583017640572,-0.7840281753593427,-0.037450836508390685,-0.06187075240446824,Leben,10.672925382773933
-10.29200928880679,0.3570088944711092,-0.488948040709087,-0.14934184587010707,0.04305725958168424,leben fast,8.234789514524573
6.518467470124744,-7.510998792454339,-1.6454863863394953,0.36691086983830956,-0.3994174103979542,Grad,26.763130716632663
-5.024898996395997,-2.1214095455628863,-1.0744023615469136,0.08446818296147021,-0.16941631855490147,fast grad,14.040462067924725
-9.846972430724513,0.14709073769334857,-0.5563751906072301,-0.12483269473003622,0.01944233514276164,grad hitze,8.725130861660139
-5.845936429210461,-1.7360503872937185,-1.0060484671806582,0.05468244116722409,-0.14367948229579675,Kann,13.135352096768825
-9.546770636237378,0.005520635801607554,-0.5992744235492485,-0.10891169327907652,0.004308095275317364,hitze könn,9.055938973783109
-8.51005028591256,-0.48308698007746376,-0.7336709950184047,-0.057393642753021085,-0.04366882036731326,könn deutschland,10.19854851796095
-7.2429927743792835,-1.07949285497729,-0.87426217601729,-0.0008397474333375343,-0.09480533250566503,passieren,11.595248620065133
-7.2429927743792835,-1.07949285497729,-0.87426217601729,-0.0008397474333375343,-0.09480533250566503,deutschland passier+en,11.595248620065133
-4.9322258145046,-2.1648842823916477,-1.081749064697842,0.0877109704941296,-0.1721992251350429,Durch,14.14262418136163
2.5620245486976536,-5.668504944367587,-1.5068394087359656,0.2912938820239099,-0.340202785202499,durch klima+wandel,22.403134250984426
-4.898584879312818,-2.1806647972832307,-1.084398420084009,0.08888237931933013,-0.17320360812532223,Banda,14.179709613972653
-7.508749046323352,-0.9544750873779657,-0.8466230008617246,-0.012173911098152579,-0.08467299900331864,klima+wandel band+a,11.302289015614468
-8.254416285425474,-0.6034853874355619,-0.7639301810782332,-0.04545203781794273,-0.0545911673852722,Indien,10.48032445287389
-8.254416285425474,-0.6034853874355619,-0.7639301810782332,-0.04545203781794273,-0.0545911673852722,band+a indien,10.48032445287389
-8.876388380652445,-0.310489753175057,-0.6884268779044486,-0.07501418960186307,-0.027420914325241255,indien fast,9.794765978028545
-6.307478382632267,-1.5192645659394186,-0.964835108901446,0.037053250235349604,-0.12829255295786074,heiß,12.62654798220613
-9.59296430694281,0.027302739391618758,-0.5928005380311732,-0.11133058804723725,0.0065974983490126315,grad heiß,9.005033691590317
-10.350619538105905,0.38465727542554484,-0.4797012523393809,-0.1526537155288524,0.046279454282068755,immense,8.170220016156447
-10.350619538105905,0.38465727542554484,-0.4797012523393809,-0.1526537155288524,0.046279454282068755,der immens+e,8.170220016156447
-10.564742705558421,0.48566830077517587,-0.4451432697481745,-0.16492555473295184,0.05828719778247449,immens+e folge+n,7.934342477066543
-11.063890735942529,0.7211224101058322,-0.359472829076202,-0.194625527977753,0.08782145774304101,könn europa,7.384604742602292
-11.227431843770585,0.7982499712377851,-0.3297024244846059,-0.20470364209185632,0.09800735328666463,europa heiß,7.204533944192927
-11.412677746137911,0.8855948334847037,-0.294872100714628,-0.21633475967211746,0.10987431521321225,"48,2",7.000597531717083
-11.47708801117902,0.9159587343030866,-0.2824728165414786,-0.22043356387257848,0.11408583913715711,"48,2 grad",6.929697590582433
-11.538206910819365,0.944767626738229,-0.27056452962322936,-0.22434935750917925,0.11812418086743418,zeigte,6.862425280906859
-11.538206910819365,0.944767626738229,-0.27056452962322936,-0.22434935750917925,0.11812418086743418,grad zeig+te,6.862425280906859
-11.662396741177684,1.0032938516810992,-0.24592753466500628,-0.2323861829259993,0.1264591950012405,Thermometer,6.725746898063484
-11.662396741177684,1.0032938516810992,-0.24592753466500628,-0.2323861829259993,0.1264591950012405,zeig+te thermometer,6.725746898063484
-11.812474252825908,1.0739953648400897,-0.21533660413397332,-0.24224376294156194,0.1367713082856223,Mai,6.560606294465734
-11.812474252825908,1.0739953648400897,-0.21533660413397332,-0.24224376294156194,0.1367713082856223,thermometer mai,6.560606294465734
-11.876087906975357,1.1039542273370317,-0.20208881461898542,-0.24647082542141724,0.14122435973192862,mai band+a,6.490618125081598
-11.960887315599818,1.143880443791756,-0.18415929280020166,-0.25215129262420494,0.1472388860435269,nordindische,6.397331521884729
-11.960887315599818,1.143880443791756,-0.18415929280020166,-0.25215129262420494,0.1472388860435269,band+a norden+indisch+e,6.397331521884729
-9.557395145101859,0.01053043223017669,-0.597789430630875,-0.10946705489248729,0.004833416801352242,Stadt,9.04423073600983
-12.061775254452733,1.1913649099531267,-0.16241427637925318,-0.2589780550499822,0.1545145282930653,norden+indisch+e stadt,6.286362446756905
-12.105190655852997,1.2117928712929458,-0.1529143426376023,-0.2619389602925712,0.1576866488680184,stadt gelt,6.238614572515059
-8.693750667196309,-0.39654658501897,-0.7112697092128641,-0.06615308683531478,-0.035611739190985064,heißesten,9.996068593991687
-12.225149789563801,1.2682149022485163,-0.12620532313871552,-0.2701931102520127,0.16658409997130633,gelt heiß+est+en,6.106703901918149
1.9630166821388855,-5.391621183800835,-1.4852130747777312,0.27812761925316465,-0.33609274970738934,Welt,21.743853924873957
-12.309202556680283,1.3077277292348808,-0.1070754302889522,-0.27604101257325514,0.17293781912120368,heiß+est+en welt,6.014294981081514
-2.2391793896447467,-3.4264510457029447,-1.2681158119578793,0.1728254871416253,-0.24399171620086113,vergangenen,17.111300137444744
-3.834916265671021,-2.6530977616928064,-0.978541152635805,0.43270872394021814,-0.2870911038950536,Jahren,15.343243258807812
-12.442819688640839,1.3704999948655336,-0.07592903917127594,-0.2854476655633976,0.18324900117524176,vergeh+en+en jahr+en,5.867427640372557
-12.476982662434201,1.3865406638476947,-0.06781570431284394,-0.28787464047281547,0.18592814763635804,klettern,5.829883917617971
-12.476982662434201,1.3865406638476947,-0.06781570431284394,-0.28787464047281547,0.18592814763635804,jahr+en kletter+n,5.829883917617971
-12.537152971099566,1.414783104874226,-0.05337294404301171,-0.29217101658746164,0.19069042021449703,kletter+n temperatur+en,5.763766596860622
-12.61417167281462,1.450914754948172,-0.034594652210260604,-0.2977111894358183,0.19686900371344304,temperatur+en immer,5.6791500989732775
-12.63838187744899,1.46226775474954,-0.02862276927051348,-0.2994621840254014,0.1988307871858407,immer häufig+er,5.652555090891353
-12.703421078666935,1.4927550326160932,-0.012412298708193867,-0.3041886591105367,0.204148382275791,häufig+er grad,5.581117948003771
-6.6864231865527675,-1.3411870311725265,-0.9293426292074279,0.022066166357031895,-0.11511730101674858,die…,12.208800867965536
-12.725211684204705,1.5029654004173483,-0.006925773471063726,-0.3057795677426403,0.20594564229092763,grad die…,5.557186707807223
-12.74643784684611,1.5129092621846763,-0.0015542266446267605,-0.30733282447946986,0.20770401086736442,+8507,5.5338768111285805
-12.74643784684611,1.5129092621846763,-0.0015542266446267605,-0.30733282447946986,0.20770401086736442,die… +8507,5.5338768111285805
-12.767123924385096,1.522598137542611,0.0037066448321016465,-0.30884994052403186,0.20942497468257418,+8507 char+s,5.51116142198771
-11.383562299317404,0.8719893947130193,-0.3014276546045021,-0.21435860893587244,0.10587879792883623,Wahlarena,7.032554863581448
-2.423525678307305,-3.341036335085989,-1.2582449314654613,0.16744824387642074,-0.24227443694833878,Sachsen-Anhalt,16.908388680845366
-11.193089885302747,0.7821553775031838,-0.3371961198091246,-0.20242858404844494,0.09340361197276711,wahl+arena sachsen-anhalt,7.242253329479084
-10.91159146161224,0.6493411739539785,-0.3878718044130808,-0.18523533326866207,0.07554814992115894,sachsen-anhalt der,7.55223497699341
-7.086515789956181,-1.1537876903423268,-0.8920877929349131,0.005729872522645889,-0.10446876741011962,Spitzenkandidaten,11.767958239179121
-7.086515789956181,-1.1537876903423268,-0.8920877929349131,0.005729872522645889,-0.10446876741011962,der spitze+n+kandidat+en,11.767958239179121
-11.193089885302747,0.7821553775031838,-0.3371961198091246,-0.20242858404844494,0.09340361197276711,spitze+n+kandidat+en sachsen-anhalt,7.242253329479084
-9.782385827476594,0.11619504306246631,-0.5691675093245808,-0.12112608123516933,0.009279842550063089,stellen,8.796339950377014
-9.782385827476594,0.11619504306246631,-0.5691675093245808,-0.12112608123516933,0.009279842550063089,sachsen-anhalt stell+en,8.796339950377014
-9.126743606542362,-0.1936969864942144,-0.6617724074179965,-0.08711235404536471,-0.027139539254977738,Bürgerfragen,9.519104184963512
-9.126743606542362,-0.1936969864942144,-0.6617724074179965,-0.08711235404536471,-0.027139539254977738,stell+en bürger+frage+n,9.519104184963512
-2.8300267237110415,-3.1650966291988833,-1.2533130355974995,0.1548727149600182,-0.27220188813678653,Migration,16.465435784111673
-7.96400364245611,-0.7465832547628812,-0.8137230753465821,-0.03165482242795435,-0.09959950093065359,bürger+frage+n migration,10.802417670553188
-7.037199840464373,-1.1771682525029616,-0.8975121825738096,0.007779524736535454,-0.1072371661423597,Russlandpolitik,11.822382524413506
-7.037199840464373,-1.1771682525029616,-0.8975121825738096,0.007779524736535454,-0.1072371661423597,migration russlandpolitik,11.822382524413506
2.5620245486976536,-5.668504944367587,-1.5068394087359656,0.2912938820239099,-0.340202785202499,russlandpolitik klima+wandel,22.403134250984426
-2.1913984539753972,-3.449165975016066,-1.2716146159824855,0.1741675620353051,-0.24627804370401984,klima+wandel der,17.164095288927598
-6.5849017014162925,-1.388902840587102,-0.939004310016979,0.026128178381094082,-0.11869700529266006,Landtagswahl,12.320717429759453
-8.942244907175256,-0.2794548472700473,-0.6800455894756028,-0.07824745144916864,-0.024421917857713082,spitze+n+kandidat+en land+tag+s+wahl,9.722180782742345
-8.774871139344235,-0.35850764765437404,-0.7020397432322613,-0.07003472929952875,-0.033669470413117714,land+tag+s+wahl sachsen-anhalt,9.906698410468422
-10.29200928880679,0.3570088944711092,-0.488948040709087,-0.14934184587010707,0.04305725958168424,beantworten,8.234789514524573
-10.29200928880679,0.3570088944711092,-0.488948040709087,-0.14934184587010707,0.04305725958168424,sachsen-anhalt beantwort+en,8.234789514524573
-10.613775068254041,0.5087990390549049,-0.4370528239753454,-0.16777442331799636,0.06109050605674857,Fragen,7.880332539479458
-10.613775068254041,0.5087990390549049,-0.4370528239753454,-0.16777442331799636,0.06109050605674857,beantwort+en frage+n,7.880332539479458
-10.85705120466177,0.6235598763181445,-0.39588628484287053,-0.18212805847811264,0.07530863275856275,Bürgerinnen,7.612384618902192
-10.85705120466177,0.6235598763181445,-0.39588628484287053,-0.18212805847811264,0.07530863275856275,frage+n bürger+in+nen,7.612384618902192
-9.126743606542362,-0.1936969864942144,-0.6617724074179965,-0.08711235404536471,-0.027139539254977738,Bürger,9.519104184963512
-9.126743606542362,-0.1936969864942144,-0.6617724074179965,-0.08711235404536471,-0.027139539254977738,bürger+in+nen bürger,9.519104184963512
-7.6647617066696245,-0.8810646885622475,-0.8299671631316674,-0.018952791575571712,-0.07858611902309165,Unser,11.130308805640949
-8.040558181656055,-0.7041810709698328,-0.7884663201562416,-0.03567646598384332,-0.0634809814741269,Liveblog,10.716058947603132
-11.3585707328916,0.8600854436413314,-0.3051711457148214,-0.21291353396636176,0.10637096921451497,unser liveblog,7.060159831364213
-11.47708801117902,0.9159587343030866,-0.2824728165414786,-0.22043356387257848,0.11408583913715711,Herzlich,6.929697590582433
-11.47708801117902,0.9159587343030866,-0.2824728165414786,-0.22043356387257848,0.11408583913715711,liveblog herzlich,6.929697590582433
-11.584918846050925,0.966783226695453,-0.2613677996125655,-0.22735960829131593,0.12123868726431561,willkommen,6.81101359674634
-11.584918846050925,0.966783226695453,-0.2613677996125655,-0.22735960829131593,0.12123868726431561,herzlich willkommen,6.81101359674634
-11.3585707328916,0.8600854436413314,-0.3051711457148214,-0.21291353396636176,0.10637096921451497,willkommen liveblog,7.060159831364213
-11.927775232637966,1.1282916799712637,-0.19119752096428383,-0.24992697672964717,0.1448795593134837,begleiten,6.433756207473901
-11.927775232637966,1.1282916799712637,-0.19119752096428383,-0.24992697672964717,0.1448795593134837,liveblog begleit+en,6.433756207473901
-12.083715368675302,1.201688734734157,-0.15762432224108258,-0.2604726114121254,0.15611443038039427,Abend,6.262232455495652
-12.083715368675302,1.201688734734157,-0.15762432224108258,-0.2604726114121254,0.15611443038039427,begleit+en abend,6.262232455495652
-12.153583062767785,1.2345578908786177,-0.14222198614389417,-0.2652558045926338,0.16125224927536277,MDR-Wahlarenazur,6.185397330893537
-12.153583062767785,1.2345578908786177,-0.14222198614389417,-0.2652558045926338,0.16125224927536277,abend mdr-wahlarenazur,6.185397330893537
-12.262078244360126,1.2855770567368325,-0.11784364465512025,-0.27275580941546856,0.16936325118244558,mdr-wahlarenazur land+tag+s+wahl,6.066102278504239
-12.457620000104225,1.3774497077933954,-0.07242176737859281,-0.28649799669770576,0.18440750054246677,Spitzenkandidatinnen,5.851162332235401
-12.457620000104225,1.3774497077933954,-0.07242176737859281,-0.28649799669770576,0.18440750054246677,der spitze+n+kandidat+in+nen,5.851162332235401
-12.57223250585809,1.4312426511294385,-0.04486113379066138,-0.2946886995674242,0.19349289862597283,-kandidaten,5.725224446546329
-12.57223250585809,1.4312426511294385,-0.04486113379066138,-0.2946886995674242,0.19349289862597283,spitze+n+kandidat+in+nen -kandidat+en,5.725224446546329
-12.63838187744899,1.46226775474954,-0.02862276927051348,-0.2994621840254014,0.1988307871858407,AfD,5.652555090891353
-12.63838187744899,1.46226775474954,-0.02862276927051348,-0.2994621840254014,0.1988307871858407,-kandidat+en afd,5.652555090891353
-12.658041072248258,1.4714848997887482,-0.02374876167036523,-0.3008873743222805,0.20043079689057766,afd cdu,5.630960659544451
-12.677250614565745,1.4804896929283693,-0.018964652580485047,-0.30228286704364227,0.2020003191898371,Linken,5.6098612664608565
-12.677250614565745,1.4804896929283693,-0.018964652580485047,-0.30228286704364227,0.2020003191898371,cdu link+en,5.6098612664608565
-7.739941835293262,-0.8456844586552155,-0.8218233954382415,-0.022253283710855797,-0.07561513987034284,SPD,11.047434837079901
-12.707093123968848,1.494475778854103,-0.011489703251678196,-0.3044564921099362,0.2044506920811566,link+en spd,5.577085068896199
-12.725211684204705,1.5029654004173483,-0.006925773471063726,-0.3057795677426403,0.20594564229092763,Grünen,5.557186707807223
-12.725211684204705,1.5029654004173483,-0.006925773471063726,-0.3057795677426403,0.20594564229092763,spd grüne+n,5.557186707807223
-12.76371276163225,1.5210005646091997,0.0028373431671720045,-0.30859953609221386,0.20914068432337565,+1141,5.514907124614855
-12.76371276163225,1.5210005646091997,0.0028373431671720045,-0.30859953609221386,0.20914068432337565,grüne+n +1141,5.514907124614855
-12.783966319681992,1.5304852518900516,0.008009104777224857,-0.3100876276493502,0.21083155440144483,+1141 chars,5.49266782174987
-9.961005450272424,0.20087423952857053,-0.5395504814291072,-0.1310073452847671,0.025354478816159487,UmdenkeN,8.599480870575942
-9.241505088166292,-0.1384025802797635,-0.640951918523691,-0.09320115804994784,-0.01047780280971064,um+denk+en hitze,9.39235704553703
0.4265122013281051,-4.672236632775977,-1.4123538429383469,0.24292549598987512,-0.30142535186572594,Schneider,20.049525159050663
-8.808256864105775,-0.3425945069420653,-0.6970163653592201,-0.07169059801895741,-0.030497916759560206,hitze schneider,9.8698595341138
-7.747796644441806,-0.841987754740722,-0.8209680500363505,-0.022599403714093642,-0.07530329183478285,Normales,11.038776203965556
-7.747796644441806,-0.841987754740722,-0.8209680500363505,-0.022599403714093642,-0.07530329183478285,schneider normal+es,11.038776203965556
-6.42104217941429,-1.4659058781487415,-0.9543606763770014,0.03261165299833637,-0.12439711204934074,Wirtschaften,12.501355469594534
-6.42104217941429,-1.4659058781487415,-0.9543606763770014,0.03261165299833637,-0.12439711204934074,normal+es wirtschaft+en,12.501355469594534
2.5620245486976536,-5.668504944367587,-1.5068394087359656,0.2912938820239099,-0.340202785202499,wirtschaft+en klima+wandel,22.403134250984426
-6.781753579745285,-1.2963758424280485,-0.9201651085294912,0.018219940162242716,-0.11172166441641135,klima+wandel mehr,12.103709569871079
-7.508749046323352,-0.9544750873779657,-0.8466230008617246,-0.012173911098152579,-0.08467299900331864,möglich,11.302289015614468
-7.508749046323352,-0.9544750873779657,-0.8466230008617246,-0.012173911098152579,-0.08467299900331864,mehr möglich,11.302289015614468
-8.42822542461201,-0.5216286135613775,-0.7434699578882644,-0.05354032814232343,-0.04720092240547001,Jeder,10.288740018464392
-8.42822542461201,-0.5216286135613775,-0.7434699578882644,-0.05354032814232343,-0.04720092240547001,möglich jed+er,10.288740018464392
-8.876388380652445,-0.310489753175057,-0.6884268779044486,-0.07501418960186307,-0.027420914325241255,Tag,9.794765978028545
-8.876388380652445,-0.310489753175057,-0.6884268779044486,-0.07501418960186307,-0.027420914325241255,jed+er tag,9.794765978028545
-9.40054085483512,-0.06342693457856097,-0.619474474094019,-0.10132704838210749,-0.0028480339340848926,ausreichenden,9.217088189519718
-9.40054085483512,-0.06342693457856097,-0.619474474094019,-0.10132704838210749,-0.0028480339340848926,tag aus+reich+end+en,9.217088189519718
-9.997336703455623,0.21801055628421295,-0.5341263741658956,-0.13298963293192137,0.02725769737595174,aus+reich+end+en klima+schutz,8.55944956299029
-10.379106834567098,0.3980957980312536,-0.4751744894671711,-0.15427069630649387,0.047855453228759115,koste,8.138836932298988
-10.379106834567098,0.3980957980312536,-0.4751744894671711,-0.15427069630649387,0.047855453228759115,klima+schutz kost+e,8.138836932298988
-6.42104217941429,-1.4659058781487415,-0.9543606763770014,0.03261165299833637,-0.12439711204934074,kost+e wirtschaft,12.501355469594534
-10.877211084617294,0.6330694704379538,-0.39239585080397577,-0.18333411787606826,0.07651064145810604,500,7.5901822078558405
-10.877211084617294,0.6330694704379538,-0.39239585080397577,-0.18333411787606826,0.07651064145810604,wirtschaft 500,7.5901822078558405
-10.955008857213624,0.6697664012392806,-0.37880870902762864,-0.18801256585646917,0.08118445306093491,500 million+en,7.504505293723447
-9.722372566467968,-0.052644840373541335,0.09190036989508722,1.029031492851898,-0.35448021271681385,Euro,8.927362791646974
-9.722372566467968,-0.052644840373541335,0.09190036989508722,1.029031492851898,-0.35448021271681385,million+en euro,8.927362791646974
-7.95877331924291,-0.7426830626728398,-0.7976696711096086,-0.03198830697900652,-0.06682324601751616,rechnet,10.806211281419161
-11.227431843770585,0.7982499712377851,-0.3297024244846059,-0.20470364209185632,0.09800735328666463,euro rechn+et,7.204533944192927
-11.344662977790705,0.8535281145297757,-0.30780145041505813,-0.21203735104591637,0.105475483461176,rechn+et umwelt+minister,7.075470353481745
-7.332837694345914,-1.0372322215647802,-0.8650191446207965,-0.00464193550141025,-0.0914124842822427,Carsten,11.496206521460035
-7.332837694345914,-1.0372322215647802,-0.8650191446207965,-0.00464193550141025,-0.0914124842822427,umwelt+minister carsten,11.496206521460035
-4.648606029886459,-2.297908649363836,-1.103798409772726,0.09749256411546517,-0.18057155247089404,carsten schneider,14.45528302382626
-7.820799848068937,-0.8076286537901627,-0.8129773594155196,-0.025827988395183635,-0.07239178177399291,Grundgesetz,10.958302457017627
-11.629828124953391,0.9879470598044522,-0.2524466214892577,-0.23026807212268902,0.12425630888858127,ändern,6.761588629861263
-11.629828124953391,0.9879470598044522,-0.2524466214892577,-0.23026807212268902,0.12425630888858127,grund+gesetz änder+n,6.761588629861263
-11.412677746137911,0.8855948334847037,-0.294872100714628,-0.21633475967211746,0.10987431521321225,änder+n bund,7.000597531717083
-11.344662977790705,0.8535281145297757,-0.30780145041505813,-0.21203735104591637,0.105475483461176,bund mehr,7.075470353481745
-3.4314245568652826,-2.8683502056477943,-1.1915734068923907,0.13718260862733125,-0.21421318248561594,Anpassung,15.797062341010502
-11.14824114304867,0.760904499938996,-0.344229378590417,-0.19980156500011217,0.09304193006393058,mehr anpassung,7.29172553586762
-2.244648864796366,-3.423892121327987,-1.2677836565748979,0.17266862467871655,-0.24386153088285678,tun,17.105271150467022
-10.973781502576461,0.6786211308974015,-0.37550185244731565,-0.1891472714380826,0.08232071528694246,anpassung tu+n,7.4838321565340085
-9.76640920680107,0.10909552150289592,-0.5680826190509192,-0.12051298076914951,0.015320633990479032,schneider spd,8.813904488964747
-9.546770636237378,0.005520635801607554,-0.5992744235492485,-0.10891169327907652,0.004308095275317364,zeichnet,9.055938973783109
-9.546770636237378,0.005520635801607554,-0.5992744235492485,-0.10891169327907652,0.004308095275317364,spd zeichn+et,9.055938973783109
-8.808256864105775,-0.3425945069420653,-0.6970163653592201,-0.07169059801895741,-0.030497916759560206,düsteres,9.8698595341138
-8.808256864105775,-0.3425945069420653,-0.6970163653592201,-0.07169059801895741,-0.030497916759560206,zeichn+et düster+es,9.8698595341138
-6.154832779606362,-1.5909749174818053,-0.9787026820995318,0.04295784443747932,-0.13345929263611828,Bild,12.794824445119099
-8.065374432414655,-0.6924975549306049,-0.78565430397707,-0.036801025458379724,-0.06246062328452685,düster+es bild,10.68870387028417
-6.42104217941429,-1.4659058781487415,-0.9543606763770014,0.03261165299833637,-0.12439711204934074,bild hitze+welle,12.501355469594534
2.56202454869765,-5.6685049443675855,-1.5068394087359658,0.29129388202390977,-0.34020278520249875,klima+wandel sei,22.403134250984422
-7.379520025591368,-1.0152723133525319,-0.8601761971861059,-0.006629362105304397,-0.08963655513798867,ferne,11.444745631671102
-7.379520025591368,-1.0152723133525319,-0.8601761971861059,-0.006629362105304397,-0.08963655513798867,sei fern+e,11.444745631671102
-8.065374432414655,-0.6924975549306049,-0.78565430397707,-0.036801025458379724,-0.06246062328452685,Fiktion,10.68870387028417
-8.065374432414655,-0.6924975549306049,-0.78565430397707,-0.036801025458379724,-0.06246062328452685,fern+e fiktion,10.68870387028417
-8.737713234127098,-0.3758334511744108,-0.7058241967526302,-0.06827199618713795,-0.033656834633277524,fiktion mehr,9.947612637376892
-9.961005450272424,0.20087423952857053,-0.5395504814291072,-0.1310073452847671,0.025354478816159487,ehedem,8.599480870575942
-9.961005450272424,0.20087423952857053,-0.5395504814291072,-0.1310073452847671,0.025354478816159487,mehr ehedem,8.599480870575942
-10.199727969463648,0.31347768269414233,-0.5033282909488666,-0.1441677057125515,0.03803844369444356,gemäßigten,8.33645730506138
-10.199727969463648,0.31347768269414233,-0.5033282909488666,-0.1441677057125515,0.03803844369444356,ehedem ge+mäßig+t+en,8.33645730506138
-10.514017434728686,0.461738895750726,-0.4534425396271188,-0.16199363522192645,0.05540844243407203,Zonen,7.990218802379522
-10.514017434728686,0.461738895750726,-0.4534425396271188,-0.16199363522192645,0.05540844243407203,ge+mäßig+t+en zone+n,7.990218802379522
-10.751618683778467,0.5738250967453751,-0.4139408198038865,-0.175862249796186,0.0690823788991248,zone+n deutschland,7.728504293006938
-7.294076582956038,-1.0360778546742386,-0.6187107592115162,0.4076850767110756,-0.19179114472306136,längst,11.533628596541746
-10.992296105344217,0.6873540358992654,-0.3722295551786238,-0.19026859821373282,0.0834446190539832,deutschland längst,7.463443478491691
-11.115151623600948,0.745298906199892,-0.3502371205374327,-0.1977655185204864,0.09098568155823528,Wir…,7.328159996422113
-11.115151623600948,0.745298906199892,-0.3502371205374327,-0.1977655185204864,0.09098568155823528,längst wir…,7.328159996422113
-11.211980688645315,0.7909636403101059,-0.33255350983801635,-0.2037439154077,0.09703357385020087,+3768,7.221545690934439
-11.211980688645315,0.7909636403101059,-0.33255350983801635,-0.2037439154077,0.09703357385020087,wir… +3768,7.221545690934439
-11.30197752302009,0.8334016200151915,-0.31583150688476846,-0.20935635280640746,0.10273975162053808,+3768 char+s,7.122462479397413
-13.815937019157351,1.0905187668457104,1.2541929476106133,1.4455557906585828,-0.42432902563067243,Größter,4.751568345645114
-14.3674076908428,1.6727474432233636,1.286660410335111,1.0456803102286534,-0.183252374117005,energie+wende groß,4.011681797712192
-13.988083762840738,1.2675787637290923,1.2673926703550735,1.3354412860114573,-0.35544272865800924,groß batterie+speicher,4.522518747890071
-14.201703434930812,1.493220989962381,1.2805017949570554,1.1816668076641492,-0.2623832604736738,batterie+speicher deutschland+s,4.2358726211591655
-14.310062503423344,1.6101885921068906,1.285045304084672,1.0946605571967927,-0.21140528959791569,startet,4.089444146772702
-14.310062503423344,1.6101885921068906,1.285045304084672,1.0946605571967927,-0.21140528959791569,deutschland+s start+et,4.089444146772702
-14.082322641307108,1.3663054046262082,1.273729235986516,1.2702122367565845,-0.3155133616620697,Leuna,4.396397124025359
-14.321530468854485,1.6226636282708857,1.285416704055426,1.0850380026801505,-0.2058432169342462,start+et leuna,4.073907770671771
-14.671913343037353,2.0112019246157544,1.2809206009733007,0.7411623819777445,-0.017257157931693218,leuna hier,3.596151954975695
-14.598097511581347,1.9284082842451185,1.285184320410976,0.8231055827370958,-0.060376441791756844,sie groß,3.6971988392881103
-14.833784001356864,2.1928554432317013,1.2613924634173004,0.5366498563985134,0.08533959165278615,Überschüssigen,3.3744757940838905
-14.862276627725702,2.2246169843945722,1.256045552557301,0.49635406762790446,0.1047114191967504,überschüssig+en strom,3.335532718739917
-14.878433791465287,2.242566518428597,1.252696980504906,0.47283175050445025,0.11589209213037108,strom wind+-,3.3134726733844957
-14.89282115787742,2.2585051231052446,1.2495089108862227,0.45145554758185436,0.12597144561037452,Solaranlagen,3.2938460845637962
-14.89282115787742,2.2585051231052446,1.2495089108862227,0.45145554758185436,0.12597144561037452,wind+- solaranlage+n,3.2938460845637962
-14.909378214305626,2.276787497510791,1.2455860054504733,0.426332856070809,0.13771879565598963,speichern,3.2712826306454437
-14.909378214305626,2.276787497510791,1.2455860054504733,0.426332856070809,0.13771879565598963,solaranlage+n speicher+n,3.2712826306454437
-14.929135331192256,2.2985070677897728,1.24052720913055,0.3955887058808271,0.15195038066683916,Bedarf,3.244395286983626
-14.929135331192256,2.2985070677897728,1.24052720913055,0.3955887058808271,0.15195038066683916,speicher+n bedarf,3.244395286983626
-14.634898267921917,1.9696494112228875,1.283351712259444,0.7830184375093415,-0.03913865245427166,Netz,3.646837950619357
-14.946041494042925,2.316996919508539,1.2358507277587256,0.3685866807882852,0.1643192662218411,bedarf netz,3.221424697983541
-14.950323374326198,2.321664417483607,1.2346128516638009,0.3616422917221764,0.16748065271440013,einspeisen,3.2156128557156096
-14.950323374326198,2.321664417483607,1.2346128516638009,0.3616422917221764,0.16748065271440013,netz ein+speis+en,3.2156128557156096
-7.693920075772258,-0.8672490452150443,-0.4082767229048952,0.6774716204861964,-0.26607492215068373,Bei,11.102488504554875
-14.959971374334323,2.332156570310245,1.2317414572287522,0.3458342645524021,0.17464726906262626,ein+speis+en bei,3.2025271089354117
-14.963006864622049,2.335450274012733,1.2308140088886068,0.34081387239227195,0.17691460729040734,bei leuna,3.1984128846106668
-14.973000907025419,2.34626813243748,1.2276768748916902,0.32412298159750735,0.18442266844078828,großer,3.184877447595385
-14.973000907025419,2.34626813243748,1.2276768748916902,0.32412298159750735,0.18442266844078828,leuna groß+er,3.184877447595385
-14.977663867318835,2.351301063989652,1.2261683194810098,0.3162490993486958,0.1879486105391426,groß+er batterie+speicher,3.178567763447087
-11.764459738478322,1.05065151536484,0.07093187852770723,0.2588221381912945,-0.010144294004009735,offiziell,6.616693038458131
-14.988180997301717,2.3626170024835154,1.222657734137186,0.298283211193165,0.19595557596612653,batterie+speicher offiziell,3.164350385330673
-14.993892575187324,2.368740687518205,1.2206868082245188,0.2884039747673172,0.20033594042793676,eingeweiht,3.15663775482638
-14.993892575187324,2.368740687518205,1.2206868082245188,0.2884039747673172,0.20033594042793676,offiziell ein+ge+weih+t,3.15663775482638
-14.999817107375318,2.3750757258951145,1.218593136892887,0.27806334476561967,0.2049037759786295,worden,3.148644176315944
-14.999817107375318,2.3750757258951145,1.218593136892887,0.27806334476561967,0.2049037759786295,ein+ge+weih+t werd+en,3.148644176315944
-15.005894295837471,2.381555324994576,1.216392223086326,0.2673560903776316,0.20961517052156267,oberfränkische,3.1404519138302414
-15.005894295837471,2.381555324994576,1.216392223086326,0.2673560903776316,0.20961517052156267,der oberfränkisch+e,3.1404519138302414
-15.01298525538828,2.3890908878555708,1.213754260235733,0.25473199207732394,0.21514604218283137,Unterneh…,3.1309027873115305
-15.01298525538828,2.3890908878555708,1.213754260235733,0.25473199207732394,0.21514604218283137,oberfränkisch+e unterneh…,3.1309027873115305
-15.017865152561006,2.3942605257280856,1.2118941038773654,0.24596101009429983,0.21897355571838092,+2991,3.124337554238613
-15.017865152561006,2.3942605257280856,1.2118941038773654,0.24596101009429983,0.21897355571838092,unterneh… +2991,3.124337554238613
-15.020422429638504,2.396964186420645,1.2109044600177445,0.2413371317170297,0.22098632547482563,+2991 chars,3.120899219406401
-10.935971992088628,0.6607869344893489,-0.3821508153351525,-0.18686419635538787,0.08003557932828362,Schweiz,7.5254697011231615
-10.935971992088628,0.6607869344893489,-0.3821508153351525,-0.18686419635538787,0.08003557932828362,hitze schweiz,7.5254697011231615
-10.613775068254041,0.5087990390549049,-0.4370528239753454,-0.16777442331799636,0.06109050605674857,schweiz deutschland,7.880332539479458
-10.261850293008447,0.3427820688823586,-0.49367158141171574,-0.1476454475906061,0.04140975394240373,deutschland welche,8.268015671540505
-10.03287983860981,0.2347754593045721,-0.5287896329085049,-0.13493601304522979,0.02912893400611427,Faktoren,8.520287195970887
-10.03287983860981,0.2347754593045721,-0.5287896329085049,-0.13493601304522979,0.02912893400611427,welche faktor+en,8.520287195970887
-9.349043667000752,-0.08770588466285734,-0.6264842066946833,-0.09868192627554673,-0.005335813878789092,extremen,9.27384102187939
-9.349043667000752,-0.08770588466285734,-0.6264842066946833,-0.09868192627554673,-0.005335813878789092,faktor+en extrem+en,9.27384102187939
86.7720632506608,-44.589390036868714,-1.7026090051838023,0.7545238482702158,-0.6314269159269433,Sommer,115.14454306235962
-8.808256864105775,-0.3425945069420653,-0.6970163653592201,-0.07169059801895741,-0.030497916759560206,extrem+en sommer,9.8698595341138
-8.254416285425474,-0.6034853874355619,-0.7639301810782332,-0.04545203781794273,-0.0545911673852722,beigetragen,10.48032445287389
-8.254416285425474,-0.6034853874355619,-0.7639301810782332,-0.04545203781794273,-0.0545911673852722,sommer beitrag+en,10.48032445287389
4.251171426294526,-6.4556051916282495,-1.5711195394688076,0.3255621596774609,-0.3672546826701448,Zuge,24.26465028712644
-4.593152628444649,-2.3239128891513285,-1.1080346681654456,0.09938036972471564,-0.1821835929120364,beitrag+en zug+e,14.516413924574016
17.44643843537016,-12.584742132788335,-1.8733946030216038,0.5135618708701883,-0.5086560069983412,zug+e klima+wandel+s,38.803002013155634
2.0972887139883305,-5.451811992323252,-1.487627122149592,0.28127868605167045,-0.33223032794131196,steigt,21.89095292930394
2.0972887139883305,-5.451811992323252,-1.487627122149592,0.28127868605167045,-0.33223032794131196,klima+wandel+s steig+t,21.89095292930394
-1.2928445555746322,-3.869017362207577,-1.3231923659502594,0.19911374138202506,-0.2657029866967103,Wahrscheinlichkeit,18.154422587477928
-1.2928445555746322,-3.869017362207577,-1.3231923659502594,0.19911374138202506,-0.2657029866967103,steig+t wahrscheinlichkeit,18.154422587477928
-0.05351166523844597,-4.448092784347194,-1.3887543737991535,0.23116877669485308,-0.29189540878514786,neuer,19.52044876682363
-4.1127597473656206,-2.5491243748462544,-1.1437520973932305,0.11540766893575252,-0.19582114959696115,wahrscheinlichkeit neu+er,15.04598745816394
-2.0901678240942285,-3.4961621919628367,-1.277101813969273,0.1770766639459219,-0.247517025524635,Temperaturrekorde,17.275554667302146
-4.68134306331452,-2.2825562717047534,-1.1012861885601213,0.09637434222159799,-0.17961610295215144,neu+er temperatur+rekord+e,14.419194230547905
-6.004747898606382,-1.6614698653166116,-0.9921069944796203,0.04869147745779109,-0.1384637006832019,Auch,12.960278137418559
-6.46889627095679,-1.4434191884165601,-0.9499059177956346,0.030727394009810303,-0.12274222417158005,Regenmangel,12.448601270348531
-6.46889627095679,-1.4434191884165601,-0.9499059177956346,0.030727394009810303,-0.12274222417158005,auch regen+mangel,12.448601270348531
-7.098436539746665,-1.147478674856269,-0.8889230838792388,0.00521559738111662,-0.10019610129466691,Frühjahr,11.754603569057288
-7.098436539746665,-1.147478674856269,-0.8889230838792388,0.00521559738111662,-0.10019610129466691,regen+mangel frühjahr,11.754603569057288
-2.4124760937596417,-3.3453671732548296,-1.2575105403398414,0.16782673958124614,-0.2398393572581534,Hitzesommer,16.92027504803002
-7.628118002596624,-0.8983082924493369,-0.833908586529642,-0.01735211861988579,-0.08002522946213293,frühjahr hitze+sommer,11.170702746220572
-2.1101854491478793,-3.486798002145311,-1.2759017295076138,0.17650807990257142,-0.2470458460457846,begünstigt,17.253489418571075
-7.579387758388872,-0.9212383502247512,-0.8391219871281742,-0.01523156711864082,-0.08192999100609193,hitze+sommer begünstig+t,11.224420363534863
-7.467316914033969,-0.9739683173241529,-0.8509919722033527,-0.010389375348650368,-0.08627200079676088,Unklar,11.347961929154524
-7.125892906932419,-1.1345666564083636,-0.8861581748392569,0.004071316104718427,-0.09917858834078463,Pazifikphänomen,11.724336321797178
-7.125892906932419,-1.1345666564083636,-0.8861581748392569,0.004071316104718427,-0.09917858834078463,un+klar pazifik+phänomen,11.724336321797178
9.351647200085772,-8.828272887702951,-1.7226586838839308,0.41231306089664727,-0.4340971173842315,Niño,29.884928628991883
-6.462918045148658,-1.4462284325324495,-0.9504637746571253,0.03096319960103134,-0.12294940129484173,pazifik+phänomen niño,12.455191645410133
29.24528341970333,-17.95546384163957,-0.6113975663940714,0.5387791876082795,1.6078026493492055,Rolle,51.7965436367531
-8.42822542461201,-0.5216286135613775,-0.7434699578882644,-0.05354032814232343,-0.04720092240547001,niño rolle,10.288740018464392
7.859196213548998,-8.13455981192376,-1.6839757347419824,0.38918710650230426,-0.4165189833853349,gespielt,28.240475450553973
7.859196213548998,-8.13455981192376,-1.6839757347419824,0.38918710650230426,-0.4165189833853349,rolle ge+spiel+t,28.240475450553973
-11.992987737246416,1.1589910751668637,-0.17728996122516807,-0.25431530747553677,0.14953951290118653,Rol…,6.3620215177588495
-11.992987737246416,1.1589910751668637,-0.17728996122516807,-0.25431530747553677,0.14953951290118653,niño rol…,6.3620215177588495
-12.039352962946436,1.1808131962794066,-0.1672867417701907,-0.25745433193543177,0.1528860437671812,+5680,6.311023671762684
-12.039352962946436,1.1808131962794066,-0.1672867417701907,-0.25745433193543177,0.1528860437671812,rol… +5680,6.311023671762684
-12.083715368675302,1.201688734734157,-0.15762432224108258,-0.2604726114121254,0.15611443038039427,+5680 char+s,6.262232455495652
-1.2073585944671485,-3.880484189503167,-1.134793786959136,0.5091239091080119,-0.33601595223425335,Mit,18.239000162927184
-7.747796644441806,-0.841987754740722,-0.8209680500363505,-0.022599403714093642,-0.07530329183478285,hitze+sommer mit,11.038776203965556
-6.607534904694743,-1.3782655737393759,-0.9368602190830336,0.025225606725578206,-0.11790216983475962,mit anpassung,12.295766726265478
2.5620245486976536,-5.668504944367587,-1.5068394087359656,0.2912938820239099,-0.340202785202499,anpassung klima+wandel,22.403134250984426
-7.747796644441806,-0.841987754740722,-0.8209680500363505,-0.022599403714093642,-0.07530329183478285,getan,11.038776203965556
-7.747796644441806,-0.841987754740722,-0.8209680500363505,-0.022599403714093642,-0.07530329183478285,klima+wandel ge+tu+n,11.038776203965556
23.110814865504043,-14.990990826001624,1.2321099213921864,-0.8247347804960835,0.763668618397382,Nach,45.02573122183715
-8.343092224154818,-0.5617247855868328,-0.7535510035585015,-0.04956230890017632,-0.05083962311340515,ge+tu+n nach,10.38257918725887
-8.737713234127098,-0.3758334511744108,-0.7058241967526302,-0.06827199618713795,-0.033656834633277524,nach woche+n,9.947612637376892
-8.876388380652445,-0.310489753175057,-0.6884268779044486,-0.07501418960186307,-0.027420914325241255,woche+n hitze,9.794765978028545
-9.681855993044003,0.06922079607595633,-0.5802143257810894,-0.1160167429980376,0.011042829824480599,debattiert,8.907077350735133
-9.681855993044003,0.06922079607595633,-0.5802143257810894,-0.1160167429980376,0.011042829824480599,hitze debattier+t,8.907077350735133
-10.101714942614432,0.2672442702189781,-0.5183678450050602,-0.1387255903055684,0.0327793659984931,debattier+t deutschland,8.444444478687315
-10.461497339846584,0.43696282202348113,-0.4619610284379086,-0.15897425672581159,0.0524503874707416,deutschland darüber,8.04807389213623
-11.131801688462435,0.7531514312553034,-0.3472186723125027,-0.19878912164843696,0.09201899691783738,Phasen,7.309826686254113
-11.131801688462435,0.7531514312553034,-0.3472186723125027,-0.19878912164843696,0.09201899691783738,darüber phase+n,7.309826686254113
-11.242697419695318,0.8054486537060894,-0.3268775575113985,-0.20565340388501724,0.09897182026962101,wappnen,7.1877267581107365
-11.242697419695318,0.8054486537060894,-0.3268775575113985,-0.20565340388501724,0.09897182026962101,phase+n wappn+en,7.1877267581107365
-8.805387523651307,-0.34394653943924336,-0.6973763138944096,-0.07155109930907388,-0.03062693839250924,warnen,9.873022099111948
-11.629828124953391,0.9879470598044522,-0.2524466214892577,-0.23026807212268902,0.12425630888858127,wissenschaftler warn+en,6.761588629861263
-11.704422274623145,1.0230950177287466,-0.237453320723913,-0.2351303983794284,0.1293199467720992,davor,6.679500015085339
-11.704422274623145,1.0230950177287466,-0.237453320723913,-0.2351303983794284,0.1293199467720992,warn+en davor,6.679500015085339
-11.774388571632503,1.0560560521965434,-0.2231869238161863,-0.23972695010458495,0.13412890890898124,davor darüber,6.602511434835819
-11.884877696755286,1.1080932878385417,-0.20024479281178875,-0.24705719875595358,0.14184359182464,darüber klima+schutz,6.48094804907501
-9.053333294840934,-0.22709968455275042,-0.6657292443505156,-0.08374796684305548,-0.019307030354762222,Augen,9.599744436946294
-12.046881743905299,1.18435627910018,-0.16565325727508515,-0.2579655415283984,0.15343210500387697,klima+schutz auge+n,6.302743015488556
-12.112248662594602,1.215113454989233,-0.15136169951501285,-0.26242163423843534,0.15820471923359777,verlieren,6.230852580228708
-12.112248662594602,1.215113454989233,-0.15136169951501285,-0.26242163423843534,0.15820471923359777,auge+n verlier+en,6.230852580228708
-12.206144113578965,1.2592779384986779,-0.13048283286592552,-0.2688781854753268,0.16516122776566308,verlier+en deutlich,6.12760115142725
-8.581524142291785,-0.4494180590214407,-0.7250220540849497,-0.060783760065681564,-0.04055515406695946,schlimmer,10.119767276523291
-12.146811861363172,1.2313728567871647,-0.14372471861289352,-0.2647906520749566,0.16075142934869938,deutlich schlimm+er,6.192843357983702
-12.076454483086135,1.198272265874984,-0.159211964681884,-0.25997760654836727,0.1555842491660728,schlimm+er komm+en,6.270217960851913
-1.687014625798028,-3.68498971233596,-1.3012519545849786,0.18834582170778452,-0.25768160059167733,Rhein,17.720037527756073
-11.985054599309933,1.1552568832551833,-0.1789918689363627,-0.25377980081505924,0.14896971389809419,der rhein,6.370747687571917
-11.893596105312334,1.1121986128668722,-0.1984124731239947,-0.24763936378307416,0.14245874701742464,rhein zu+nehm+end,6.471356627780644
-11.764658249298698,1.0514725001200342,-0.22518294137398642,-0.23908560931562092,0.1334566229045743,Rinne,6.613217924538091
-11.764658249298698,1.0514725001200342,-0.22518294137398642,-0.23908560931562092,0.1334566229045743,zu+nehm+end rinne,6.613217924538091
-11.694061113429925,1.0182133511171063,-0.23954914785359988,-0.23445266559829933,0.1286127250300134,Krankenhäuser,6.6909016950154
-11.694061113429925,1.0182133511171063,-0.23954914785359988,-0.23445266559829933,0.1286127250300134,rinne krank+en+haus+er,6.6909016950154
-11.538206910819365,0.944767626738229,-0.27056452962322936,-0.22434935750917925,0.11812418086743418,schieben,6.862425280906859
-11.538206910819365,0.944767626738229,-0.27056452962322936,-0.22434935750917925,0.11812418086743418,krank+en+haus+er schieb+en,6.862425280906859
-11.425837554743962,0.8917988337306344,-0.2923511529252761,-0.21716988315101662,0.110731129029816,Patienten,6.9861114052457145
-11.425837554743962,0.8917988337306344,-0.2923511529252761,-0.21716988315101662,0.110731129029816,schieb+en patient+en,6.9861114052457145
-11.18050604944948,0.7761206775128247,-0.3383361800376005,-0.20179381873487748,0.09505740633606474,kühleren,7.25620005724028
-11.18050604944948,0.7761206775128247,-0.3383361800376005,-0.20179381873487748,0.09505740633606474,patient+en kühl+er+en,7.25620005724028
-11.02857488985755,0.7044655499253585,-0.36578597525596485,-0.19247221350408844,0.08565632674396512,Nordflügel,7.423493360367269
-11.02857488985755,0.7044655499253585,-0.36578597525596485,-0.19247221350408844,0.08565632674396512,kühl+er+en nordflügel,7.423493360367269
-10.79475010846361,0.5941713545633096,-0.4065950900096681,-0.17841711068460228,0.0716173892531404,Traktoren,7.68099984464782
-10.79475010846361,0.5941713545633096,-0.4065950900096681,-0.17841711068460228,0.0716173892531404,nordflügel traktor+en,7.68099984464782
-4.213234574773956,-2.5020303685137604,-1.1364239982934479,0.112103130129243,-0.193016379229308,ziehen,14.9352269871739
-10.564742705558421,0.48566830077517587,-0.4451432697481745,-0.16492555473295184,0.05828719778247449,traktor+en zieh+en,7.934342477066543
-10.379106834567098,0.3980957980312536,-0.4751744894671711,-0.15427069630649387,0.047855453228759115,Staubwolken,8.138836932298988
-10.379106834567098,0.3980957980312536,-0.4751744894671711,-0.15427069630649387,0.047855453228759115,zieh+en staub+wolke+n,8.138836932298988
-9.637975899301725,0.04852820216207654,-0.5864486054084554,-0.11369829953844876,0.008841866831600015,Äcker,8.955431740584267
-9.637975899301725,0.04852820216207654,-0.5864486054084554,-0.11369829953844876,0.008841866831600015,staub+wolke+n acker,8.955431740584267
-9.29605670728551,-0.1126860418495994,-0.6336413440960752,-0.09597420425424244,-0.00787830335445519,acker deutschland,9.332236450316742
7.47737674426406,-7.957016160007466,-1.6733931016177699,0.3829945334277803,-0.4117812708695704,August,27.81975636718564
-8.254416285425474,-0.6034853874355619,-0.7639301810782332,-0.04545203781794273,-0.0545911673852722,deutschland august,10.48032445287389
12.01121267836248,-9.961719144044217,-0.3871680478990526,-0.6436598470715119,-1.3655803286789592,2026,32.801938711321405
-7.508749046323352,-0.9544750873779657,-0.8466230008617246,-0.012173911098152579,-0.08467299900331864,august 2026,11.302289015614468
-5.23830696079329,-2.0212790855820844,-1.0572096226100762,0.0769111177548521,-0.16291664678161438,2026 sommer,13.805202375783262
2.5620245486976536,-5.668504944367587,-1.5068394087359656,0.2912938820239099,-0.340202785202499,Klimawandels…,22.403134250984426
2.5620245486976536,-5.668504944367587,-1.5068394087359656,0.2912938820239099,-0.340202785202499,sommer klimawandels…,22.403134250984426
-6.220726540717283,-1.5600206982230667,-0.9727457495201812,0.040418095869129596,-0.1312385592151292,+473,12.722183156726262
-6.220726540717283,-1.5600206982230667,-0.9727457495201812,0.040418095869129596,-0.1312385592151292,klimawandels… +473,12.722183156726262
-7.098436539746665,-1.147478674856269,-0.8889230838792388,0.00521559738111662,-0.10019610129466691,+473 char+s,11.754603569057288
-12.589254396674153,1.4392277945419467,-0.04070619850643406,-0.29591379920479294,0.1948597764356698,Neuer,5.706523602242481
-12.563594286353633,1.4271899600956672,-0.04696347541852981,-0.29406784645163225,0.19280099756514,Bericht,5.734715007607478
-12.563594286353633,1.4271899600956672,-0.04696347541852981,-0.29406784645163225,0.19280099756514,neu+er bericht,5.734715007607478
-12.523626596427516,1.4084352574692738,-0.05663688543817195,-0.2912027557718497,0.18961496391334384,Trotz,5.778629027065926
-12.523626596427516,1.4084352574692738,-0.05663688543817195,-0.2912027557718497,0.18961496391334384,bericht trotz,5.778629027065926
-8.422022215555641,-0.5245503414825521,-0.7442084153228228,-0.05324940442820647,-0.047467295149358754,besseren,10.295577550328742
-12.467353534347577,1.3820198499635405,-0.07010882486036216,-0.2871896704181631,0.18517120930350564,trotz gut+er+en,5.840465636336799
-12.422702017575741,1.3610523129640781,-0.08067778436942007,-0.28402266890138267,0.18167958848878976,Anerkennung,5.889537526878203
-12.422702017575741,1.3610523129640781,-0.08067778436942007,-0.28402266890138267,0.18167958848878976,gut+er+en anerkennung,5.889537526878203
-5.310297135913313,-1.9874961674496827,-1.0513216577648279,0.07433321603248924,-0.1606948233660961,indigener,13.725840662355392
-12.359552192214117,1.331387747552832,-0.09544678760472584,-0.27956966142203565,0.1767924110734441,anerkennung indigen+er,5.958947410101015
-5.127041833111075,-2.0734873218585275,-1.0662217646511367,0.08086688034394929,-0.16632142546662765,Völker,13.927860499820065
-5.127041833111075,-2.0734873218585275,-1.0662217646511367,0.08086688034394929,-0.16632142546662765,indigen+er volk+er,13.927860499820065
-12.262078244360126,1.2855770567368325,-0.11784364465512025,-0.27275580941546856,0.16936325118244558,schränken,6.066102278504239
-12.262078244360126,1.2855770567368325,-0.11784364465512025,-0.27275580941546856,0.16936325118244558,volk+er schränk+en,6.066102278504239
-12.173623485079753,1.243983883476977,-0.13776167024359678,-0.2666345028748617,0.16273817586924452,fragmentierten,6.163360198013697
-12.173623485079753,1.243983883476977,-0.13776167024359678,-0.2666345028748617,0.16273817586924452,schränk+en fragmentiert+en,6.163360198013697
-12.069141325796735,1.1948310921519556,-0.16080858475346652,-0.25947943293320286,0.1550509595635338,Rio-Konventionen,6.2782610552463005
-12.069141325796735,1.1948310921519556,-0.16080858475346652,-0.25947943293320286,0.1550509595635338,fragmentiert+en rio+-+konvention+en,6.2782610552463005
-11.902244111924535,1.1162706651228071,-0.19659171909416737,-0.24821737299409496,0.14306987396391627,Einfluss,6.461842781636668
-11.902244111924535,1.1162706651228071,-0.19659171909416737,-0.24821737299409496,0.14306987396391627,rio+-+konvention+en einflus+s,6.461842781636668
-12.359552192214117,1.331387747552832,-0.09544678760472584,-0.27956966142203565,0.1767924110734441,einflus+s indigen+er,5.958947410101015
-11.60759137038248,0.9774680976450747,-0.25687372929055435,-0.22882618371849997,0.12275926213404406,volk+er der,6.786060984214128
-8.407261052697855,-0.531502806066622,-0.7459631696376383,-0.0525577981759137,-0.04810036896379015,Zersplitterung,10.311848171124325
-8.407261052697855,-0.531502806066622,-0.7459631696376383,-0.0525577981759137,-0.04810036896379015,der zersplitterung,10.311848171124325
-7.8586773753214025,-0.7898003499589201,-0.8088019613523122,-0.027511517382906206,-0.07087170867789631,Hindernisse,10.91654904773142
-7.8586773753214025,-0.7898003499589201,-0.8088019613523122,-0.027511517382906206,-0.07087170867789631,zersplitterung hindernis+se,10.91654904773142
14.593148741461132,-11.151685184284172,-0.29736983752729906,-0.7194529607559478,-1.4790975740088874,beim,35.6459304769291
-7.50874904632335,-0.9544750873779666,-0.8466230008617249,-0.012173911098152496,-0.08467299900331877,hindernis+se bei,11.30228901561447
-7.34609929955711,-1.030993934027351,-0.8636461785065881,-0.005205698907912906,-0.09090888805794224,Zugang,11.481587401032463
-7.34609929955711,-1.030993934027351,-0.8636461785065881,-0.005205698907912906,-0.09090888805794224,bei zugang,11.481587401032463
-9.846972430724511,0.14709073769334813,-0.5563751906072304,-0.124832694730036,0.019442335142761613,zugang indigen+er,8.72513086166014
-6.220726540717282,-1.5600206982230675,-0.9727457495201812,0.040418095869129554,-0.13123855921512947,Entscheidungsprozessen,12.722183156726263
-6.220726540717282,-1.5600206982230675,-0.9727457495201812,0.040418095869129554,-0.13123855921512947,volk+er entscheidung+s+prozeß+en,12.722183156726263
-4.68134306331452,-2.2825562717047534,-1.1012861885601213,0.09637434222159799,-0.17961610295215144,schmälern,14.419194230547905
-4.68134306331452,-2.2825562717047534,-1.1012861885601213,0.09637434222159799,-0.17961610295215144,entscheidung+s+prozeß+en schmäler+n,14.419194230547905
-3.1690674169867457,-2.9912153972139777,-1.2091614197579568,0.14528480838241037,-0.22101750610953547,Wirksamkeit,16.08626920703836
-3.1690674169867457,-2.9912153972139777,-1.2091614197579568,0.14528480838241037,-0.22101750610953547,schmäler+n wirksamkeit,16.08626920703836
-0.04401595613263609,-4.452527505783296,-1.3892304527725041,0.2314047635280394,-0.29208710113360514,UN-Konventionen,19.530914922689938
-0.04401595613263609,-4.452527505783296,-1.3892304527725041,0.2314047635280394,-0.29208710113360514,wirksamkeit un+-+konvention+en,19.530914922689938
17.44643843537016,-12.584742132788335,-1.8733946030216038,0.5135618708701883,-0.5086560069983412,un+-+konvention+en klima+wandel,38.803002013155634
2.0972887139883305,-5.451811992323252,-1.487627122149592,0.28127868605167045,-0.33223032794131196,Verlust,21.89095292930394
2.0972887139883305,-5.451811992323252,-1.487627122149592,0.28127868605167045,-0.33223032794131196,klima+wandel verlust,21.89095292930394
-1.5045794425816936,-3.7700274280685635,-1.3112696406416249,0.19337522165806534,-0.2609814974486215,biologischen,17.921035697734926
-1.5045794425816936,-3.7700274280685635,-1.3112696406416249,0.19337522165806534,-0.2609814974486215,verlust biologisch+en,17.921035697734926
-3.5530286122386627,-2.8113908940578876,-1.1832697064762827,0.13337508859525268,-0.21100831254099395,Vielfalt,15.663012406554678
-3.5530286122386627,-2.8113908940578876,-1.1832697064762827,0.13337508859525268,-0.21100831254099395,biologisch+en vielfalt,15.663012406554678
-9.59296430694281,0.027302739391618758,-0.5928005380311732,-0.11133058804723725,0.0065974983490126315,Bodendegradation,9.005033691590317
-9.59296430694281,0.027302739391618758,-0.5928005380311732,-0.11133058804723725,0.0065974983490126315,vielfalt bodendegradation,9.005033691590317
0.16111838989354155,-4.548322518233077,-1.3994231304055944,0.2364687698146402,-0.2961966230097852,jedoch,19.75701267284893
-10.461497339846584,0.43696282202348113,-0.4619610284379086,-0.15897425672581159,0.0524503874707416,bodendegradation jedoch,8.04807389213623
-10.773349674176295,0.5840762285316958,-0.4102467054753343,-0.17714801897945168,0.0703575219423565,jedoch maßnahme+n,7.704569861588966
-11.046350448985983,0.7128495238055916,-0.362613407904382,-0.19355503092726611,0.08674460093850403,Nationalstaat…,7.403919375414437
-11.046350448985983,0.7128495238055916,-0.362613407904382,-0.19355503092726611,0.08674460093850403,maßnahme+n nationalstaat…,7.403919375414437
-11.60759137038248,0.9774680976450747,-0.25687372929055435,-0.22882618371849997,0.12275926213404406,nationalstaat… der,6.786060984214128
-9.59296430694281,0.027302739391618758,-0.5928005380311732,-0.11133058804723725,0.0065974983490126315,Boden…,9.005033691590317
-9.59296430694281,0.027302739391618758,-0.5928005380311732,-0.11133058804723725,0.0065974983490126315,vielfalt boden…,9.005033691590317
-9.923855867204443,0.18335229815355936,-0.5450647075751099,-0.12898794606920957,0.02341824405676432,+4961,8.640414431363912
-9.923855867204443,0.18335229815355936,-0.5450647075751099,-0.12898794606920957,0.02341824405676432,boden… +4961,8.640414431363912
-10.135059972109389,0.282973141544113,-0.5132778796059115,-0.1405709288941169,0.03456040552560247,+4961 chars,8.407705621761222
-7.731485485607585,-0.8501685636428382,-0.8243772961441204,-0.021847829522391463,-0.07915132940518341,Wetter-Experte,11.056900415473294
-8.16193904043291,-0.6470316218887513,-0.7746249411284369,-0.041201279588853314,-0.058462357904037004,Jörg,10.582260888228696
-11.425837554743962,0.8917988337306344,-0.2923511529252761,-0.21716988315101662,0.110731129029816,wetter+-+experte jörg,6.9861114052457145
-8.040558181656055,-0.7041810709698328,-0.7884663201562416,-0.03567646598384332,-0.0634809814741269,Kachelmann,10.716058947603132
-8.040558181656055,-0.7041810709698328,-0.7884663201562416,-0.03567646598384332,-0.0634809814741269,jörg kachel+mann,10.716058947603132
-8.195930326266755,-0.6310261440102005,-0.7707091176007795,-0.04275949750678706,-0.057044285549683826,Ihr,10.54479262264533
-11.14824114304867,0.760904499938996,-0.344229378590417,-0.19980156500011217,0.09304193006393058,kachel+mann ihr,7.29172553586762
-11.081200997965018,0.7292866833625897,-0.35636364030669243,-0.1956839503012337,0.08888711596024826,seid,7.365543676273595
-11.081200997965018,0.7292866833625897,-0.35636364030669243,-0.1956839503012337,0.08888711596024826,ihr sei,7.365543676273595
-10.992296105344217,0.6873540358992654,-0.3722295551786238,-0.19026859821373282,0.0834446190539832,einfach,7.463443478491691
-10.992296105344217,0.6873540358992654,-0.3722295551786238,-0.19026859821373282,0.0834446190539832,sei einfach,7.463443478491691
-10.751618683778467,0.5738250967453751,-0.4139408198038865,-0.175862249796186,0.0690823788991248,durchgeknalltes,7.728504293006938
-10.751618683778467,0.5738250967453751,-0.4139408198038865,-0.175862249796186,0.0690823788991248,einfach durch+ge+knall+t+es,7.728504293006938
-9.922396596731684,0.19451641542086984,-0.25426287997451313,0.3585107341711724,-0.11502168118456281,Land,8.640011278522962
-10.350619538105905,0.38465727542554484,-0.4797012523393809,-0.1526537155288524,0.046279454282068755,durch+ge+knall+t+es land,8.170220016156447
-11.425837554743962,0.8917988337306344,-0.2923511529252761,-0.21716988315101662,0.110731129029816,land jörg,6.9861114052457145
-9.546770636237378,0.005520635801607554,-0.5992744235492485,-0.10891169327907652,0.004308095275317364,kachel+mann sprech+t,9.055938973783109
-9.12738064524417,-0.19219847471523543,-0.656059413551351,-0.08744729832343177,-0.015857775347100395,Klartext,9.518134533330707
-9.12738064524417,-0.19219847471523543,-0.656059413551351,-0.08744729832343177,-0.015857775347100395,sprech+t klartext,9.518134533330707
-7.631320038652845,-0.8968015249916759,-0.8335648980377606,-0.017491781531044706,-0.07989970875416381,außergewöhnliche,11.167172999126286
-7.631320038652845,-0.8968015249916759,-0.8335648980377606,-0.017491781531044706,-0.07989970875416381,klartext außergewöhnlich+e,11.167172999126286
-3.787835554320525,-2.7013880998486473,-1.166956049448609,0.12592740573349767,-0.2047258824683727,außergewöhnlich+e hitze,15.404172038900311
2.5620245486976536,-5.668504944367587,-1.5068394087359656,0.2912938820239099,-0.340202785202499,hitze klima+wandel,22.403134250984426
-5.770900085917269,-1.7712839799779578,-1.0125509347379618,0.05748635336727668,-0.14611599590309365,klima+wandel wald+brand+e,13.218072247416146
-8.065374432414655,-0.6924975549306049,-0.78565430397707,-0.036801025458379724,-0.06246062328452685,gefährliche,10.68870387028417
-8.065374432414655,-0.6924975549306049,-0.78565430397707,-0.036801025458379724,-0.06246062328452685,wald+brand+e gefährlich+e,10.68870387028417
-9.005952806511237,-0.2494304879224316,-0.6718630418932591,-0.08139473463548323,-0.021497287764548734,Mythen,9.651964625280595
-9.005952806511237,-0.2494304879224316,-0.6718630418932591,-0.08139473463548323,-0.021497287764548734,gefährlich+e mythos+en,9.651964625280595
-9.59296430694281,0.027302739391618758,-0.5928005380311732,-0.11133058804723725,0.0065974983490126315,Abkühlung,9.005033691590317
-9.59296430694281,0.027302739391618758,-0.5928005380311732,-0.11133058804723725,0.0065974983490126315,mythos+en abkühlung,9.005033691590317
-10.03287983860981,0.2347754593045721,-0.5287896329085049,-0.13493601304522979,0.02912893400611427,Seine,8.520287195970887
-9.734942305760255,0.10317889188886387,-0.25071121625197784,0.42117918766747314,-0.14069494799369797,wichtigsten,8.848085026663611
-10.231096598306427,0.32827483964469373,-0.4984643501735498,-0.14592101359877263,0.03973705721516285,sein+e wichtig+st+en,8.301897497646552
-10.564742705558421,0.48566830077517587,-0.4451432697481745,-0.16492555473295184,0.05828719778247449,Fakten,7.934342477066543
-10.564742705558421,0.48566830077517587,-0.4451432697481745,-0.16492555473295184,0.05828719778247449,wichtig+st+en fakt+en,7.934342477066543
-10.815828449711976,0.6041144632863169,-0.40298506407351287,-0.17966990481562864,0.07286231572467677,Tipps,7.657784910526294
-10.815828449711976,0.6041144632863169,-0.40298506407351287,-0.17966990481562864,0.07286231572467677,fakt+en tipp+s,7.657784910526294
-10.992296105344217,0.6873540358992654,-0.3722295551786238,-0.19026859821373282,0.0834446190539832,tipp+s überblick,7.463443478491691
-6.464480777993392,-1.4454940864631292,-0.9503179856425275,0.030901570438954917,-0.12289525645584448,TTS-Player,12.45346889416801
-6.1337590713394565,-1.600873990506841,-0.9805984633775205,0.04376718411654202,-0.13416645415065087,überspringenArtikel,12.818056110251934
-6.1337590713394565,-1.600873990506841,-0.9805984633775205,0.04376718411654202,-0.13416645415065087,tts-player überspringenartikel,12.818056110251934
-11.596310483027908,0.9721518274481435,-0.2591122769087739,-0.22809602808248752,0.12200195789150223,weiterlesenBerlin,6.798476261993187
-11.596310483027908,0.9721518274481435,-0.2591122769087739,-0.22809602808248752,0.12200195789150223,überspringenartikel weiterlesenberlin,6.798476261993187
-11.784034097925225,1.0605995311989984,-0.22120444887587815,-0.240363370806613,0.13479646050114044,weiterlesenberlin hitze,6.591898388750459
-1.547915300987757,-3.7497649760857836,-1.3088018090843985,0.19219078732179545,-0.26000573993831094,hitze dürre,17.87326806774681
-11.91082267700172,1.1203098983999271,-0.19478239659012153,-0.24879127794408026,0.14367702047353417,dürre wald+brand+e,6.4524054518852605
-12.008674785245343,1.1663747516025031,-0.17391632336792934,-0.2553755831880402,0.1506686345796501,Dieser,6.344766651671033
-12.008674785245343,1.1663747516025031,-0.17391632336792934,-0.2553755831880402,0.1506686345796501,wald+brand+e dieser,6.344766651671033
-12.061775254452733,1.1913649099531267,-0.16241427637925318,-0.2589780550499822,0.1545145282930653,dieser sommer,6.286362446756905
-12.112248662594602,1.215113454989233,-0.15136169951501285,-0.26242163423843534,0.15820471923359777,trifft,6.230852580228708
-12.112248662594602,1.215113454989233,-0.15136169951501285,-0.26242163423843534,0.15820471923359777,sommer treff+t,6.230852580228708
-12.160308384996696,1.2377212417773475,-0.14072728612577612,-0.26571814432502605,0.16175029523074533,treff+t europa,6.178001846404023
-12.23140334013599,1.27115529073119,-0.1247940309733215,-0.2706263614558196,0.1670533793542542,Wucht,6.099828122645769
-12.23140334013599,1.27115529073119,-0.1247940309733215,-0.2706263614558196,0.1670533793542542,europa wucht,6.099828122645769
-8.687644009659174,-0.3637117902484013,0.5828989817329715,-0.13179855306750074,2.0270072611515797,löst,10.021509973247635
-12.291803137131316,1.2995498609453597,-0.11106420439536722,-0.274826081351958,0.17161430565125677,wucht lös+t,6.0334228941809664
-12.337507673974665,1.3210295901377282,-0.10055398725954726,-0.27802234788822644,0.1751002228293527,Parlamenten,5.9831794462967425
-12.337507673974665,1.3210295901377282,-0.10055398725954726,-0.27802234788822644,0.1751002228293527,lös+t parlament+en,5.9831794462967425
-12.422702017575741,1.3610523129640781,-0.08067778436942007,-0.28402266890138267,0.18167958848878976,Biergärten,5.889537526878203
-12.422702017575741,1.3610523129640781,-0.08067778436942007,-0.28402266890138267,0.18167958848878976,parlament+en bier+garten,5.889537526878203
-12.476982662434201,1.3865406638476947,-0.06781570431284394,-0.28787464047281547,0.18592814763635804,heftige,5.829883917617971
-12.476982662434201,1.3865406638476947,-0.06781570431284394,-0.28787464047281547,0.18592814763635804,bier+garten heftig+e,5.829883917617971
-12.514492134886062,1.4041481442711334,-0.05883538208538346,-0.2905496796556611,0.18889031206157295,Debatten,5.788666015784468
-12.514492134886062,1.4041481442711334,-0.05883538208538346,-0.2905496796556611,0.18889031206157295,heftig+e debatte+n,5.788666015784468
-9.726217615404488,0.0901411406209136,-0.5738689673370957,-0.11837098667440726,0.013281145019513468,Wetter,8.858193025711172
-12.630388265554163,1.458519531650058,-0.030598238040482034,-0.2988835461817726,0.19818200616666007,was wetter,5.661335915988564
-12.68856768909075,1.4857940367076936,-0.016136096261897173,-0.30310634797208164,0.20292782901685283,+4423,5.597431335291941
-12.68856768909075,1.4857940367076936,-0.016136096261897173,-0.30310634797208164,0.20292782901685283,wetter +4423,5.597431335291941
-12.710748896892508,1.4961888415020295,-0.010570405915565115,-0.30472324252028843,0.20475188551600307,+4423 chars,5.573070103126963
-5.976431902644022,-1.6936084312332822,-1.0098589226662327,-0.0029995348152441273,-0.0978169464857716,klima+wandel land+wirtschaft,12.999646068988318
0.004757339077333,-4.399417383815127,-0.17645582585350006,-0.7408835312477712,-1.071600845454317,Brandenburg,19.57864974997517
-8.323959688538952,-0.5729436761357549,-0.7604541664345019,-0.06614792808063742,-0.03675339692365684,land+wirtschaft brandenburg,10.404705833720675
-9.17957962290399,-0.16880948923981265,-0.6521942039002274,-0.10158626736235926,-0.0034633006018238155,brandenburg setz+t,9.461191291618182
-9.67965278312302,0.06728295586355104,-0.5828330449757789,-0.12478630294462645,0.01865298514852709,Bäume,8.909941975337658
-9.67965278312302,0.06728295586355104,-0.5828330449757789,-0.12478630294462645,0.01865298514852709,setz+t baum+e,8.909941975337658
-10.066977793758511,0.250132536510538,-0.5254935297599094,-0.14399900644025465,0.037207007936301606,Äckern,8.483071296588383
-10.066977793758511,0.250132536510538,-0.5254935297599094,-0.14399900644025465,0.037207007936301606,baum+e acker+ern,8.483071296588383
-10.461661213119168,0.4364467652657362,-0.46339820016599603,-0.16470290716450217,0.0574727397598451,Klimastress,8.048181548016114
-10.461661213119168,0.4364467652657362,-0.46339820016599603,-0.16470290716450217,0.0574727397598451,acker+ern klima+streß,8.048181548016114
-10.752107332715712,0.5735411457500423,-0.41507660999263607,-0.18067633116044188,0.07331874341825267,klima+streß klima+schutz,7.728214982995945
-3.8852002957287866,-2.6556736298148964,-1.160511139755973,0.12116065500284365,-0.20065007006077243,Acker,15.296813484368707
-11.13246668855875,0.7530370206158148,-0.34804204460934973,-0.2025603647777679,0.09535430806196499,klima+schutz acker,7.30930001760758
-11.243376814574066,0.8053634495618778,-0.3276247065530633,-0.20915151691034992,0.10207020749143339,acker der,7.187173034097917
-3.7275871879177203,-2.7295317103993773,-1.1715438133063831,0.12645426711416802,-0.20512946340311852,Agrarministerium,15.470561827653423
-3.7275871879177203,-2.7295317103993773,-1.1715438133063831,0.12645426711416802,-0.20512946340311852,der agrarministerium,15.470561827653423
-8.323959688538952,-0.5729436761357549,-0.7604541664345019,-0.06614792808063742,-0.03675339692365684,agrarministerium brandenburg,10.404705833720675
-11.69469369038745,1.0181879016145383,-0.24004293046221897,-0.23697265624205463,0.1308590253661163,brandenburg unter+stütz+t,6.6903587522464285
-11.813076271551274,1.0739749652484245,-0.2157769956110488,-0.24454067112173736,0.138822375715645,Landwirte,6.560087359272213
-11.813076271551274,1.0739749652484245,-0.2157769956110488,-0.24454067112173736,0.138822375715645,unter+stütz+t land+wirt+e,6.560087359272213
-11.744938091082258,1.0421827556360812,-0.22921629666642288,-0.23778789829580274,0.1320975998345544,land+wirt+e bei,6.634916885338367
-11.694061113429925,1.0182133511171063,-0.23954914785359988,-0.23445266559829933,0.1286127250300134,Anlegen,6.6909016950154
-11.694061113429925,1.0182133511171063,-0.23954914785359988,-0.23445266559829933,0.1286127250300134,bei an+leg+en,6.6909016950154
-11.561795835621432,0.9558854979823028,-0.26593073764981545,-0.22586759447600385,0.11969389861755916,Baum-Streifen,6.836462692343757
-11.561795835621432,0.9558854979823028,-0.26593073764981545,-0.22586759447600385,0.11969389861755916,an+leg+en baum+-+streifen,6.836462692343757
-7.912089403763936,-0.7666724905713478,-0.8075227180249657,-0.04731121933367095,-0.053876173194394916,Feldern,10.858627332556198
-11.242697419695318,0.8054486537060894,-0.3268775575113985,-0.20565340388501724,0.09897182026962101,baum+-+streifen feld+ern,7.1877267581107365
-2.2130915251063232,-3.4386562280374076,-1.2696978234818328,0.17357287175612973,-0.24461189121705829,helfen,17.140056698956432
-10.935971992088628,0.6607869344893489,-0.3821508153351525,-0.18686419635538787,0.08003557932828362,der helf+en,7.5254697011231615
-9.39110845498167,-0.3251768233392456,1.5546617117768893,-1.793476109147687,-1.5396221051764478,besser,9.3792184440385
-10.773349674176295,0.5840762285316958,-0.4102467054753343,-0.17714801897945168,0.0703575219423565,helf+en gut+er,7.704569861588966
-10.514017434728686,0.461738895750726,-0.4534425396271188,-0.16199363522192645,0.05540844243407203,gut+er trockenheit,7.990218802379522
-10.03287983860981,0.2347754593045721,-0.5287896329085049,-0.13493601304522979,0.02912893400611427,trockenheit hitze,8.520287195970887
-9.80716934900582,0.12831856237828942,-0.5621776417111078,-0.12269412029970866,0.017400328668441767,klarzukommen,8.768990064418789
-9.80716934900582,0.12831856237828942,-0.5621776417111078,-0.12269412029970866,0.017400328668441767,hitze klar+zu+komm+en,8.768990064418789
-6.197319327232851,-1.5710167310573384,-0.9748668899232245,0.04132186337817637,-0.13202908844312772,Schatten,12.74798726682917
-8.808256864105775,-0.3425945069420653,-0.6970163653592201,-0.07169059801895741,-0.030497916759560206,mehr schatten,9.8698595341138
-7.098436539746665,-1.147478674856269,-0.8889230838792388,0.00521559738111662,-0.10019610129466691,schatten acker,11.754603569057288
-2.5707898692864752,-3.2712826615248405,-1.2476735381564135,0.16320780105549856,-0.23599562245906305,Zeiten,16.745764537669306
-5.23830696079329,-2.0212790855820844,-1.0572096226100762,0.0769111177548521,-0.16291664678161438,acker zeit+en,13.805202375783262
2.5620245486976536,-5.668504944367587,-1.5068394087359656,0.2912938820239099,-0.340202785202499,zeit+en klima+wandel+s,22.403134250984426
-6.004747898606384,-1.6614698653166098,-0.9921069944796198,0.04869147745779099,-0.13846370068320163,klima+wandel+s der,12.960278137418555
-6.515540600523062,-1.4214997462158925,-0.9455400851593055,0.028883490237704625,-0.12112142960782497,fördert,12.397180748539869
-8.664608392516705,-0.4102765378723836,-0.7148612717558965,-0.06475334043021358,-0.036901874509867955,agrarministerium förder+t,10.028189676169372
-9.185308490846905,-0.16489322084819458,-0.6484223371098088,-0.09035988693207232,-0.013136758567066087,förder+t künftig,9.454291366422627
-9.547650858991226,0.005081025059470168,-0.6014443462492034,-0.11779240151949419,0.012025108852086186,sogenannte,9.055386879833364
-9.547650858991226,0.005081025059470168,-0.6014443462492034,-0.11779240151949419,0.012025108852086186,künftig sogenannt+e,9.055386879833364
-9.91315094861174,0.1733582727042866,-0.5527442055883568,-0.1511127479163519,0.0420987737783628,Agroforst-Systeme,8.654421875850977
-9.91315094861174,0.1733582727042866,-0.5527442055883568,-0.1511127479163519,0.0420987737783628,sogenannt+e agroforst-system+e,8.654421875850977
-10.081990536392198,0.16974231449400135,-0.5508886635514728,-0.2255954350103052,0.09252536003788486,agroforst-system+e land+wirtschaft,8.50329926266205
-10.907113909034866,0.6298503050958586,-0.3985880834223881,-0.22528086276903472,0.11113239756012525,der bedeut+et,7.564718506274027
-11.331926605407105,0.8392909714926349,-0.31726933347499714,-0.2373049558115149,0.1267429111662756,bedeut+et feld+ern,7.093096266328449
-11.446140239608118,0.8944937012904326,-0.29469063331841316,-0.2417053130222605,0.1318850794981654,Streifen,6.96678609807641
-11.446140239608118,0.8944937012904326,-0.29469063331841316,-0.2417053130222605,0.1318850794981654,feld+ern streifen,6.96678609807641
-11.609015461729715,0.97275064692028,-0.2618290825598122,-0.24865974559411944,0.13983885716779323,Bäumen…,6.786875650626317
-11.609015461729715,0.97275064692028,-0.2618290825598122,-0.24865974559411944,0.13983885716779323,streifen bäumen…,6.786875650626317
-11.708751493288482,1.0204619047844825,-0.24128392761069578,-0.2532707211784615,0.14504981402874254,+790,6.676807969699975
-11.708751493288482,1.0204619047844825,-0.24128392761069578,-0.2532707211784615,0.14504981402874254,bäumen… +790,6.676807969699975
-11.760345920942417,1.045092405352524,-0.2305208286097843,-0.25575229342114913,0.14784279204161946,+790 char+s,6.619894005695721
-11.37232320070469,0.8665694177778724,-0.30256341252295116,-0.21378122417794443,0.10725846695711752,düstere,7.04502047075301
-11.257781174823883,0.8125614609087184,-0.32407846234050247,-0.2065933818055033,0.09992713724859001,Richtung,7.171119988723544
-11.257781174823883,0.8125614609087184,-0.32407846234050247,-0.2065933818055033,0.09992713724859001,düster+e richtung,7.171119988723544
-11.081200997965018,0.7292866833625897,-0.35636364030669243,-0.1956839503012337,0.08888711596024826,Fünf,7.365543676273595
-11.081200997965018,0.7292866833625897,-0.35636364030669243,-0.1956839503012337,0.08888711596024826,richtung fünf,7.365543676273595
-10.992296105344217,0.6873540358992654,-0.3722295551786238,-0.19026859821373282,0.0834446190539832,fünf jahr+e,7.463443478491691
-3.1246738394992413,-3.0120024231183082,-1.212094194509909,0.14664084136579014,-0.22215427472933763,Taliban,16.13520577790844
-10.877211084617294,0.6330694704379538,-0.39239585080397577,-0.18333411787606826,0.07651064145810604,jahr+e taliban,7.5901822078558405
-4.732470730032476,-2.258578340303708,-1.097345718224918,0.09462233390479854,-0.17811826175957998,Afghanistan,14.362831838799373
-8.409048385311792,-0.5306609837971195,-0.7457508834688258,-0.052641489635497425,-0.04802377309568899,taliban afghanistan,10.309878066432878
-10.379106834567098,0.3980957980312536,-0.4751744894671711,-0.15427069630649387,0.047855453228759115,leidet,8.138836932298988
-10.379106834567098,0.3980957980312536,-0.4751744894671711,-0.15427069630649387,0.047855453228759115,afghanistan leid+et,8.138836932298988
-9.961005450272424,0.20087423952857053,-0.5395504814291072,-0.1310073452847671,0.025354478816159487,leid+et viel+en,8.599480870575942
-9.681855993044003,0.06922079607595633,-0.5802143257810894,-0.1160167429980376,0.011042829824480599,Krisen,8.907077350735133
-9.681855993044003,0.06922079607595633,-0.5802143257810894,-0.1160167429980376,0.011042829824480599,viel+en krise+n,8.907077350735133
2.9378161369334386,-5.766385031933776,0.3176211585530297,-1.142940188215259,-1.5545683162420567,gibt,22.823416918781028
-9.185308490846905,-0.16489322084819458,-0.6484223371098088,-0.09035988693207232,-0.013136758567066087,krise+n geb+t,9.454291366422627
-8.51005028591256,-0.48308698007746376,-0.7336709950184047,-0.057393642753021085,-0.04366882036731326,verheerende,10.19854851796095
-8.51005028591256,-0.48308698007746376,-0.7336709950184047,-0.057393642753021085,-0.04366882036731326,geb+t verheerend+e,10.19854851796095
-7.2429927743792835,-1.07949285497729,-0.87426217601729,-0.0008397474333375343,-0.09480533250566503,Hungersnot,11.595248620065133
-7.2429927743792835,-1.07949285497729,-0.87426217601729,-0.0008397474333375343,-0.09480533250566503,verheerend+e hunger+s+not,11.595248620065133
2.5620245486976536,-5.668504944367587,-1.5068394087359656,0.2912938820239099,-0.340202785202499,hunger+s+not klima+wandel,22.403134250984426
-10.684352886715189,0.542093496089787,-0.42528770346914746,-0.17190088039119164,0.06516177614838445,klima+wandel afghanistan,7.802592747980309
-8.343092224154818,-0.5617247855868328,-0.7535510035585015,-0.04956230890017632,-0.05083962311340515,schlimme,10.38257918725887
-8.343092224154818,-0.5617247855868328,-0.7535510035585015,-0.04956230890017632,-0.05083962311340515,afghanistan schlimm+e,10.38257918725887
-9.005952806511237,-0.2494304879224316,-0.6718630418932591,-0.08139473463548323,-0.021497287764548734,schlimm+e auswirkung+en,9.651964625280595
-9.88585607977611,0.1654297404835563,-0.5506719363179257,-0.1269301716273108,0.021447908737411814,planlose,8.68228539120584
-9.88585607977611,0.1654297404835563,-0.5506719363179257,-0.1269301716273108,0.021447908737411814,der planlos+e,8.68228539120584
-10.199727969463648,0.31347768269414233,-0.5033282909488666,-0.1441677057125515,0.03803844369444356,Herrschaft,8.33645730506138
-10.199727969463648,0.31347768269414233,-0.5033282909488666,-0.1441677057125515,0.03803844369444356,planlos+e herrschaft,8.33645730506138
-10.613775068254041,0.5087990390549049,-0.4370528239753454,-0.16777442331799636,0.06109050605674857,herrschaft taliban,7.880332539479458
-1.3569166814345088,-3.8390642976177496,-1.3196079202953255,0.1973856752747435,-0.2642822293337268,macht,18.083798660908727
-10.79475010846361,0.5941713545633096,-0.4065950900096681,-0.17841711068460228,0.0716173892531404,taliban mach+t,7.68099984464782
-11.18050604944948,0.7761206775128247,-0.3383361800376005,-0.20179381873487748,0.09505740633606474,mach+t schlimm+er,7.25620005724028
-11.526232703484236,0.9391237641580088,-0.27290863981844155,-0.22358015049088378,0.11732974150748629,Meinungsfreiheit,6.8756046774685675
-11.526232703484236,0.9391237641580088,-0.27290863981844155,-0.22358015049088378,0.11732974150748629,geb+t meinung+s+freiheit,6.8756046774685675
-11.75484185637439,1.0468482729045183,-0.2271926738185201,-0.23843928147433147,0.13277954082731655,Frauen,6.6240192629880115
-11.75484185637439,1.0468482729045183,-0.2271926738185201,-0.23843928147433147,0.13277954082731655,meinung+s+freiheit frau+en,6.6240192629880115
-11.821792820994073,1.0783843270517948,-0.21340663920021474,-0.24286114769894196,0.13742051619601567,verschwinden,6.550353544300284
-11.821792820994073,1.0783843270517948,-0.21340663920021474,-0.24286114769894196,0.13742051619601567,frau+en verschwind+en,6.550353544300284
-12.000860876982205,1.1626969104999163,-0.17559814932884862,-0.2548472209828518,0.1501058067833891,Öffentlichkeit,6.353361454194395
-12.000860876982205,1.1626969104999163,-0.17559814932884862,-0.2548472209828518,0.1501058067833891,verschwind+en öffentlichkeit,6.353361454194395
-12.153583062767785,1.2345578908786177,-0.14222198614389417,-0.2652558045926338,0.16125224927536277,bericht…,6.185397330893537
-12.153583062767785,1.2345578908786177,-0.14222198614389417,-0.2652558045926338,0.16125224927536277,hier bericht…,6.185397330893537
-12.212520628006011,1.2622764396904778,-0.1290496553747209,-0.2693190478697747,0.16563804839760685,bericht… seit,6.120589918409267
-10.192334100599048,0.30998988294372465,-0.5044711621868584,-0.14375525697083386,0.03763916600397199,fünf,8.344603435729464
-12.243790587578967,1.2769794253766253,-0.12199285802086687,-0.2714854291897294,0.1679845638988234,seit fünf,6.086208589759522
-10.233392632990718,0.3293579274225653,-0.4981073572171072,-0.14604956949127687,0.03986168559205408,fünf jahr+en,8.299367903500373
-12.314932020873252,1.3104204438124212,-0.1057586387621777,-0.27644157985510603,0.1733745929180344,regieren,6.00799649001635
-12.314932020873252,1.3104204438124212,-0.1057586387621777,-0.27644157985510603,0.1733745929180344,jahr+en regier+en,6.00799649001635
-12.386392615810095,1.3439974729427542,-0.08919483186768873,-0.2814585951353355,0.17886237234213762,regier+en taliban,5.929445111445359
-6.398325372663338,-1.4389359208157693,0.5242077360211439,-1.1252813149467797,-1.104420792554916,Vor,12.54151729618389
-12.597640875059088,1.44316157447656,-0.038653131526290296,-0.29651821519306704,0.19553491775534312,Frauenrechte,5.697310225821878
-12.597640875059088,1.44316157447656,-0.038653131526290296,-0.29651821519306704,0.19553491775534312,vor frau+en+recht+e,5.697310225821878
-8.127521071657515,-0.6632373692532383,-0.7785721039498076,-0.039628453087048786,-0.05989255120676473,stark,10.620199624377214
-12.68856768909075,1.4857940367076936,-0.016136096261897173,-0.30310634797208164,0.20292782901685283,frau+en+recht+e stark,5.597431335291941
-12.710748896892508,1.4961888415020295,-0.010570405915565115,-0.30472324252028843,0.20475188551600307,beschnitten,5.573070103126963
-12.710748896892508,1.4961888415020295,-0.010570405915565115,-0.30472324252028843,0.20475188551600307,stark beschneid+en,5.573070103126963
-12.75684693219193,1.517784880764144,0.0010897838081443262,-0.30809580903989975,0.20856907869446548,beschneid+en bild,5.522446416106944
-12.787292816700226,1.5320428565246376,0.008860912578604913,-0.31033234190885906,0.21110993921202212,2023,5.489015311280027
-12.787292816700226,1.5320428565246376,0.008860912578604913,-0.31033234190885906,0.21110993921202212,bild 2023,5.489015311280027
-4.052801901603248,-2.580407647579025,-1.1538948108113976,0.11721741199496485,-0.20863202264982433,Foto,15.113177611638099
-10.369691105107814,0.3936540383278784,-0.47667305435706847,-0.15373571827678603,0.04733382940963532,foto dpa,8.149209738057998
-12.851054804283958,1.5618884425407904,0.02531992759659689,-0.31503971818803056,0.21648305297388518,dpa vor,5.41901162011061
-12.86320943334351,1.5675754372438337,0.028486145001746385,-0.31594067022663785,0.21751537955287673,vor fünf,5.4056687751241315
-12.898569890896784,1.5841157335845928,0.037750485671402254,-0.31856831146084447,0.22053356343483335,eroberten,5.36685456301517
-12.898569890896784,1.5841157335845928,0.037750485671402254,-0.31856831146084447,0.22053356343483335,jahr+en erober+ten,5.36685456301517
-12.937861444670565,1.6024868960282874,0.04813867463567641,-0.32149955878032527,0.22391363444555593,islamistischen,5.323730706072965
-12.937861444670565,1.6024868960282874,0.04813867463567641,-0.32149955878032527,0.22391363444555593,erober+ten islamistisch+en,5.323730706072965
-12.97780606565658,1.6211544418533892,0.05880255484099349,-0.32449192529600024,0.22737875287512535,islamistisch+en taliban,5.279896121981005
-13.00579272592611,1.634227997319154,0.06633691808660792,-0.32659593528436004,0.22982413083458628,+6671,5.249187752426292
-13.00579272592611,1.634227997319154,0.06633691808660792,-0.32659593528436004,0.22982413083458628,taliban +6671,5.249187752426292
-13.020620792533023,1.641152777133498,0.07035006755019559,-0.3277131821922958,0.2311256954438832,+6671 chars,5.232918932578487
5.693768297406283,-7.127249757974388,-1.6198703782621373,0.3524359982652529,-0.3882191230661728,Den,25.85436438680494
-10.85705120466177,0.6235598763181445,-0.39588628484287053,-0.18212805847811264,0.07530863275856275,der klima+schutz,7.612384618902192
-10.379106834567098,0.3980957980312536,-0.4751744894671711,-0.15427069630649387,0.047855453228759115,klima+schutz politik,8.138836932298988
-10.135059972109389,0.282973141544113,-0.5132778796059115,-0.1405709288941169,0.03456040552560247,verschlafen,8.407705621761222
-10.135059972109389,0.282973141544113,-0.5132778796059115,-0.1405709288941169,0.03456040552560247,politik verschlaf+en,8.407705621761222
-7.330186727919376,-1.0384792299751533,-0.8652933293737097,-0.004529319076321061,-0.09151306544875634,Bitte,11.499128853505182
-9.637975899301725,0.04852820216207654,-0.5864486054084554,-0.11369829953844876,0.008841866831600015,verschlaf+en bitte,8.955431740584267
-9.349043667000752,-0.08770588466285734,-0.6264842066946833,-0.09868192627554673,-0.005335813878789092,verpennt,9.27384102187939
-9.349043667000752,-0.08770588466285734,-0.6264842066946833,-0.09868192627554673,-0.005335813878789092,bitte ver+penn+t,9.27384102187939
5.42078301089246,-7.000190782359132,-1.61104244594882,0.34750671413525946,-0.3843905421359134,Schutz,25.5535461379959
-5.23830696079329,-2.0212790855820844,-1.0572096226100762,0.0769111177548521,-0.16291664678161438,ver+penn+t schutz,13.805202375783262
2.5620245486976536,-5.668504944367587,-1.5068394087359656,0.2912938820239099,-0.340202785202499,Klimawandel-Folgen,22.403134250984426
2.5620245486976536,-5.668504944367587,-1.5068394087359656,0.2912938820239099,-0.340202785202499,schutz klima+wandel+-+folge+n,22.403134250984426
-6.945012757947648,-1.2196221003419287,-0.9042062567074597,0.011560002800952436,-0.10582775146019957,klima+wandel+-+folge+n der,11.92373490662013
-7.508749046323352,-0.9544750873779657,-0.8466230008617246,-0.012173911098152579,-0.08467299900331864,der umwelt+minister,11.302289015614468
-10.85705120466177,0.6235598763181445,-0.39588628484287053,-0.18212805847811264,0.07530863275856275,umwelt+minister klima+schutz,7.612384618902192
-10.067663515356323,0.2511824304570429,-0.5235376278416715,-0.1368476336836986,0.030969175905641272,Gemeinschaftsaufgabe,8.481962168390982
-10.067663515356323,0.2511824304570429,-0.5235376278416715,-0.1368476336836986,0.030969175905641272,klima+schutz gemeinschaft+s+aufgabe,8.481962168390982
-10.729548356591733,0.5634138212952409,-0.4176783720793061,-0.17455941027131108,0.0677916140777522,gemeinschaft+s+aufgabe grund+gesetz,7.752812820772881
-10.973781502576461,0.6786211308974015,-0.37550185244731565,-0.1891472714380826,0.08232071528694246,verankern,7.4838321565340085
-10.973781502576461,0.6786211308974015,-0.37550185244731565,-0.1891472714380826,0.08232071528694246,grund+gesetz veranker+n,7.4838321565340085
-10.864038562017047,0.6352941934485399,-0.11795650586683552,0.28109876922400107,-0.05621253897759983,eröffnet,7.603954538885176
-11.227431843770585,0.7982499712377851,-0.3297024244846059,-0.20470364209185632,0.09800735328666463,der eröffn+et,7.204533944192927
-11.3585707328916,0.8600854436413314,-0.3051711457148214,-0.21291353396636176,0.10637096921451497,Möglichkeiten,7.060159831364213
-11.3585707328916,0.8600854436413314,-0.3051711457148214,-0.21291353396636176,0.10637096921451497,eröffn+et möglichkeit+en,7.060159831364213
-11.596310483027908,0.9721518274481435,-0.2591122769087739,-0.22809602808248752,0.12200195789150223,möglichkeit+en längst,6.798476261993187
-11.673049878819928,1.0083134916898109,-0.24378605215195664,-0.2330806372301571,0.12718242188597903,überfällig,6.714023447377483
-11.673049878819928,1.0083134916898109,-0.24378605215195664,-0.2330806372301571,0.12718242188597903,längst überfällig,6.714023447377483
-11.876087906975357,1.1039542273370317,-0.20208881461898542,-0.24647082542141724,0.14122435973192862,ganzen,6.490618125081598
-11.876087906975357,1.1039542273370317,-0.20208881461898542,-0.24647082542141724,0.14122435973192862,der ganz+en,6.490618125081598
-11.936151053809791,1.1322350932664578,-0.18942171076051928,-0.2504888691865129,0.14547504321181,ganz+en sommer,6.424542274759708
-12.031768583892918,1.1772438363998123,-0.16892968833161737,-0.25693977013981706,0.15233670240397154,scheint,6.31936558384271
-12.031768583892918,1.1772438363998123,-0.16892968833161737,-0.25693977013981706,0.15233670240397154,sommer schein+t,6.31936558384271
-12.146811861363172,1.2313728567871647,-0.14372471861289352,-0.2647906520749566,0.16075142934869938,ginge,6.192843357983702
-12.146811861363172,1.2313728567871647,-0.14372471861289352,-0.2647906520749566,0.16075142934869938,schein+t geh+e,6.192843357983702
-12.212520628006011,1.2622764396904778,-0.1290496553747209,-0.2693190478697747,0.16563804839760685,geh+e hitze,6.120589918409267
-12.343067761941846,1.3236422646497155,-0.09926818262331283,-0.2784122642765545,0.17552635893522175,bloß,5.977067513617339
-12.343067761941846,1.3236422646497155,-0.09926818262331283,-0.2784122642765545,0.17552635893522175,hitze bloß,5.977067513617339
-12.422702017575741,1.3610523129640781,-0.08067778436942007,-0.28402266890138267,0.18167958848878976,bloß politik,5.889537526878203
-12.509889220993415,1.4019877301759998,-0.05994149379138995,-0.2902208339077017,0.1885256460596331,schwitzen,5.793723803500366
-12.509889220993415,1.4019877301759998,-0.05994149379138995,-0.2902208339077017,0.1885256460596331,mensch+en schwitz+en,5.793723803500366
-12.559242727464785,1.4251482865109226,-0.04802097076057077,-0.2937553060626566,0.19245289461524132,Tiere,5.739496017757995
-12.559242727464785,1.4251482865109226,-0.04802097076057077,-0.2937553060626566,0.19245289461524132,schwitz+en tier+e,5.739496017757995
-12.585030300016928,1.4372463292590862,-0.041738788371354515,-0.2956095734215541,0.19452014660192005,hungern,5.7111642661684225
-12.585030300016928,1.4372463292590862,-0.041738788371354515,-0.2956095734215541,0.19452014660192005,tier+e hunger+n,5.7111642661684225
-12.622318609155649,1.4547353931450253,-0.03258879529943291,-0.2982999063806043,0.19752810277077618,Felder,5.670200464917013
-12.622318609155649,1.4547353931450253,-0.03258879529943291,-0.2982999063806043,0.19752810277077618,hunger+n feld+er,5.670200464917013
-12.650232346396958,1.4678239939945943,-0.025687405516002626,-0.3003209227080174,0.19979451090110192,vertrocknen,5.639537932516491
-12.650232346396958,1.4678239939945943,-0.025687405516002626,-0.3003209227080174,0.19979451090110192,feld+er ver+trockn+en,5.639537932516491
-12.71438851936701,1.4978942782247207,-0.009654385334039062,-0.30498891787082216,0.20505196997028638,RKI,5.5690729163576425
-12.71438851936701,1.4978942782247207,-0.009654385334039062,-0.30498891787082216,0.20505196997028638,der rki,5.5690729163576425
-12.72878789871869,1.5046408980480548,-0.006022650248659861,-0.3060410166686299,0.20624136331751694,zählt,5.553259321709733
-12.72878789871869,1.5046408980480548,-0.006022650248659861,-0.3060410166686299,0.20624136331751694,rki zähl+t,5.553259321709733
-12.749922396483552,1.5145414814143998,-0.0006698416769584936,-0.30758814739238105,0.20799339679322307,Tote,5.5300503282386595
-12.749922396483552,1.5145414814143998,-0.0006698416769584936,-0.30758814739238105,0.20799339679322307,zähl+t tot+e,5.5300503282386595
-12.780625960629475,1.5289211035934,0.007154425881609361,-0.3098419805872848,0.210552200696958,überall,5.4963355900129125
-12.780625960629475,1.5289211035934,0.007154425881609361,-0.3098419805872848,0.210552200696958,tot+e überall,5.4963355900129125
-12.81662323615296,1.5457742761818474,0.016400812708635262,-0.3124937803688582,0.2135727773984237,überall europa,5.45681197992789
-12.838708065050287,1.5561107863647776,0.022113150238298088,-0.31412570964548464,0.21543707556962524,brennt,5.4325658908124606
-12.838708065050287,1.5561107863647776,0.022113150238298088,-0.31412570964548464,0.21543707556962524,europa brenn+t,5.4325658908124606
-12.872202355812956,1.571782616226832,0.030834745025275487,-0.31660800753429624,0.2182808567018192,+5215,5.395797059484678
-12.872202355812956,1.571782616226832,0.030834745025275487,-0.31660800753429624,0.2182808567018192,brenn+t +5215,5.395797059484678
-12.889880619982986,1.5800518353729651,0.03546655221794438,-0.31792170307912737,0.21978982396007699,+5215 char+s,5.376392117510488
-12.462499937808278,1.3797410015737683,-0.07126279883549838,-0.28684467860574736,0.18479020805027394,politik mach+t,5.845799480100677
-12.396914183447196,1.3489399578853507,-0.08673387454005943,-0.28220056427577345,0.1796767116446549,guten,5.9178805483060115
-12.396914183447196,1.3489399578853507,-0.08673387454005943,-0.28220056427577345,0.1796767116446549,mach+t gut+en,5.9178805483060115
-12.364982803303231,1.3339392384533424,-0.09418482529977086,-0.2799514057071088,0.1772103694529513,Eindruck,5.952978084705973
-12.364982803303231,1.3339392384533424,-0.09418482529977086,-0.2799514057071088,0.1772103694529513,gut+en eindruck,5.952978084705973
-2.393950555735257,-3.3540356939102347,-1.2586523048281608,0.1683639507194847,-0.24028597802933327,Wirtschaftsweise,16.9406958239321
-12.303438164236823,1.3050185087515134,-0.10839858389776473,-0.2756382543718605,0.17249885994100259,eindruck wirtschaft+s+weise,6.020631944401606
-4.500813234994952,-2.367211007908506,-1.115035681733052,0.10250628686648255,-0.18485021732372675,Grimm,14.618207148905364
-12.199725695898806,1.2562596336837508,-0.13192344448775964,-0.2684347341763226,0.1646818443689753,wirtschaft+s+weise grimm,6.134658544568709
-12.160308384996696,1.2377212417773475,-0.14072728612577612,-0.26571814432502605,0.16175029523074533,grimm warn+t,6.178001846404023
3.5928255351554412,-6.148922377187674,-1.5470514448028907,0.31258692137194993,-0.3570534089345977,steigenden,23.539137730768605
-12.09092461396077,1.205080797165925,-0.15604556493016905,-0.2609644824785861,0.1566415359738799,warn+t steig+end+en,6.254303843180973
-9.213617657678714,-0.151548674289554,-0.6446667313630216,-0.09178923920347783,-0.011799689723756723,Preisen,9.423091706199711
-9.213617657678714,-0.151548674289554,-0.6446667313630216,-0.09178923920347783,-0.011799689723756723,steig+end+en preis+en,9.423091706199711
-11.893596105312334,1.1121986128668722,-0.1984124731239947,-0.24763936378307416,0.14245874701742464,Niedrigwasser,6.471356627780644
-11.893596105312334,1.1121986128668722,-0.1984124731239947,-0.24763936378307416,0.14245874701742464,preis+en niedrigwasser,6.471356627780644
-12.303438164236823,1.3050185087515134,-0.10839858389776473,-0.2756382543718605,0.17249885994100259,niedrigwasser wirtschaft+s+weise,6.020631944401606
-5.749114085647452,-1.7815131111606046,-1.0144288268342732,0.05829726114046808,-0.1468201074231188,Veronika,13.242089155865616
-5.749114085647452,-1.7815131111606046,-1.0144288268342732,0.05829726114046808,-0.1468201074231188,wirtschaft+s+weise veronika,13.242089155865616
-6.815807174759874,-1.2803673117680496,-0.9168617212118554,0.016838427695139498,-0.11050053896598186,veronika grimm,12.066169283375158
-11.399373896935398,0.8793227862947108,-0.2974142359206885,-0.21549169836470933,0.1090100146796932,grimm rechn+et,7.01524241955302
-12.09092461396077,1.205080797165925,-0.15604556493016905,-0.2609644824785861,0.1566415359738799,rechn+et steig+end+en,6.254303843180973
-7.002946686508487,-1.1923817768050187,-0.8984682236690166,0.009174167407726266,-0.10371190848480313,Folge,11.859869576917102
-10.815828449711976,0.6041144632863169,-0.40298506407351287,-0.17966990481562864,0.07286231572467677,preis+en folge,7.657784910526294
-6.981120221010196,-1.2026447233059852,-0.900634679298529,0.010074421670487978,-0.1045105618787881,Niedrigwassers,11.883930667682904
-6.981120221010196,-1.2026447233059852,-0.900634679298529,0.010074421670487978,-0.1045105618787881,folge niedrigwasser+s,11.883930667682904
-9.997336703455623,0.21801055628421295,-0.5341263741658956,-0.13298963293192137,0.02725769737595174,kritisiert,8.55944956299029
-9.997336703455623,0.21801055628421295,-0.5341263741658956,-0.13298963293192137,0.02725769737595174,sie kritisier+t,8.55944956299029
-9.546770636237378,0.005520635801607554,-0.5992744235492485,-0.10891169327907652,0.004308095275317364,fehlende,9.055938973783109
-9.546770636237378,0.005520635801607554,-0.5992744235492485,-0.10891169327907652,0.004308095275317364,kritisier+t fehl+end+e,9.055938973783109
0.44382468553030563,-4.654877134719609,-1.264727118762806,0.49051384588749336,-0.36791817418758743,politische,20.059537445990355
-9.06762874757986,-0.2203619160042365,-0.6638704031796666,-0.0844600907130448,-0.01864363016236545,fehl+end+e politisch+e,9.583988870174128
-8.254416285425474,-0.6034853874355619,-0.7639301810782332,-0.04545203781794273,-0.0545911673852722,Vorsorge,10.48032445287389
-8.254416285425474,-0.6034853874355619,-0.7639301810782332,-0.04545203781794273,-0.0545911673852722,politisch+e vorsorge,10.48032445287389
-5.23830696079329,-2.0212790855820844,-1.0572096226100762,0.0769111177548521,-0.16291664678161438,vorsorge folge+n,13.805202375783262
-6.781753579745285,-1.2963758424280485,-0.9201651085294912,0.018219940162242716,-0.11172166441641135,der wirtschaft+s+weise,12.103709569871079
-9.724652163196783,0.08940288310795541,-0.5740936208642619,-0.11828773103998574,0.013201930907893372,steigende,8.85991806492018
-9.724652163196783,0.08940288310795541,-0.5740936208642619,-0.11828773103998574,0.013201930907893372,grimm steig+end+e,8.85991806492018
-10.101714942614432,0.2672442702189781,-0.5183678450050602,-0.1387255903055684,0.0327793659984931,Preise,8.444444478687315
-10.101714942614432,0.2672442702189781,-0.5183678450050602,-0.1387255903055684,0.0327793659984931,steig+end+e preis+e,8.444444478687315
-10.321592892773992,0.370964404272073,-0.48429186186207746,-0.15101101174434348,0.044680270297005,vorhergesagt,8.202197737805196
-10.321592892773992,0.370964404272073,-0.48429186186207746,-0.15101101174434348,0.044680270297005,preis+e vorhergesagt,8.202197737805196
-10.751618683778467,0.5738250967453751,-0.4139408198038865,-0.175862249796186,0.0690823788991248,vorhergesagt folge,7.728504293006938
-8.159180579113265,-0.6585785381773075,0.8866780992983051,-1.3397722877334397,-1.173688971954152,deutschen,10.624017671768428
-11.272686760923941,0.819590115791752,-0.32130470354090335,-0.2075237521611282,0.10087346254951848,niedrigwasser+s deutsch+en,7.15470960965199
-11.412677746137911,0.8855948334847037,-0.294872100714628,-0.21633475967211746,0.10987431521321225,Flüssen,7.000597531717083
-11.412677746137911,0.8855948334847037,-0.294872100714628,-0.21633475967211746,0.10987431521321225,deutsch+en fluss+en,7.000597531717083
-11.60759137038248,0.9774680976450747,-0.25687372929055435,-0.22882618371849997,0.12275926213404406,dadurch,6.786060984214128
-11.60759137038248,0.9774680976450747,-0.25687372929055435,-0.22882618371849997,0.12275926213404406,fluss+en dadurch,6.786060984214128
-11.694061113429925,1.0182133511171063,-0.23954914785359988,-0.23445266559829933,0.1286127250300134,verursachten,6.6909016950154
-11.694061113429925,1.0182133511171063,-0.23954914785359988,-0.23445266559829933,0.1286127250300134,dadurch verursach+t+en,6.6909016950154
-11.821792820994073,1.0783843270517948,-0.21340663920021474,-0.24286114769894196,0.13742051619601567,Transportprobleme,6.550353544300284
-11.821792820994073,1.0783843270517948,-0.21340663920021474,-0.24286114769894196,0.13742051619601567,verursach+t+en transport+problem+e,6.550353544300284
-12.02412790575567,1.17364786815736,-0.17058219844703024,-0.2564218176274297,0.15178404490807465,ineffizienter,6.327769524454655
-12.02412790575567,1.17364786815736,-0.17058219844703024,-0.2564218176274297,0.15178404490807465,bei ineffizient+er,6.327769524454655
-12.12621759741043,1.2216851099428556,-0.1482819138539348,-0.26337801630301605,0.15923204190595028,Rationierun…,6.215490630258387
-12.12621759741043,1.2216851099428556,-0.1482819138539348,-0.26337801630301605,0.15923204190595028,ineffizient+er rationierun…,6.215490630258387
-12.218855701589025,1.265255355867411,-0.12762384186080158,-0.26975734753087727,0.16611233100253855,+3737,6.113624335831228
-12.218855701589025,1.265255355867411,-0.12762384186080158,-0.26975734753087727,0.16611233100253855,rationierun… +3737,6.113624335831228
-12.256020894182917,1.2827293910158564,-0.11921979548501187,-0.27233474695831406,0.1689060704623769,+3737 char+s,6.072761934234146
-5.480665726247807,-1.9075363016597944,-1.0372055875861699,0.06817379313025543,-0.15537655581201462,einzige,13.53802666190178
-8.254416285425474,-0.6034853874355619,-0.7639301810782332,-0.04545203781794273,-0.0545911673852722,ein einzig+e,10.48032445287389
-7.379520025591368,-1.0152723133525319,-0.8601761971861059,-0.006629362105304397,-0.08963655513798867,einzig+e zahl,11.444745631671102
4.667509259800678,-6.651435983349298,-1.588146762889836,0.3333556481744454,-0.378076544065304,erklärt,24.72416888805399
-6.607534904694743,-1.3782655737393759,-0.9368602190830336,0.025225606725578206,-0.11790216983475962,zahl erklär+t,12.295766726265478
-4.214538616089927,-2.5014191134904804,-1.1363284034824555,0.11206007830724712,-0.19297981444589002,wer,14.933789448655245
-4.214538616089927,-2.5014191134904804,-1.1363284034824555,0.11206007830724712,-0.19297981444589002,erklär+t wer,14.933789448655245
2.5620245486976536,-5.668504944367587,-1.5068394087359656,0.2912938820239099,-0.340202785202499,wer klima+wandel,22.403134250984426
-5.5165109705786755,-1.8907109476307218,-1.0342025163373496,0.06686722924063984,-0.15424666449477165,vorantreibt,13.498510893227476
-5.5165109705786755,-1.8907109476307218,-1.0342025163373496,0.06686722924063984,-0.15424666449477165,klima+wandel voran+treib+t,13.498510893227476
-7.8586773753214025,-0.7898003499589219,-0.8088019613523124,-0.0275115173829061,-0.07087170867789654,Oxfam,10.916549047731422
-7.8586773753214025,-0.7898003499589219,-0.8088019613523124,-0.0275115173829061,-0.07087170867789654,voran+treib+t oxfam,10.916549047731422
-9.005952806511237,-0.2494304879224316,-0.6718630418932591,-0.08139473463548323,-0.021497287764548734,veröffentlicht,9.651964625280595
-9.005952806511237,-0.2494304879224316,-0.6718630418932591,-0.08139473463548323,-0.021497287764548734,oxfam veröffentlich+t,9.651964625280595
-9.76640920680107,0.10909552150289592,-0.5680826190509192,-0.12051298076914951,0.015320633990479032,Während,8.813904488964747
-9.76640920680107,0.10909552150289592,-0.5680826190509192,-0.12051298076914951,0.015320633990479032,veröffentlich+t während,8.813904488964747
-10.461497339846584,0.43696282202348113,-0.4619610284379086,-0.15897425672581159,0.0524503874707416,Flieger,8.04807389213623
-10.461497339846584,0.43696282202348113,-0.4619610284379086,-0.15897425672581159,0.0524503874707416,während flieger,8.04807389213623
-10.661208449668564,0.5311753550695753,-0.4291615216267761,-0.17054433406150882,0.06382195057683718,sitzen,7.8280854220797655
-10.661208449668564,0.5311753550695753,-0.4291615216267761,-0.17054433406150882,0.06382195057683718,flieger sitz+en,7.8280854220797655
-10.836592858076514,0.6139094005887125,-0.39941574684575865,-0.1809067688726172,0.07409262556811796,sitz+en sterb+en,7.634916061582804
-11.18050604944948,0.7761206775128247,-0.3383361800376005,-0.20179381873487748,0.09505740633606474,Hitzetod,7.25620005724028
-11.18050604944948,0.7761206775128247,-0.3383361800376005,-0.20179381873487748,0.09505740633606474,sterb+en hitze+tod,7.25620005724028
-10.973781502576461,0.6786211308974015,-0.37550185244731565,-0.1891472714380826,0.08232071528694246,bekannte,7.4838321565340085
-10.973781502576461,0.6786211308974015,-0.37550185244731565,-0.1891472714380826,0.08232071528694246,hitze+tod bekenn+t+e,7.4838321565340085
-10.79475010846361,0.5941713545633096,-0.4065950900096681,-0.17841711068460228,0.0716173892531404,Ungerechtigkeit,7.68099984464782
-10.79475010846361,0.5941713545633096,-0.4065950900096681,-0.17841711068460228,0.0716173892531404,bekenn+t+e ungerechtigkeit,7.68099984464782
-10.067663515356323,0.2511824304570429,-0.5235376278416715,-0.1368476336836986,0.030969175905641272,Oxfam-Studie,8.481962168390982
-10.067663515356323,0.2511824304570429,-0.5235376278416715,-0.1368476336836986,0.030969175905641272,doch oxfam-studi+e,8.481962168390982
-9.546770636237378,0.005520635801607554,-0.5992744235492485,-0.10891169327907652,0.004308095275317364,oxfam-studi+e zeig+t,9.055938973783109
-9.005952806511237,-0.2494304879224316,-0.6718630418932591,-0.08139473463548323,-0.021497287764548734,konkret,9.651964625280595
-9.005952806511237,-0.2494304879224316,-0.6718630418932591,-0.08139473463548323,-0.021497287764548734,zeig+t konkret,9.651964625280595
-7.964405018940706,-0.7400319368478474,-0.7970390533744114,-0.03224139429112905,-0.06659409692873425,ungleich,10.800003375700031
-7.964405018940706,-0.7400319368478474,-0.7970390533744114,-0.03224139429112905,-0.06659409692873425,konkret un+gleich,10.800003375700031
-6.781753579745285,-1.2963758424280485,-0.9201651085294912,0.018219940162242716,-0.11172166441641135,Arm,12.103709569871079
-6.781753579745285,-1.2963758424280485,-0.9201651085294912,0.018219940162242716,-0.11172166441641135,un+gleich arm,12.103709569871079
-4.9322258145046,-2.1648842823916477,-1.081749064697842,0.0877109704941296,-0.1721992251350429,Reich,14.14262418136163
-4.9322258145046,-2.1648842823916477,-1.081749064697842,0.0877109704941296,-0.1721992251350429,arm reich,14.14262418136163
2.5620245486976536,-5.668504944367587,-1.5068394087359656,0.2912938820239099,-0.340202785202499,reich klima+wandel,22.403134250984426
-5.5165109705786755,-1.8907109476307218,-1.0342025163373496,0.06686722924063984,-0.15424666449477165,beitragen,13.498510893227476
-5.5165109705786755,-1.8907109476307218,-1.0342025163373496,0.06686722924063984,-0.15424666449477165,klima+wandel beitrag+en,13.498510893227476
-4.543326636364286,-2.347276916689176,-1.111820582383939,0.10106982313551899,-0.18362522625082803,Wer,14.571341196338597
-8.343092224154818,-0.5617247855868328,-0.7535510035585015,-0.04956230890017632,-0.05083962311340515,kennt,10.38257918725887
-8.343092224154818,-0.5617247855868328,-0.7535510035585015,-0.04956230890017632,-0.05083962311340515,wer kenn+t,10.38257918725887
-8.876388380652445,-0.310489753175057,-0.6884268779044486,-0.07501418960186307,-0.027420914325241255,blickt,9.794765978028545
-8.876388380652445,-0.310489753175057,-0.6884268779044486,-0.07501418960186307,-0.027420914325241255,kenn+t blick+t,9.794765978028545
-9.961005450272424,0.20087423952857053,-0.5395504814291072,-0.1310073452847671,0.025354478816159487,Weltlage,8.599480870575942
-9.961005450272424,0.20087423952857053,-0.5395504814291072,-0.1310073452847671,0.025354478816159487,blick+t welt+lage,8.599480870575942
-6.562118528684161,-1.3996103030314542,-0.9411569241647639,0.027034994177460678,-0.11949525261120282,Tagen,12.345833470248596
-10.539597856183825,0.47380633897563484,-0.4492661695340678,-0.16347024410164518,0.05685748516119796,welt+lage tag+en,7.962040535179207
-10.684352886715189,0.542093496089787,-0.42528770346914746,-0.17190088039119164,0.06516177614838445,läu…,7.802592747980309
-10.684352886715189,0.542093496089787,-0.42528770346914746,-0.17190088039119164,0.06516177614838445,tag+en läu…,7.802592747980309
-10.539597856183825,0.47380633897563484,-0.4492661695340678,-0.16347024410164518,0.05685748516119796,läu… tag+en,7.962040535179207
-10.400570821411163,0.3176152256822036,1.2632362839657059,-1.5064102866724967,-1.1407983163026492,läuft,8.18871439624222
-11.09828631846972,0.737344740957802,-0.35328525953997353,-0.19673053652536435,0.08994178829119609,tag+en lauf+t,7.346730571412419
-11.412677746137911,0.8855948334847037,-0.294872100714628,-0.21633475967211746,0.10987431521321225,Schweiß,7.000597531717083
-11.412677746137911,0.8855948334847037,-0.294872100714628,-0.21633475967211746,0.10987431521321225,lauf+t schweiß,7.000597531717083
-11.60759137038248,0.9774680976450747,-0.25687372929055435,-0.22882618371849997,0.12275926213404406,Stirn,6.786060984214128
-11.60759137038248,0.9774680976450747,-0.25687372929055435,-0.22882618371849997,0.12275926213404406,schweiß stirn,6.786060984214128
-11.714689118741559,1.0279321140662887,-0.23537231323867558,-0.235802713368155,0.13002197656756317,Berlin,6.668202275365865
-11.884877696755286,1.1080932878385417,-0.20024479281178875,-0.24705719875595358,0.14184359182464,berlin grad,6.48094804907501
-11.952706230623248,1.1400290665840802,-0.18590271890307652,-0.25160098035365824,0.14665466307918387,grad schatten,6.406330885158443
-12.05435561549489,1.1878734103744844,-0.16402913493429166,-0.258473436807621,0.15397492155200912,Hamburg,6.294522855815726
-12.05435561549489,1.1878734103744844,-0.16402913493429166,-0.258473436807621,0.15397492155200912,schatten hamburg,6.294522855815726
-12.160308384996696,1.2377212417773475,-0.14072728612577612,-0.26571814432502605,0.16175029523074533,München,6.178001846404023
-12.160308384996696,1.2377212417773475,-0.14072728612577612,-0.26571814432502605,0.16175029523074533,hamburg münchen,6.178001846404023
-12.297638480513825,1.3022926107140251,-0.10972815616175174,-0.27523328435799504,0.17205769549881886,viel+en deutsch+en,6.027007780095424
-12.354089695118395,1.3288211892361739,-0.09671463419505812,-0.2791859021471621,0.1763724350250276,Städten,5.9649518547529246
-12.354089695118395,1.3288211892361739,-0.09671463419505812,-0.2791859021471621,0.1763724350250276,deutsch+en stadt+en,5.9649518547529246
-6.133106602022769,-1.5770656470143471,-0.7067714530434518,0.4959062345735946,-0.24857708814278126,sieht,12.811676544664298
-12.396914183447196,1.3489399578853507,-0.08673387454005943,-0.28220056427577345,0.1796767116446549,stadt+en seh+t,5.9178805483060115
-12.576519530027284,1.433253840513876,-0.043816226433991426,-0.29499703419327167,0.19383671798158117,sehr…,5.720514495022854
-12.605946192565485,1.4470570192827532,-0.036616024289433016,-0.297117318534968,0.19620463417441683,+7189,5.688186210898279
-12.605946192565485,1.4470570192827532,-0.036616024289433016,-0.297117318534968,0.19620463417441683,sehr… +7189,5.688186210898279
-12.630388265554163,1.458519531650058,-0.030598238040482034,-0.2988835461817726,0.19818200616666007,+7189 chars,5.661335915988564
-13.565824662710458,0.8405228522718233,1.2326042832979494,1.5884292831812095,-0.5163830994575707,Suedlink,5.081406611137151
-14.345628120508199,1.6489356990603303,1.2861198101538676,1.0645402137479116,-0.19404580924211495,energie+wende suedlink,4.041237189719227
-13.988083762840738,1.2675787637290923,1.2673926703550735,1.3354412860114573,-0.35544272865800924,quert,4.522518747890071
-13.988083762840738,1.2675787637290923,1.2673926703550735,1.3354412860114573,-0.35544272865800924,suedlink quer+t,4.522518747890071
-13.882986644346849,1.1589836449926545,1.2595429816816068,1.403947586448421,-0.3980839706888967,Elbe,4.662558339333091
-14.129192919053075,1.4158875473433645,1.2765761305960162,1.2362864449920639,-0.29500953253173673,quer+t elbe,4.333474020286167
-14.192286605413097,1.4831349123849562,1.2800280472424936,1.1889142493181362,-0.26668493649566155,700,4.248565511683012
-14.192286605413097,1.4831349123849562,1.2800280472424936,1.1889142493181362,-0.26668493649566155,elbe 700,4.248565511683012
-14.228377690572234,1.5218600375318916,1.2817800996379154,1.1608760530404072,-0.2500899891309474,700 kilo+meter,4.19989026771392
-14.303499385284036,1.60305724955791,1.2848224687228829,1.1001300051865317,-0.21457354237704623,Kabel,4.0983322773147535
-14.303499385284036,1.60305724955791,1.2848224687228829,1.1001300051865317,-0.21457354237704623,kilo+meter kabel,4.0983322773147535
-14.321530468854485,1.6226636282708857,1.285416704055426,1.0850380026801505,-0.2058432169342462,Süden,4.073907770671771
-14.321530468854485,1.6226636282708857,1.285416704055426,1.0850380026801505,-0.2058432169342462,kabel süden,4.073907770671771
-14.671913343037353,2.0112019246157544,1.2809206009733007,0.7411623819777445,-0.017257157931693218,süden hier,3.596151954975695
-14.589847870751022,1.91917555107146,1.2855214828083736,0.8318942872711537,-0.06506930049180991,sie suedlink,3.7084829039989637
-14.833784001356864,2.1928554432317013,1.2613924634173004,0.5366498563985134,0.08533959165278615,Eines,3.3744757940838905
-14.853411023897632,2.2147478437591337,1.2577834433716308,0.5090509491883088,0.09863730399330045,ein+es wichtig+st+en,3.3476448994315797
-14.873788867422093,2.23741146130333,1.2536841918702721,0.4796455559889752,0.1126629873424849,Infrastrukturprojekte,3.3198126240112495
-14.873788867422093,2.23741146130333,1.2536841918702721,0.4796455559889752,0.1126629873424849,wichtig+st+en infrastruktur+projekt+e,3.3198126240112495
-14.908179973206868,2.2754667276032716,1.2458793560937487,0.42817027371828936,0.13686322258938602,infrastruktur+projekt+e deutschland,3.2729146612173246
-14.639621711040531,1.9749484742720278,1.2830756628345557,0.7777653714790823,-0.03637599276887778,nimmt,3.640371528943457
-14.921834335557179,2.2904940400137943,1.2424461633552404,0.40704944814764554,0.14666368979748654,deutschland nehm+t,3.254326092507406
-14.932130735398944,2.301789866163202,1.2397226509130612,0.39085217839960135,0.15412885899398174,Sprung,3.2403227694019447
-14.932130735398944,2.301789866163202,1.2397226509130612,0.39085217839960135,0.15412885899398174,nehm+t sprung,3.2403227694019447
-14.947773946956247,2.3188861826040688,1.2353525430393757,0.3657821992947079,0.16559695343843686,sprung elbe,3.2190729152828554
-14.952815722951105,2.324378169298096,1.2338820873164869,0.35758011207726703,0.16932621525292177,Zwischen,3.2122311473052383
-14.959971374334323,2.332156570310245,1.2317414572287522,0.3458342645524021,0.17464726906262626,Wewelsfleth,3.2025271089354117
-14.959971374334323,2.332156570310245,1.2317414572287522,0.3458342645524021,0.17464726906262626,zwischen wewelsfleth,3.2025271089354117
-14.7099615834479,2.070381144377217,2.331394718279352,-0.5860575663841977,-0.7314166708707328,Schleswig-Holstein,3.5610809372441095
-14.97093714967317,2.344037652519492,1.2283353397993193,0.3275901736742789,0.18286680945863878,wewelsfleth schleswig-holstein,3.1876711791631305
-14.985802208487268,2.3600619876334674,1.22346508471439,0.3023721472382436,0.19413789661218592,Wischhafen,3.1675643717480586
-14.985802208487268,2.3600619876334674,1.22346508471439,0.3023721472382436,0.19413789661218592,schleswig-holstein wisch+hafen,3.1675643717480586
-14.729576108226514,2.087507798731318,2.329772741304919,-0.6312592176839127,-0.7231349136721885,Niedersachsen,3.5363436302004647
-14.993892575187324,2.368740687518205,1.2206868082245188,0.2884039747673172,0.20033594042793676,wisch+hafen niedersachsen,3.15663775482638
-15.005402240945406,2.3810314095901677,1.2165724631577601,0.2682268480963328,0.2092327185069743,Suedlink-Tunnel,3.1411149393581645
-15.005402240945406,2.3810314095901677,1.2165724631577601,0.2682268480963328,0.2092327185069743,niedersachsen suedlink-tunnel,3.1411149393581645
-15.01478946628633,2.3910037942598352,1.213070816557773,0.25149713672505364,0.21655913179017303,Unte…,3.1284748546189114
-15.01478946628633,2.3910037942598352,1.213070816557773,0.25149713672505364,0.21655913179017303,suedlink-tunnel unte…,3.1284748546189114
-15.017865152561006,2.3942605257280856,1.2118941038773654,0.24596101009429983,0.21897355571838092,+4762,3.124337554238613
-15.017865152561006,2.3942605257280856,1.2118941038773654,0.24596101009429983,0.21897355571838092,unte… +4762,3.124337554238613
-15.020422429638504,2.396964186420645,1.2109044600177445,0.2413371317170297,0.22098632547482563,+4762 char+s,3.120899219406401
-7.675313709182268,-0.8537912065037752,-0.6165441228428358,0.33440490418637675,-0.17565935735413976,Europas,11.111549395181406
-14.965228701556953,2.337858792695609,1.2301277322965436,0.33712477685275943,0.17857803765521477,batterie+speicher europa+s,3.195402365162362
-14.959199034029815,2.331317955574761,1.2319755778792183,0.3471080311579471,0.17407133909159303,europa+s groß,3.2035741422414956
-14.977663867318835,2.351301063989652,1.2261683194810098,0.3162490993486958,0.1879486105391426,Batterie,3.178567763447087
-14.977663867318835,2.351301063989652,1.2261683194810098,0.3162490993486958,0.1879486105391426,groß batterie,3.178567763447087
-14.946041494042925,2.316996919508539,1.2358507277587256,0.3685866807882852,0.1643192662218411,batterie geh+t,3.221424697983541
-14.938833239891942,2.309125028307096,1.2378852431688345,0.3801799160010119,0.15902362922655364,Schottland,3.231214145560064
-14.938833239891942,2.309125028307096,1.2378852431688345,0.3801799160010119,0.15902362922655364,geh+t schottland,3.231214145560064
-14.928119583010151,2.29739322826381,1.240797738987456,0.3971902904490055,0.15121291244821108,ans,3.2457765320914405
-14.928119583010151,2.29739322826381,1.240797738987456,0.3971902904490055,0.15121291244821108,schottland an,3.2457765320914405
-14.92396667878512,2.292835997339474,1.2418918183558474,0.40371443465047174,0.148204357411953,an netz,3.2514250425515128
-14.918562657693942,2.286898162907172,1.2432870249106434,0.4121469589587744,0.14430520278119438,netz der,3.258778202813488
-14.914057232579493,2.28194128841428,1.2444260233165316,0.4191285588964857,0.1410679214869627,der land,3.264911125267057
-14.90200798357727,2.2686576963826406,1.2473667621562556,0.4375865432673714,0.13246972655340125,land mehr,3.281323317777253
-14.88144171878581,2.2459024483521963,1.2520468846556987,0.46839676873452313,0.11798963540143706,strom wind,3.309367986857107
-14.873788867422093,2.23741146130333,1.2536841918702721,0.4796455559889752,0.1126629873424849,wind produzier+t,3.3198126240112495
-14.839963212768398,2.199753880130771,1.260290763938009,0.5280352128345482,0.08950422057787,verbrauchen,3.366026317436833
-14.839963212768398,2.199753880130771,1.260290763938009,0.5280352128345482,0.08950422057787,produzier+t verbrauch+en,3.366026317436833
-14.798245272009906,2.1530925883397978,1.2671492844007226,0.5849271943730346,0.06176631168808372,stärkt,3.423104086799154
-14.798245272009906,2.1530925883397978,1.2671492844007226,0.5849271943730346,0.06176631168808372,verbrauch+en stärk+t,3.423104086799154
-14.752008051700576,2.1012067451444323,1.273296637874221,0.644721207772901,0.03201695091113205,Stromspeicher,3.4864263394863864
-14.752008051700576,2.1012067451444323,1.273296637874221,0.644721207772901,0.03201695091113205,stärk+t strom+speicher,3.4864263394863864
-14.660385956769977,1.9982555302027591,1.2817449389536102,0.7543695561389693,-0.024129191712586207,Unabhängigkeit,3.61193954247549
-14.660385956769977,1.9982555302027591,1.2817449389536102,0.7543695561389693,-0.024129191712586207,strom+speicher unabhängigkeit,3.61193954247549
-14.3674076908428,1.6727474432233636,1.286660410335111,1.0456803102286534,-0.183252374117005,Stromquellen,4.011681797712192
-14.3674076908428,1.6727474432233636,1.286660410335111,1.0456803102286534,-0.183252374117005,unabhängigkeit strom+quelle+n,4.011681797712192
-4.68134306331452,-2.2825562717047534,-1.1012861885601213,0.09637434222159799,-0.17961610295215144,DWD-Experte,14.419194230547905
-9.499341052923555,-0.016843407638247765,-0.605874799788508,-0.1064395895631961,0.00197193659321121,wald+brand+e dwd-expert+e,9.108206945539207
-8.737713234127098,-0.3758334511744108,-0.7058241967526302,-0.06827199618713795,-0.033656834633277524,dwd-expert+e mehr,9.947612637376892
6.004822581627078,-7.272007144690095,-1.6297148594663218,0.3579679536492836,-0.3925066977928503,Tage,26.197129563546177
-2.5857757204004024,-3.2642693332369053,-1.2467349065683588,0.16276795153127005,-0.23562924796679643,mehr tag+e,16.729245462446553
4.000340491327236,-6.3387715780989,-1.562091182211836,0.3206736072510985,-0.3634172428579566,Waldbrandgefahr,23.98823085187834
-0.8349059816520707,-4.083053637528327,-1.348235389453458,0.21125632571374672,-0.2756608946649114,tag+e wald+brand+gefahr,18.65918301253705
17.44643843537016,-12.584742132788335,-1.8733946030216038,0.5135618708701883,-0.5086560069983412,wald+brand+gefahr klima+wandel,38.803002013155634
-5.5165109705786755,-1.8907109476307218,-1.0342025163373496,0.06686722924063984,-0.15424666449477165,klima+wandel hier,13.498510893227476
-9.997336703455623,0.21801055628421295,-0.5341263741658956,-0.13298963293192137,0.02725769737595174,thema wald+brand+e,8.55944956299029
-9.499341052923555,-0.016843407638247765,-0.605874799788508,-0.1064395895631961,0.00197193659321121,sie dwd-experte,9.108206945539207
-8.737713234127098,-0.3758334511744108,-0.7058241967526302,-0.06827199618713795,-0.033656834633277524,dwd-experte mehr,9.947612637376892
-5.5165109705786755,-1.8907109476307218,-1.0342025163373496,0.06686722924063984,-0.15424666449477165,Infolge,13.498510893227476
-7.508749046323352,-0.9544750873779657,-0.8466230008617246,-0.012173911098152579,-0.08467299900331864,klima+wandel+s tag+e,11.302289015614468
-8.42822542461201,-0.5216286135613775,-0.7434699578882644,-0.05354032814232343,-0.04720092240547001,tag+e hoch+er,10.288740018464392
-8.876388380652445,-0.310489753175057,-0.6884268779044486,-0.07501418960186307,-0.027420914325241255,hoch+er wald+brand+gefahr,9.794765978028545
-9.997336703455623,0.21801055628421295,-0.5341263741658956,-0.13298963293192137,0.02725769737595174,wald+brand+gefahr vergeh+en+en,8.55944956299029
-5.129936519408298,-2.0721291474340324,-1.065988645035525,0.08076440245314048,-0.1662332911192888,Jahrzehnten,13.924669414627585
-10.379106834567098,0.3980957980312536,-0.4751744894671711,-0.15427069630649387,0.047855453228759115,vergeh+en+en jahrzehnt+en,8.138836932298988
-10.684352886715189,0.542093496089787,-0.42528770346914746,-0.17190088039119164,0.06516177614838445,jahrzehnt+en laut,7.802592747980309
-0.294125665585657,-4.335709831748543,-1.3765629228957776,0.22514189233677895,-0.2869941664823118,Deutschem,19.25524300980775
-0.294125665585657,-4.335709831748543,-1.3765629228957776,0.22514189233677895,-0.2869941664823118,laut deutsch+em,19.25524300980775
26.902269960491605,-16.963432995199046,-1.9633193491259657,0.595714267961042,-0.5653383726041746,Wetterdienst,49.21866688800539
-0.043133362201889014,-4.452939696499868,-1.3892746834087217,0.2314266905854443,-0.2921049116668618,deutsch+em wetter+dienst,19.531887716143345
9.974965574125793,-9.117880878578774,-1.7376286886658627,0.42149178178407903,-0.4410223026071679,DWD,30.5717085007361
-11.227431843770585,0.7982499712377851,-0.3297024244846059,-0.20470364209185632,0.09800735328666463,wetter+dienst dwd,7.204533944192927
-11.30197752302009,0.8334016200151915,-0.31583150688476846,-0.20935635280640746,0.10273975162053808,zugenommen,7.122462479397413
-11.30197752302009,0.8334016200151915,-0.31583150688476846,-0.20935635280640746,0.10273975162053808,dwd zu+ge+nehm+en,7.122462479397413
-9.498704473752452,-0.017143562167267756,-0.6059630678402245,-0.10640648898714564,0.0019406808495102401,Anzahl,9.108908468290064
-11.514135886288209,0.9334219711322969,-0.2752712474104125,-0.22280407725794849,0.11652878730513697,der anzahl,6.888919207131118
-11.640787503134245,0.9931114097095852,-0.2502576042466103,-0.23097998481509158,0.12499621577718553,anzahl tag+e,6.749527682442171
-11.734945623660746,1.0374753201953086,-0.23125398876329414,-0.23713139014136822,0.1314107358715074,Gefahrenstufe,6.645912257597986
-11.734945623660746,1.0374753201953086,-0.23125398876329414,-0.23713139014136822,0.1314107358715074,tag+e gefahr+en+stufe,6.645912257597986
-8.10986828728502,-0.6715489552596212,-0.7805896705556049,-0.03882368392588457,-0.06062388489071678,vier,10.6396582449542
-11.867225737344555,1.0997809595271648,-0.20394467739012068,-0.24588019032953343,0.1406010012216702,gefahr+en+stufe vier,6.500367956697449
-11.927775232637966,1.1282916799712637,-0.19119752096428383,-0.24992697672964717,0.1448795593134837,hohe,6.433756207473901
-11.927775232637966,1.1282916799712637,-0.19119752096428383,-0.24992697672964717,0.1448795593134837,vier hoch+e,6.433756207473901
-11.969005191123834,1.147701946871932,-0.1824264202976555,-0.25269783705319093,0.14781944114691,Gefahr…,6.388401804834858
-11.969005191123834,1.147701946871932,-0.1824264202976555,-0.25269783705319093,0.14781944114691,hoch+e gefahr…,6.388401804834858
-12.039352962946436,1.1808131962794066,-0.1672867417701907,-0.25745433193543177,0.1528860437671812,+1449,6.311023671762684
-12.039352962946436,1.1808131962794066,-0.1672867417701907,-0.25745433193543177,0.1528860437671812,gefahr… +1449,6.311023671762684
-12.083715368675302,1.201688734734157,-0.15762432224108258,-0.2604726114121254,0.15611443038039427,+1449 char+s,6.262232455495652
-12.285931760256023,1.2967900826913539,-0.11240678666728546,-0.274416623882115,0.17116866998547095,Indiens,6.039877698688294
-12.237616794620743,1.2740767299571223,-0.12338989806260317,-0.2710571262011282,0.16752019286745876,Autofahrer,6.092996511586568
-12.237616794620743,1.2740767299571223,-0.12338989806260317,-0.2710571262011282,0.16752019286745876,indien+s auto+fahrer,6.092996511586568
-12.166988353452254,1.2408631578522469,-0.13924053997784647,-0.26617770074262664,0.16224559497615762,revoltieren,6.170656325380831
-12.166988353452254,1.2408631578522469,-0.13924053997784647,-0.26617770074262664,0.16224559497615762,auto+fahrer revoltier+en,6.170656325380831
-12.008674785245343,1.1663747516025031,-0.17391632336792934,-0.2553755831880402,0.1506686345796501,Biotreibstoff,6.344766651671033
-12.008674785245343,1.1663747516025031,-0.17391632336792934,-0.2553755831880402,0.1506686345796501,revoltier+en bio+treib+stoff,6.344766651671033
-11.893596105312334,1.1121986128668722,-0.1984124731239947,-0.24763936378307416,0.14245874701742464,E20,6.471356627780644
-11.893596105312334,1.1121986128668722,-0.1984124731239947,-0.24763936378307416,0.14245874701742464,bio+treib+stoff e20,6.471356627780644
-11.803075728810228,1.0695686160544753,-0.21727945353554254,-0.241621713411802,0.13611760135496517,fürchten,6.570947152204942
-11.803075728810228,1.0695686160544753,-0.21727945353554254,-0.241621713411802,0.13611760135496517,e20 fürcht+en,6.570947152204942
-11.714689118741559,1.0279321140662887,-0.23537231323867558,-0.235802713368155,0.13002197656756317,Schäden,6.668202275365865
-11.714689118741559,1.0279321140662887,-0.23537231323867558,-0.235802713368155,0.13002197656756317,fürcht+en schaden,6.668202275365865
-11.596310483027908,0.9721518274481435,-0.2591122769087739,-0.22809602808248752,0.12200195789150223,Motor,6.798476261993187
-11.596310483027908,0.9721518274481435,-0.2591122769087739,-0.22809602808248752,0.12200195789150223,schaden motor,6.798476261993187
-11.412677746137911,0.8855948334847037,-0.294872100714628,-0.21633475967211746,0.10987431521321225,geringere,7.000597531717083
-11.412677746137911,0.8855948334847037,-0.294872100714628,-0.21633475967211746,0.10987431521321225,motor gering+er+e,7.000597531717083
-11.272686760923941,0.819590115791752,-0.32130470354090335,-0.2075237521611282,0.10087346254951848,Reichweite,7.15470960965199
-11.272686760923941,0.819590115791752,-0.32130470354090335,-0.2075237521611282,0.10087346254951848,gering+er+e reich+weite,7.15470960965199
-11.09828631846972,0.737344740957802,-0.35328525953997353,-0.19673053652536435,0.08994178829119609,reich+weite der,7.346730571412419
-7.445004857825273,-0.9844654227558252,-0.8533354535891107,-0.009431071292683862,-0.08713009847810443,indische,11.372557781156788
-7.445004857825273,-0.9844654227558252,-0.8533354535891107,-0.009431071292683862,-0.08713009847810443,der indisch+e,11.372557781156788
-7.135372147201718,-1.1301087166378103,-0.8852014650492446,0.003675622773134664,-0.09882660381144666,Regierung,11.713886640581038
-7.135372147201718,-1.1301087166378103,-0.8852014650492446,0.003675622773134664,-0.09882660381144666,indisch+e regierung,11.713886640581038
-6.739274160174171,-1.3163444277813188,-0.9242673201236021,0.019937673544363974,-0.11323890001062878,bewirbt,12.150538436689017
-6.739274160174171,-1.3163444277813188,-0.9242673201236021,0.019937673544363974,-0.11323890001062878,regierung bewerb+t,12.150538436689017
-6.168279543107836,-1.5846583657989095,-0.9774906628241129,0.04244068471249449,-0.13300729284315307,Einführung,12.780000728893187
-6.168279543107836,-1.5846583657989095,-0.9774906628241129,0.04244068471249449,-0.13300729284315307,bewerb+t einführung,12.780000728893187
-5.238306960793288,-2.021279085582086,-1.0572096226100764,0.07691111775485215,-0.1629166467816146,Benzin-Ethanol-Gemischs,13.805202375783265
-5.238306960793288,-2.021279085582086,-1.0572096226100764,0.07691111775485215,-0.1629166467816146,einführung benzin-ethanol-gemisch+s,13.805202375783265
-2.08157272320301,-3.500182906183942,-1.2776164345319816,0.17732056372104135,-0.24771911224699128,Beitrag,17.28502896465324
-2.08157272320301,-3.500182906183942,-1.2776164345319816,0.17732056372104135,-0.24771911224699128,benzin-ethanol-gemisch+s beitrag,17.28502896465324
8.567124177212467,-8.463666929433678,-1.702842069015811,0.40036542489708976,-0.42503853799927227,Kampf,29.020513402329467
0.9108344512756119,-4.898309567343322,-1.4352330412825964,0.25444113773448096,-0.31072026602143166,beitrag kampf,20.583328514696507
31.577256699605773,-19.12564731574693,-1.9847906006634675,0.6264845842687383,-0.5852355849974681,kampf klima+wandel,54.36764907377436
-0.3233744369144631,-4.322047296309169,-1.3750639739640653,0.22440302737163098,-0.28639255744120873,klima+wandel wirtschaftlich+en,19.223004710972095
-3.429526173208984,-2.8692393546127555,-1.1917022669168031,0.13724178422945438,-0.21426295502461756,Autonomie,15.799155015287543
-3.429526173208984,-2.8692393546127555,-1.1917022669168031,0.13724178422945438,-0.21426295502461756,wirtschaftlich+en autonomie,15.799155015287543
-4.850778270609899,-2.203089253476775,-1.0881474539261469,0.09054182639914737,-0.17462562703638268,Landes,14.232411102943857
-4.850778270609899,-2.203089253476775,-1.0881474539261469,0.09054182639914737,-0.17462562703638268,autonomie land+es,14.232411102943857
-5.9480567017052515,-1.6880945646247527,-0.9971119414187092,0.05083897377306092,-0.14033487384181215,Strassen,13.022774580203231
-5.9480567017052515,-1.6880945646247527,-0.9971119414187092,0.05083897377306092,-0.14033487384181215,auf straße+n,13.022774580203231
-10.707129578757241,0.5528381074895541,-0.4214603324423648,-0.17323909399503928,0.0664848697835283,straße+n viele,7.777505494144112
-10.955008857213624,0.6697664012392806,-0.37880870902762864,-0.18801256585646917,0.08118445306093491,überzeugt,7.504505293723447
-10.955008857213624,0.6697664012392806,-0.37880870902762864,-0.18801256585646917,0.08118445306093491,viele überzeug+t,7.504505293723447
-10.707129578757241,0.5528381074895541,-0.4214603324423648,-0.17323909399503928,0.0664848697835283,straße+n viel+e,7.777505494144112
-10.91666451904165,0.6516797188714181,-0.38552888238827293,-0.18570186894739496,0.0788738333566259,+7013,7.546732422451709
-10.91666451904165,0.6516797188714181,-0.38552888238827293,-0.18570186894739496,0.0788738333566259,viel+e +7013,7.546732422451709
-11.02857488985755,0.7044655499253585,-0.36578597525596485,-0.19247221350408844,0.08565632674396512,+7013 char+s,7.423493360367269
-14.964493182806695,2.337061693961202,1.2303556169098098,0.33834737190040104,0.17802701338062368,Stromautobahn,3.1963988848462987
-14.964493182806695,2.337061693961202,1.2303556169098098,0.33834737190040104,0.17802701338062368,suedlink strom+auto+bahn,3.1963988848462987
-14.953634199123773,2.325268854266411,1.2336404495290347,0.35624286657265747,0.16993316366507003,strom+auto+bahn nehm+t,3.211120802840486
-14.658895099857961,1.99658149587868,1.2818470029315525,0.7560660998984712,-0.025014113699923207,wichtige,3.6139812156349533
-14.948630236730997,2.3198195837632998,1.2351049752339578,0.3643934257311139,0.1662291770293803,nehm+t wichtig+e,3.2179106656251824
-14.939759646608609,2.3101377168813566,1.237627191056453,0.378696711333773,0.15970238747147428,unterirdische,3.229955619581512
-14.939759646608609,2.3101377168813566,1.237627191056453,0.378696711333773,0.15970238747147428,wichtig+e unterirdisch+e,3.229955619581512
-14.926061384979784,2.295135297450695,1.2413423683659108,0.40042848515940893,0.14972053661613463,Hürde,3.2485757071340595
-14.926061384979784,2.295135297450695,1.2413423683659108,0.40042848515940893,0.14972053661613463,unterirdisch+e hürde,3.2485757071340595
-14.916330946583816,2.2844435444511877,1.2438539413630014,0.4156107165963794,0.14270012402262547,hürde zwei,3.2618158016009433
-14.910564871636126,2.278095122837693,1.245294007169503,0.42451018978254795,0.13856693905555126,zwei jahr+en,3.2696665221332113
-14.948630236730997,2.3198195837632998,1.2351049752339578,0.3643934257311139,0.1662291770293803,jahr+en wichtig+e,3.2179106656251824
-14.876903577208772,2.240868726125153,1.2530244307370015,0.47508112641898537,0.1148269680744172,Trasse,3.3155611111673977
-14.876903577208772,2.240868726125153,1.2530244307370015,0.47508112641898537,0.1148269680744172,wichtig+e trasse,3.3155611111673977
-14.865667591051091,2.2283881812973165,1.2553624658853473,0.49145877078540434,0.10704599074497342,trasse fertig,3.3309013524424707
-14.833784001356864,2.1928554432317013,1.2613924634173004,0.5366498563985134,0.08533959165278615,transportiert,3.3744757940838905
-14.833784001356864,2.1928554432317013,1.2613924634173004,0.5366498563985134,0.08533959165278615,sie transportier+t,3.3744757940838905
-14.79001244248379,2.1438639074999273,1.2683496518826982,0.5958149171059639,0.0563949218848612,Leistung,3.434375538888018
-14.79001244248379,2.1438639074999273,1.2683496518826982,0.5958149171059639,0.0563949218848612,transportier+t leistung,3.434375538888018
-14.762375658992678,2.1128508436457594,1.2720402740341386,0.6315942028766386,0.03860051274465787,mehrerer,3.4722244240251614
-14.762375658992678,2.1128508436457594,1.2720402740341386,0.6315942028766386,0.03860051274465787,leistung mehrere+r,3.4722244240251614
-14.729130383626707,2.075500905079536,1.2758372873603043,0.673143979967211,0.017660881131567135,Großkraftwerke,3.517768412054285
-14.729130383626707,2.075500905079536,1.2758372873603043,0.673143979967211,0.017660881131567135,mehrere+r großkraftwerk+e,3.517768412054285
-14.55327692311312,1.8783107053588528,1.2867162422860992,0.8700283139210003,-0.08558401129451983,Strompreise,3.7584780535297577
-14.55327692311312,1.8783107053588528,1.2867162422860992,0.8700283139210003,-0.08558401129451983,großkraftwerk+e strom+preis+e,3.7584780535297577
-14.201689758865552,1.4932063327016767,1.2805011152382813,1.1816773676192722,-0.26238952212692873,sinken,4.235891058833449
-14.387602235357416,1.6948819334674248,1.2870762896613228,1.0278995409981155,-0.17313051751779593,strom+preis+e sink+en,3.984254359978155
-14.2030787666367,1.4946951327027889,1.2805700262546134,1.18060433213885,-0.26175334448967513,sink+en lass+en,4.234018382689505
-14.345628120508199,1.6489356990603303,1.2861198101538676,1.0645402137479116,-0.19404580924211495,energie+wende solarenergie,4.041237189719227
-14.55327692311312,1.8783107053588528,1.2867162422860992,0.8700283139210003,-0.08558401129451983,solarenergie besuch+en,3.7584780535297577
-2.641214149626057,-3.238323502071304,-1.2432512013498511,0.16113679920749607,-0.23427004688221967,Forscher,16.668134965862116
-10.877211084617294,0.6330694704379538,-0.39239585080397577,-0.18333411787606826,0.07651064145810604,forscher forder+n,7.5901822078558405
-10.707129578757241,0.5528381074895541,-0.4214603324423648,-0.17323909399503928,0.0664848697835283,forder+n gut+er+en,7.777505494144112
-10.487988445911828,0.44945985055327986,-0.4576737021921339,-0.16049516701903385,0.05393957943143912,gut+er+en schutz,8.018891607806612
-10.261850293008447,0.3427820688823586,-0.49367158141171574,-0.1476454475906061,0.04140975394240373,schutz der,8.268015671540505
-10.135059972109389,0.282973141544113,-0.5132778796059115,-0.1405709288941169,0.03456040552560247,der hitze,8.407705621761222
-9.76640920680107,0.10909552150289592,-0.5680826190509192,-0.12051298076914951,0.015320633990479032,hitze besonders,8.813904488964747
-9.06762874757986,-0.2203619160042365,-0.6638704031796666,-0.0844600907130448,-0.01864363016236545,ältere,9.583988870174128
-9.06762874757986,-0.2203619160042365,-0.6638704031796666,-0.0844600907130448,-0.01864363016236545,besonders alt+er+e,9.583988870174128
-8.588779879684672,-0.44599997709436323,-0.7241393214593339,-0.06112918578236197,-0.0402375707638509,alt+er+e mensch+en,10.111769769402963
-5.22378619234439,-2.028092938054189,-1.058391799265706,0.07742932750067372,-0.16336299237676746,gefährlich,13.82121001003308
-7.747796644441806,-0.841987754740722,-0.8209680500363505,-0.022599403714093642,-0.07530329183478285,mensch+en gefährlich,11.038776203965556
-10.261850293008447,0.3427820688823586,-0.49367158141171574,-0.1476454475906061,0.04140975394240373,gefährlich der,8.268015671540505
3.6304752367699287,-6.166464071017156,-1.5484606200627629,0.31334166822763954,-0.3576481946005009,der wegen,23.580629067931103
17.44643843537016,-12.584742132788335,-1.8733946030216038,0.5135618708701883,-0.5086560069983412,wegen klima+wandel+s,38.803002013155634
13.980804213733006,-10.835327505322669,0.03888642783105205,-0.6625071777532675,-1.6519135925021409,weltweit,34.96336451961876
2.0972887139883305,-5.451811992323252,-1.487627122149592,0.28127868605167045,-0.33223032794131196,klima+wandel+s weltweit,21.89095292930394
-0.8349059816520707,-4.083053637528327,-1.348235389453458,0.21125632571374672,-0.2756608946649114,weltweit steig+end+en,18.65918301253705
-2.863614150053756,-3.134046461372596,-1.2298741001414464,0.15137522329733358,-0.225977062778353,steig+end+en temperatur+en,16.42292755818428
-5.009223410214952,-2.1384848106846155,-1.0868421036492497,0.04268594540306076,-0.13508255254098062,gefährden,14.062061601848916
-9.176156560821296,-0.17661908914265023,-0.6574624653888955,-0.12041829991374028,0.012199349849112029,temperatur+en gefährd+en,9.467671824655808
-5.104119133973427,-2.168476273068034,-1.0995174275619353,-0.021078403021160763,-0.09606636270482753,gefährd+en gesundheit,13.988691318675908
-6.268787202816155,-1.5610514890815006,-0.9846598853805719,-0.02070760743496993,-0.08276215690609512,älterer,12.679388579110936
-6.268787202816155,-1.5610514890815006,-0.9846598853805719,-0.02070760743496993,-0.08276215690609512,gesundheit alt+er+er,12.679388579110936
-5.085243048570058,-2.095730446367746,-1.0759266761835327,0.057493002452307866,-0.14645754198234648,alt+er+er mensch+en,13.975203158403819
-10.610808879243363,0.4991012911508741,-0.44491751495316,-0.1965182505802443,0.08553050264941114,mensch+en stark+er,7.88725636603602
4.333501916791565,-6.493146455065975,-1.5769632218407548,0.3156484216376647,-0.3584651212116631,bislang,24.355123502250752
-7.815027995672459,-0.8146080629629138,-0.8201326543755001,-0.05121810826874158,-0.05081595873778155,stark+er bislang,10.966615409070828
-7.767286346361493,-0.8354072041674003,-0.8239594060679952,-0.04381886477501995,-0.057051452546214396,angenommen,11.018512826827937
-7.767286346361493,-0.8354072041674003,-0.8239594060679952,-0.04381886477501995,-0.057051452546214396,bislang an+ge+nehm+en,11.018512826827937
-10.167723184596483,0.2983806103153399,-0.508265429806844,-0.14238464885613503,0.036313156450508116,Erkenntnis,8.371718493910475
-9.76640920680107,0.10909552150289592,-0.5680826190509192,-0.12051298076914951,0.015320633990479032,erkenntnis komm+en,8.813904488964747
-9.45061819242164,-0.03981634625545416,-0.612606460338704,-0.10391213226020712,-0.0004127976324315441,komm+en forscher,9.161900857637356
-8.664608392516705,-0.4102765378723836,-0.7148612717558965,-0.06475334043021358,-0.036901874509867955,Stanford,10.028189676169372
-8.664608392516705,-0.4102765378723836,-0.7148612717558965,-0.06475334043021358,-0.036901874509867955,forscher stanford,10.028189676169372
-7.8586773753214025,-0.7898003499589219,-0.8088019613523124,-0.0275115173829061,-0.07087170867789654,University,10.916549047731422
-7.8586773753214025,-0.7898003499589219,-0.8088019613523124,-0.0275115173829061,-0.07087170867789654,stanford university,10.916549047731422
-9.511192924953232,-0.011840572233289492,-0.6059697853721979,-0.11425040011095072,0.008891196611589408,zunehmenden,9.095442514739847
-9.511192924953232,-0.011840572233289492,-0.6059697853721979,-0.11425040011095072,0.008891196611589408,temperatur+en zu+nehm+end+en,9.095442514739847
-9.918825492700229,0.17637310056929145,-0.5514373564215319,-0.1511638111147359,0.04244655279666268,zu+nehm+end+en hitze+welle+n,8.648033590829703
-10.180350405189703,0.28834749291918227,-0.5174055917331474,-0.18491692846822397,0.07156292023296351,hitze+welle+n gefährd+en,8.36473989998585
-11.090938435382036,0.7209689121264056,-0.36373736233800735,-0.23135734378861428,0.11903298085367689,mensch+en laut,7.360437171857367
-11.387895598127542,0.8660911532594673,-0.30615385817061286,-0.24070694204666643,0.13057655726459375,studie deutlich,7.03131873394247
-11.509623374041603,0.9248242132237503,-0.28188836333746525,-0.24546110818919006,0.13609838068989313,deutlich stark+er,6.896745798710192
-11.864452869013064,1.0945803500102476,-0.20843510301721965,-0.2617189130153586,0.15450184235231865,Sollte,6.505159523422523
-11.926373139093243,1.1240461382407108,-0.19515120237581315,-0.2648712325072233,0.1580401387061551,di…,6.436903910664067
-11.926373139093243,1.1240461382407108,-0.19515120237581315,-0.2648712325072233,0.1580401387061551,soll+te di…,6.436903910664067
-11.968407676595287,1.144028299734789,-0.1860475182834737,-0.26705871483254234,0.16049463026258656,+2863,6.390579563433703
-11.968407676595287,1.144028299734789,-0.1860475182834737,-0.26705871483254234,0.16049463026258656,di… +2863,6.390579563433703
-12.0166432343671,1.1669390487887301,-0.17551292372911476,-0.2696146860514305,0.16336284798201592,+2863 chars,6.337431707750922
-10.707129578757241,0.5528381074895541,-0.4214603324423648,-0.17323909399503928,0.0664848697835283,Ihnen,7.777505494144112
-10.707129578757241,0.5528381074895541,-0.4214603324423648,-0.17323909399503928,0.0664848697835283,wir ihnen,7.777505494144112
-8.293047721097313,-0.5852930140465098,-0.7594235923745007,-0.047238518680724574,-0.052961611243221574,hören,10.437741859755011
-10.564742705558421,0.48566830077517587,-0.4451432697481745,-0.16492555473295184,0.05828719778247449,ihnen hör+en,7.934342477066543
-1.9861241754222494,-3.544830891683576,-1.283304477985878,0.18001954499194833,-0.24995417558240315,Herr,17.39024076780588
-10.379106834567098,0.3980957980312536,-0.4751744894671711,-0.15427069630649387,0.047855453228759115,hör+en herr,8.138836932298988
-8.138252646952516,-0.6581844619415653,-0.7773432877264168,-0.04011832977401771,-0.059447225541338355,Merz,10.608370253320707
-10.231096598306427,0.32827483964469373,-0.4984643501735498,-0.14592101359877263,0.03973705721516285,herr merz,8.301897497646552
-9.29605670728551,-0.1126860418495994,-0.6336413440960752,-0.09597420425424244,-0.00787830335445519,klima+schutz staatlich+e,9.332236450316742
-8.588779879684672,-0.44599997709436323,-0.7241393214593339,-0.06112918578236197,-0.0402375707638509,Pflicht,10.111769769402963
-8.588779879684672,-0.44599997709436323,-0.7241393214593339,-0.06112918578236197,-0.0402375707638509,staatlich+e pflicht,10.111769769402963
-6.004747898606384,-1.6614698653166098,-0.9921069944796198,0.04869147745779099,-0.13846370068320163,ignoriert,12.960278137418555
-6.004747898606384,-1.6614698653166098,-0.9921069944796198,0.04869147745779099,-0.13846370068320163,pflicht ignorier+t,12.960278137418555
-2.081572723203003,-3.5001829061839453,-1.2776164345319818,0.17732056372104138,-0.24771911224699172,ignorier+t der,17.285028964653247
-7.508749046323352,-0.9544750873779657,-0.8466230008617246,-0.012173911098152579,-0.08467299900331864,Gesellschaft,11.302289015614468
-7.508749046323352,-0.9544750873779657,-0.8466230008617246,-0.012173911098152579,-0.08467299900331864,klima+wandel gesellschaft,11.302289015614468
-8.737713234127098,-0.3758334511744108,-0.7058241967526302,-0.06827199618713795,-0.033656834633277524,voll,9.947612637376892
-8.737713234127098,-0.3758334511744108,-0.7058241967526302,-0.06827199618713795,-0.033656834633277524,gesellschaft voll,9.947612637376892
-9.06762874757986,-0.2203619160042365,-0.6638704031796666,-0.0844600907130448,-0.01864363016236545,erfasst,9.583988870174128
-9.06762874757986,-0.2203619160042365,-0.6638704031796666,-0.0844600907130448,-0.01864363016236545,voll erfass+t,9.583988870174128
-9.923855867204443,0.18335229815355936,-0.5450647075751099,-0.12898794606920957,0.02341824405676432,erfass+t bund+es+regierung,8.640414431363912
-10.434529981067937,0.42424115344206603,-0.46630594106334905,-0.15743029876699444,0.05094033841987716,bund+es+regierung setz+t,8.07778124173202
-11.131801688462435,0.7531514312553034,-0.3472186723125027,-0.19878912164843696,0.09201899691783738,Kolumnist,7.309826686254113
-11.131801688462435,0.7531514312553034,-0.3472186723125027,-0.19878912164843696,0.09201899691783738,unser kolumnist,7.309826686254113
-11.47708801117902,0.9159587343030866,-0.2824728165414786,-0.22043356387257848,0.11408583913715711,fassen,6.929697590582433
-11.47708801117902,0.9159587343030866,-0.2824728165414786,-0.22043356387257848,0.11408583913715711,kolumnist fass+en,6.929697590582433
-11.673049878819928,1.0083134916898109,-0.24378605215195664,-0.2330806372301571,0.12718242188597903,12.000,6.714023447377483
-11.673049878819928,1.0083134916898109,-0.24378605215195664,-0.2330806372301571,0.12718242188597903,mehr 12.000,6.714023447377483
-11.744938091082258,1.0421827556360812,-0.22921629666642288,-0.23778789829580274,0.1320975998345544,12.000 mensch+en,6.634916885338367
-11.831032582230753,1.0827360454629296,-0.21148940156200619,-0.24347392852929553,0.13806528125659537,kostete,6.540187635103196
-11.831032582230753,1.0827360454629296,-0.21148940156200619,-0.24347392852929553,0.13806528125659537,mensch+en kost+ete,6.540187635103196
-11.936151053809791,1.1322350932664578,-0.18942171076051928,-0.2504888691865129,0.14547504321181,kost+ete hitze,6.424542274759708
-12.008674785245343,1.1663747516025031,-0.17391632336792934,-0.2553755831880402,0.1506686345796501,hitze deutschland,6.344766651671033
-12.166988353452254,1.2408631578522469,-0.13924053997784647,-0.26617770074262664,0.16224559497615762,deutschland jahr,6.170656325380831
-12.225149789563801,1.2682149022485163,-0.12620532313871552,-0.2701931102520127,0.16658409997130633,jahr leben,6.106703901918149
-12.268097606324098,1.2884067697720756,-0.1164743299916011,-0.27317450548274974,0.16981807980769323,schätzt,6.05948446766732
-12.268097606324098,1.2884067697720756,-0.1164743299916011,-0.27317450548274974,0.16981807980769323,leben schätz+t,6.05948446766732
-12.337507673974665,1.3210295901377282,-0.10055398725954726,-0.27802234788822644,0.1751002228293527,Robert-Koch-Institut,5.9831794462967425
-12.337507673974665,1.3210295901377282,-0.10055398725954726,-0.27802234788822644,0.1751002228293527,schätz+t robert-koch-institut,5.9831794462967425
-12.472181030119213,1.3842863666465632,-0.0689598062656602,-0.2875329863568029,0.18555051798952862,was hör+en,5.835160536017357
-12.559242727464785,1.4251482865109226,-0.04802097076057077,-0.2937553060626566,0.19245289461524132,Bundeskanzler,5.739496017757995
-12.559242727464785,1.4251482865109226,-0.04802097076057077,-0.2937553060626566,0.19245289461524132,hör+en bund+es+kanzler,5.739496017757995
-12.61825487929731,1.4528296735482642,-0.033589797931998344,-0.29800618731328987,0.19719920733957522,Friedrich,5.67466456000574
-12.61825487929731,1.4528296735482642,-0.033589797931998344,-0.29800618731328987,0.19719920733957522,bund+es+kanzler friedrich,5.67466456000574
-12.658041072248258,1.4714848997887482,-0.02374876167036523,-0.3008873743222805,0.20043079689057766,friedrich merz,5.630960659544451
-12.681040092339465,1.482265891794933,-0.018018354540589157,-0.30255849545947894,0.20231065665846484,merz cdu,5.605699109271557
-12.703421078666935,1.4927550326160932,-0.012412298708193867,-0.3041886591105367,0.204148382275791,Nichts,5.581117948003771
-12.739423640488608,1.5096235275695746,-0.003332237420591813,-0.30681916067905,0.20712211578061326,schweigt,5.541579429361593
-12.739423640488608,1.5096235275695746,-0.003332237420591813,-0.30681916067905,0.20712211578061326,nichts schweig+t,5.541579429361593
-12.773903262470071,1.5257729897049823,0.005436384221504054,-0.30934786341442266,0.2099905622664706,Da…,5.503717333927009
-12.79060554895258,1.533593963497557,0.009709866736332312,-0.310576129454304,0.2113873611449961,+7153,5.485377951445314
-12.79060554895258,1.533593963497557,0.009709866736332312,-0.310576129454304,0.2113873611449961,da… +7153,5.485377951445314
-12.810198209895793,1.5427666739271158,0.014744623147535676,-0.3120197276428405,0.21303200248513401,+7153 chars,5.463866086647314
-14.54480554774561,1.9438842154173248,1.040309628221291,0.3989948103567241,0.14501272377704558,Solarthermie,3.7377893270559825
-14.18610893491931,1.5489229831410345,0.900108333924882,0.4800196000214484,0.059967014870615676,Industrielle,4.224779748313878
-14.18610893491931,1.5489229831410345,0.900108333924882,0.4800196000214484,0.059967014870615676,solarthermi+e industriell+e,4.224779748313878
-13.956297390769588,1.3809969007412488,1.0865440016528871,0.9678360107696304,-0.12931620017485326,Wärme,4.504026923617289
-14.51516266146874,1.91531907100458,1.043675827058651,0.4316565308855664,0.13009851981713824,industriell+e wärme,3.7764725754887056
-14.592977146763593,2.0017281223206753,1.085931849254489,0.4306576031820193,0.1408942490159433,günstigsten,3.670622578823287
-14.592977146763593,2.0017281223206753,1.085931849254489,0.4306576031820193,0.1408942490159433,wärme günstig+st+en,3.670622578823287
-14.633443212318934,2.046174330598147,1.1148701952989697,0.4420832513477655,0.14116083265714371,günstig+st+en eigen+en,3.615826286750498
-11.896994458881164,1.072698849927329,0.16165031198016877,0.36924742635953367,-0.03418179594798611,Dach,6.488337826503654
-14.64389882909029,2.0575566645252232,1.1254692120422387,0.45058151619201076,0.13889840164298248,eigen+en dach,3.601731071537068
-14.648342581217264,2.062371467889691,1.1313352110161328,0.4566271034697674,0.13693412219799603,Erneuerbarer,3.595759097227205
-14.648342581217264,2.062371467889691,1.1313352110161328,0.4566271034697674,0.13693412219799603,dach erneuer+bar+er,3.595759097227205
-14.654171181955684,2.0686337776596173,1.1447290640418508,0.4747595928799704,0.13018822721099996,erneuer+bar+er strom,3.5879866619183494
-14.654103107334553,2.068505747156219,1.153782166268717,0.49103271969311313,0.1235518779277294,strom längst,3.5881628666475684
-14.652031444274094,2.0662281361658437,1.1596868349728575,0.503673263165157,0.11818179606487092,günstiger,3.5910195584634295
-14.652031444274094,2.0662281361658437,1.1596868349728575,0.503673263165157,0.11818179606487092,längst günstig+er,3.5910195584634295
-14.630510501463753,2.042878053444794,1.1798232953753176,0.5611158467795827,0.09249546792263047,Quellen,3.6202872334562635
-14.630510501463753,2.042878053444794,1.1798232953753176,0.5611158467795827,0.09249546792263047,günstig+er quelle+n,3.6202872334562635
-14.610772459656921,2.0215467076832834,1.1893845309695703,0.597706996815332,0.07546719332620985,bei wärme,3.6470352524700713
-14.599175053196285,2.00902571411799,1.193771284100239,0.616942016969983,0.06636882470021854,wärme seh+t,3.662738086453566
-14.44366951004807,1.8416225772215513,1.2241827263608798,0.8198685964304685,-0.034316651169346235,höheren,3.8729099781916263
-14.44366951004807,1.8416225772215513,1.2241827263608798,0.8198685964304685,-0.034316651169346235,seh+t hoch+er+en,3.8729099781916263
-14.380651131214103,1.7741371243914128,1.2298778120280458,0.8880883979942918,-0.06986934096012379,hoch+er+en temperatur+en,3.9578974277887644
-5.5165109705786755,-1.8907109476307218,-1.0342025163373496,0.06686722924063984,-0.15424666449477165,schürt,13.498510893227476
-5.5165109705786755,-1.8907109476307218,-1.0342025163373496,0.06686722924063984,-0.15424666449477165,klima+wandel schür+t,13.498510893227476
-6.945012757947648,-1.2196221003419287,-0.9042062567074597,0.011560002800952436,-0.10582775146019957,schür+t wald+brand+e,11.92373490662013
-8.343092224154818,-0.5617247855868328,-0.7535510035585015,-0.04956230890017632,-0.05083962311340515,Betroffene,10.38257918725887
-8.343092224154818,-0.5617247855868328,-0.7535510035585015,-0.04956230890017632,-0.05083962311340515,wald+brand+e betreff+en+e,10.38257918725887
8.752947591881888,-8.550038283724028,-1.707637143766622,0.4032362995025077,-0.4272197146495563,Fläche,29.225262072004107
-2.9461061309806063,-3.0956068698666392,-1.223767208975652,0.1520524402136498,-0.22668504301409764,betreff+en+e fläche,16.332046334683668
-9.637975899301725,0.04852820216207654,-0.5864486054084554,-0.11369829953844876,0.008841866831600015,fläche europa,8.955431740584267
-10.321592892773992,0.370964404272073,-0.48429186186207746,-0.15101101174434348,0.044680270297005,europa fast,8.202197737805196
14.30012955151113,-11.12574524998005,-1.8250004158925475,0.47842715650631296,-0.48326928030825034,verdreifachen,35.33690624021004
-10.461497339846584,0.43696282202348113,-0.4619610284379086,-0.15897425672581159,0.0524503874707416,fast verdreifach+en,8.04807389213623
-10.79475010846361,0.5941713545633096,-0.4065950900096681,-0.17841711068460228,0.0716173892531404,Arbeitet,7.68099984464782
-10.79475010846361,0.5941713545633096,-0.4065950900096681,-0.17841711068460228,0.0716173892531404,verdreifach+en arbeit+et,7.68099984464782
-11.046350448985983,0.7128495238055916,-0.362613407904382,-0.19355503092726611,0.08674460093850403,arbeit+et welt,7.403919375414437
-11.131801688462435,0.7531514312553034,-0.3472186723125027,-0.19878912164843696,0.09201899691783738,welt bei,7.309826686254113
-11.211980688645315,0.7909636403101059,-0.33255350983801635,-0.2037439154077,0.09703357385020087,bei klima+schutz,7.221545690934439
-11.385923306153327,0.8729814173321815,-0.29997789257042906,-0.2146405655255068,0.10813810652402153,zusammen,7.030049046735568
-11.385923306153327,0.8729814173321815,-0.29997789257042906,-0.2146405655255068,0.10813810652402153,klima+schutz zusammen,7.030049046735568
-11.57341459866713,0.9613614167456772,-0.26364053797972903,-0.22661682942469857,0.12046936365615543,überwiegen,6.823675040006941
-11.57341459866713,0.9613614167456772,-0.26364053797972903,-0.22661682942469857,0.12046936365615543,zusammen überwieg+en,6.823675040006941
-11.694061113429925,1.0182133511171063,-0.23954914785359988,-0.23445266559829933,0.1286127250300134,Rivalitäten,6.6909016950154
-11.694061113429925,1.0182133511171063,-0.23954914785359988,-0.23445266559829933,0.1286127250300134,überwieg+en rivalität+en,6.6909016950154
-11.858290169387988,1.0955730032050037,-0.2058125224082441,-0.24528523904872682,0.13997346589190504,Unterschied,6.510198666702777
-11.858290169387988,1.0955730032050037,-0.2058125224082441,-0.24528523904872682,0.13997346589190504,der unterschied,6.510198666702777
-12.083715368675302,1.201688734734157,-0.15762432224108258,-0.2604726114121254,0.15611443038039427,Szenarien,6.262232455495652
-12.083715368675302,1.201688734734157,-0.15762432224108258,-0.2604726114121254,0.15611443038039427,unterschied szenario+en,6.262232455495652
-12.153583062767785,1.2345578908786177,-0.14222198614389417,-0.2652558045926338,0.16125224927536277,szenario+en zeig+t,6.185397330893537
-12.256020894182917,1.2827293910158564,-0.11921979548501187,-0.27233474695831406,0.1689060704623769,darin,6.072761934234146
-12.256020894182917,1.2827293910158564,-0.11921979548501187,-0.27233474695831406,0.1689060704623769,zeig+t darin,6.072761934234146
-12.320626914593817,1.3130968216508667,-0.10444815347300827,-0.2768399768286148,0.17380920094988403,darin stark,6.001736076876281
-12.354089695118395,1.3288211892361739,-0.09671463419505812,-0.2791859021471621,0.1763724350250276,stark wald+brand+e,5.9649518547529246
-4.350246295006729,-2.437803125368152,-1.1263113623434484,0.10755675778234658,-0.18915163088869094,wald+brand+e europa,14.784188838569296
-12.500610968359036,1.3976326863620496,-0.062167618913279904,-0.2895584638858826,0.18779157291135348,greifen,5.803919132220167
-12.500610968359036,1.3976326863620496,-0.062167618913279904,-0.2895584638858826,0.18779157291135348,europa greif+en,5.803919132220167
-12.559242727464785,1.4251482865109226,-0.04802097076057077,-0.2937553060626566,0.19245289461524132,der wald+brand+e,5.739496017757995
-10.839258255081852,0.6151667090354924,-0.39895663313356056,-0.18106573391104255,0.07425083600713106,europa sommer,7.631980554737355
-9.161866208078687,-0.17594331402895413,-0.6515206269844807,-0.08917924379742899,-0.01424031482707036,außergewöhnlich,9.480127365385634
-12.72878789871869,1.5046408980480548,-0.006022650248659861,-0.3060410166686299,0.20624136331751694,sommer außergewöhnlich,5.553259321709733
-12.783966319681992,1.5304852518900516,0.008009104777224857,-0.3100876276493502,0.21083155440144483,außergewöhnlich stark,5.49266782174987
-12.841813041492916,1.5575638329505517,0.022918698544147284,-0.3143554536347035,0.21569986738262806,sowohl anzahl,5.42915719209491
-12.90144458380491,1.5854601132532284,0.03850714781612939,-0.3187823606727172,0.2207799148316477,betroffenen,5.363699291523401
-12.90144458380491,1.5854601132532284,0.03850714781612939,-0.3187823606727172,0.2207799148316477,anzahl betreff+en+en,5.363699291523401
-12.935121374699396,1.6012060277382303,0.04741099484288548,-0.3212947504690284,0.22367701059927528,Flächen,5.326737840200143
-12.935121374699396,1.6012060277382303,0.04741099484288548,-0.3212947504690284,0.22367701059927528,betreff+en+en fläche+n,5.326737840200143
-12.956767754141733,1.6113236403446458,0.05317297071750825,-0.32291432646920176,0.22555006423098703,liegen,5.3029824548577
-12.956767754141733,1.6113236403446458,0.05317297071750825,-0.32291432646920176,0.22555006423098703,fläche+n lieg+en,5.3029824548577
-12.98810614350264,1.625966519033161,0.061569398619522805,-0.32526556141686763,0.22827704137774393,Angaben,5.268593995413449
-12.98810614350264,1.625966519033161,0.061569398619522805,-0.32526556141686763,0.22827704137774393,lieg+en angabe+n,5.268593995413449
-13.018170235638543,1.640008448813537,0.06968581424656677,-0.3275284218246715,0.23091030737238585,europäischen,5.235607533346705
-13.018170235638543,1.640008448813537,0.06968581424656677,-0.3275284218246715,0.23091030737238585,angabe+n europäisch+en,5.235607533346705
-13.049400517601176,1.6545891236032935,0.07818161579655626,-0.329886557485857,0.23366375112203894,Waldbrand-Informationssystems,5.2013454398166505
-13.049400517601176,1.6545891236032935,0.07818161579655626,-0.329886557485857,0.23366375112203894,europäisch+en wald+brand+-+information+s+system+s,5.2013454398166505
-13.116666054422723,1.6859721955166687,0.09670805759938618,-0.33499158063312423,0.23965778852254235,EFFIS,5.127563901031045
-13.116666054422723,1.6859721955166687,0.09670805759938618,-0.33499158063312423,0.23965778852254235,wald+brand+-+information+s+system+s effis,5.127563901031045
-13.129382487330243,1.6919016508925782,0.10024598877374215,-0.33596065501596856,0.24080085086932,deutl…,5.11361786384474
-13.129382487330243,1.6919016508925782,0.10024598877374215,-0.33596065501596856,0.24080085086932,effis deutl…,5.11361786384474
-13.14598409504877,1.699640979424609,0.10488209756753199,-0.3372277070119055,0.24229794716188666,+7409,5.095412078804494
-13.14598409504877,1.699640979424609,0.10488209756753199,-0.3372277070119055,0.24229794716188666,deutl… +7409,5.095412078804494
-13.15817888557535,1.7053246814009442,0.10830010075107631,-0.33815979784274414,0.24340113027823765,+7409 char+s,5.082039736087795
-4.499748909624152,-2.3721814270176704,0.8346115209526369,-1.4244436449802662,-1.491121642709676,treibt,14.661687106384147
-5.5165109705786755,-1.8907109476307218,-1.0342025163373496,0.06686722924063984,-0.15424666449477165,klima+wandel treib+t,13.498510893227476
-6.945012757947648,-1.2196221003419287,-0.9042062567074597,0.011560002800952436,-0.10582775146019957,treib+t wald+brand+e,11.92373490662013
-9.241505088166292,-0.1384025802797635,-0.640951918523691,-0.09320115804994784,-0.01047780280971064,Rekordniveau,9.39235704553703
-9.241505088166292,-0.1384025802797635,-0.640951918523691,-0.09320115804994784,-0.01047780280971064,europa rekord+niveau,9.39235704553703
-9.846972430724513,0.14709073769334857,-0.5563751906072301,-0.12483269473003622,0.01944233514276164,Immer,8.725130861660139
-9.846972430724513,0.14709073769334857,-0.5563751906072301,-0.12483269473003622,0.01944233514276164,rekord+niveau immer,8.725130861660139
-5.990081597324108,-1.6683579776334696,-0.9934048315137156,0.049247998447457454,-0.13894877931682081,immer mehr,12.976446284693399
-10.407071615411741,0.4112878971757712,-0.4707099168577689,-0.15586266357141607,0.04940888370080307,hitze mach+t,8.10802992516508
-6.945012757947648,-1.2196221003419287,-0.9042062567074597,0.011560002800952436,-0.10582775146019957,mach+t wald+brand+e,11.92373490662013
-10.815828449711976,0.6041144632863169,-0.40298506407351287,-0.17966990481562864,0.07286231572467677,extremer,7.657784910526294
-10.815828449711976,0.6041144632863169,-0.40298506407351287,-0.17966990481562864,0.07286231572467677,wald+brand+e extrem+er,7.657784910526294
-11.18050604944948,0.7761206775128247,-0.3383361800376005,-0.20179381873487748,0.09505740633606474,Feuchtgebieten,7.25620005724028
-11.18050604944948,0.7761206775128247,-0.3383361800376005,-0.20179381873487748,0.09505740633606474,extrem+er feuchtgebiet+en,7.25620005724028
-11.47708801117902,0.9159587343030866,-0.2824728165414786,-0.22043356387257848,0.11408583913715711,ohne deutlich,6.929697590582433
-11.640787503134245,0.9931114097095852,-0.2502576042466103,-0.23097998481509158,0.12499621577718553,Schutzmaßnahmen,6.749527682442171
-11.640787503134245,0.9931114097095852,-0.2502576042466103,-0.23097998481509158,0.12499621577718553,mehr schutz+maßnahme+n,6.749527682442171
-7.883651557091493,-0.7780449930905871,-0.8060378406408933,-0.02862469093076817,-0.06986590226497795,könnten,10.889019414511733
-11.803075728810228,1.0695686160544753,-0.21727945353554254,-0.241621713411802,0.13611760135496517,schutz+maßnahme+n könn+ten,6.570947152204942
-11.952706230623248,1.1400290665840802,-0.18590271890307652,-0.25160098035365824,0.14665466307918387,Brandflächen,6.406330885158443
-11.952706230623248,1.1400290665840802,-0.18590271890307652,-0.25160098035365824,0.14665466307918387,könn+ten brand+fläche+n,6.406330885158443
-12.05435561549489,1.1878734103744844,-0.16402913493429166,-0.258473436807621,0.15397492155200912,brand+fläche+n künftig,6.294522855815726
-6.6339554020199625,-1.3658479745996637,-0.9343501987059382,0.024169822507569508,-0.1169719988105256,künftig verdreifach+en,12.26664094834384
-12.237616794620743,1.2740767299571223,-0.12338989806260317,-0.2710571262011282,0.16752019286745876,verdreifach+en zeig+t,6.092996511586568
-12.303438164236823,1.3050185087515134,-0.10839858389776473,-0.2756382543718605,0.17249885994100259,zeig+t neu+e,6.020631944401606
-12.396914183447196,1.3489399578853507,-0.08673387454005943,-0.28220056427577345,0.1796767116446549,was helf+t,5.9178805483060115
-6.30006793868376,-1.5227461640910969,-0.9655138952069646,0.03734162508463538,-0.12854520343320178,Spanien,12.634717247519731
-10.059037283521112,0.24711353253547408,-0.5248428244880626,-0.13637292644825197,0.030511968888996682,spanien frankreich,8.491466591761645
-10.159620003063516,0.2945582634809263,-0.5095113973452643,-0.14193413013095574,0.03587757504987604,Portugal,8.380646233331943
-10.159620003063516,0.2945582634809263,-0.5095113973452643,-0.14193413013095574,0.03587757504987604,frankreich portugal,8.380646233331943
-10.238841865222287,0.33192844793806975,-0.49725956291125767,-0.1463547956683585,0.040157632228223994,Italien,8.293364370022571
-10.238841865222287,0.33192844793806975,-0.49725956291125767,-0.1463547956683585,0.040157632228223994,portugal italien,8.293364370022571
-6.820682107781801,-1.2780755618402857,-0.9163877385872663,0.016640329274257563,-0.11032537534243338,Griechenland,12.060795216994403
-10.306871842822169,0.3640200121834467,-0.4866116447675901,-0.15017978396111836,0.04387178440486922,italien griechenland,8.218415620866452
-12.432816557539052,1.365802473827547,-0.07829293248549124,-0.2847387256625378,0.182467878655825,griechenland spanien,5.878421236369457
-12.907161786000472,1.588133688033976,0.04001357528264292,-0.3192082550682622,0.22127030129184402,Irland,5.357424164207811
-12.907161786000472,1.588133688033976,0.04001357528264292,-0.3192082550682622,0.22127030129184402,griechenland irland,5.357424164207811
-12.929611253274588,1.5986301478970386,0.04594915032659812,-0.3208830709426957,0.22320158776189056,Großbritannien,5.332785098524615
-12.929611253274588,1.5986301478970386,0.04594915032659812,-0.3208830709426957,0.22320158776189056,irland großbritannien,5.332785098524615
-12.972601908591127,1.6187228803289742,0.057407269907494576,-0.32410135856899236,0.22692563707697608,Norwegen,5.285606727865305
-12.972601908591127,1.6187228803289742,0.057407269907494576,-0.32410135856899236,0.22692563707697608,großbritannien norwegen,5.285606727865305
-13.00579272592611,1.634227997319154,0.06633691808660792,-0.32659593528436004,0.22982413083458628,norwegen deutschland,5.249187752426292
-13.037547529226137,1.6490559722256655,0.07494935941163348,-0.3289906626433381,0.2326165443704771,deutschland der,5.2143486302236015
-13.047045433560328,1.653489806864128,0.07753863199013063,-0.32970846349942967,0.2334554674295998,Liste,5.20392901199574
-13.047045433560328,1.653489806864128,0.07753863199013063,-0.32970846349942967,0.2334554674295998,der liste,5.20392901199574
-8.393464111745834,-0.538001020039168,-0.7476001516017269,-0.051912228093269584,-0.048691089732662896,Länder,10.327055998562907
-13.07025607282203,1.6643226060073477,0.08389218134219499,-0.3314655723744433,0.2355128462849063,liste land+er,5.1784675208845785
-13.092736213116286,1.6748110871374458,0.09008120344241706,-0.3331714011607193,0.23751535525937276,land+er europa,5.153809568762464
-9.98815756860782,0.21368101365060754,-0.5354997251327817,-0.13248811511103176,0.026775942604037678,sommer besonders,8.569563467056879
-13.17803422608248,1.7145764595776916,0.11388810134541301,-0.3396798956676483,0.2452036695120021,heftigen,5.060268604459635
-13.17803422608248,1.7145764595776916,0.11388810134541301,-0.3396798956676483,0.2452036695120021,besonders heftig+en,5.060268604459635
-13.195422531725363,1.7226762900702979,0.11880523802619818,-0.34101364685218916,0.24678875564344507,heftig+en wald+brand+en,5.0412040726704745
-13.225270065283135,1.7365745019459111,0.1272972172695343,-0.3433085632545616,0.24952391586412895,+6330,5.008482640872462
-13.225270065283135,1.7365745019459111,0.1272972172695343,-0.3433085632545616,0.24952391586412895,wald+brand+en +6330,5.008482640872462
-13.236128162898334,1.7416287433488518,0.13040278662584032,-0.34414514077853253,0.2505234513588318,+6330 chars,4.996580143521631
2.562024548697643,-5.668504944367582,-1.5068394087359653,0.29129388202390977,-0.3402027852024983,Erderhitzung,22.403134250984415
8.298700985425029,-8.338891503141188,-1.6958015131174986,0.3961724337073053,-0.4218478069182432,Flächenbrände,28.72475048306204
8.298700985425029,-8.338891503141188,-1.6958015131174986,0.3961724337073053,-0.4218478069182432,erd+erhitzung fläche+n+brand+e,28.72475048306204
17.44643843537016,-12.584742132788335,-1.8733946030216038,0.5135618708701883,-0.5086560069983412,fläche+n+brand+e klima+wandel,38.803002013155634
13.417614766508528,-10.716280323351139,-1.8093042470204674,0.467688283575299,-0.47539985533129325,Waldbrandfläche,34.364648959697725
6.410466629113895,-7.460752288323263,-1.642219317915146,0.3650499931793548,-0.3979815076158575,klima+wandel wald+brand+fläche,26.644122078829525
6.463920039732191,-7.485621361286601,-1.6438395310196767,0.3659722885444779,-0.3986933145199819,wald+brand+fläche europa,26.703023689134827
4.481263710199464,-6.562765170941617,-1.579252326112956,0.32998841290625186,-0.3707229411094965,europa verdreifach+en,24.518213154387464
-9.923855867204443,0.18335229815355936,-0.5450647075751099,-0.12898794606920957,0.02341824405676432,verdreifach+en hier,8.640414431363912
-8.42822542461201,-0.5216286135613775,-0.7434699578882644,-0.05354032814232343,-0.04720092240547001,thema erd+erhitzung,10.288740018464392
2.5620245486976536,-5.668504944367587,-1.5068394087359656,0.2912938820239099,-0.340202785202499,sie klima+wandel,22.403134250984426
-3.7878355543205284,-2.7013880998486464,-1.166956049448609,0.12592740573349775,-0.2047258824683722,mehr trockenheit,15.404172038900308
-1.8981748842316986,-3.585967678590359,-1.2885024318393774,0.1824911098123513,-0.2519989573671979,trockenheit mehr,17.48718587635505
3.6304752367699287,-6.166464071017156,-1.5484606200627629,0.31334166822763954,-0.3576481946005009,mehr wind,23.580629067931103
8.862857452544375,-8.601121753442932,-1.7104433495568059,0.4049222514869852,-0.42849931248192186,wind der,29.3463651970775
-1.5045794425816936,-3.7700274280685635,-1.3112696406416249,0.19337522165806534,-0.2609814974486215,klima+wandel studie,17.921035697734926
3.2587965235339347,-5.918633485509169,-0.0960499828543805,0.22946763567867628,1.946387090704048,zufolge,23.177330275280486
-2.740268134698754,-3.1919618087959183,-1.2369819125501575,0.158206657180843,-0.23182634325504256,studie zufolge,16.558946161265574
-4.214538616089923,-2.501419113490482,-1.136328403482456,0.11206007830724726,-0.19297981444589019,zufolge fläche,14.933789448655249
-5.164579532033901,-2.0558744587959543,-1.063193179607472,0.07953616766159868,-0.16517668062698965,Vegetationsbränden,13.886479149661309
-5.164579532033901,-2.0558744587959543,-1.063193179607472,0.07953616766159868,-0.16517668062698965,fläche vegetation+s+brand+en,13.886479149661309
-6.46889627095679,-1.4434191884165601,-0.9499059177956346,0.030727394009810303,-0.12274222417158005,vegetation+s+brand+en europa,12.448601270348531
-6.781753579745288,-1.2963758424280485,-0.9201651085294908,0.01821994016224239,-0.111721664416411,europa künftig,12.103709569871075
-7.098436539746665,-1.147478674856269,-0.8889230838792388,0.00521559738111662,-0.10019610129466691,künftig deutlich,11.754603569057288
-7.4124850522920305,-0.9997644442772202,-0.8567394930862509,-0.008037719774369286,-0.08837703971713026,ausweiten,11.408406275483573
-7.4124850522920305,-0.9997644442772202,-0.8567394930862509,-0.008037719774369286,-0.08837703971713026,deutlich aus+weit+en,11.408406275483573
-1.7446158253303246,-3.6577848694349164,-1.2974801847821975,0.186771562407339,-0.25553586439432874,Ausmaß,17.656450774435815
-4.849342793654262,-2.203762569060565,-1.0882597374333445,0.09059155969804508,-0.17466822993564862,Erderwärmung,14.233993556466313
-8.23166402319802,-0.6141995388412953,-0.7665735704656831,-0.04440285690804876,-0.0555474692617169,ausmaß erderwärmung,10.505403868623517
-8.645913269912642,-0.41908423998681865,-0.7171577150973196,-0.0638574143948698,-0.03772711473278256,erderwärmung die…,10.048795818629438
-11.75484185637439,1.0468482729045183,-0.2271926738185201,-0.23843928147433147,0.13277954082731655,+4487,6.6240192629880115
-11.75484185637439,1.0468482729045183,-0.2271926738185201,-0.23843928147433147,0.13277954082731655,die… +4487,6.6240192629880115
-11.812474252825908,1.0739953648400897,-0.21533660413397332,-0.24224376294156194,0.1367713082856223,+4487 char+s,6.560606294465734
-1.5388830131734075,-3.7539882435590703,-1.3093169493427175,0.1924379341347999,-0.2602093788205174,Viele,17.883224055665224
-9.923855867204443,0.18335229815355936,-0.5450647075751099,-0.12898794606920957,0.02341824405676432,verdreifach+en viel+e,8.640414431363912
-10.135059972109389,0.282973141544113,-0.5132778796059115,-0.1405709288941169,0.03456040552560247,viel+e land+er,8.407705621761222
-10.350619538105905,0.38465727542554484,-0.4797012523393809,-0.1526537155288524,0.046279454282068755,land+er europa+s,8.170220016156447
-10.729548356591733,0.5634138212952409,-0.4176783720793061,-0.17455941027131108,0.0677916140777522,europa+s extrem+e,7.752812820772881
-10.897079829513139,0.6424416388450576,-0.3889436426321102,-0.18452528040506877,0.07769894641734382,extrem+e wald+brand+e,7.568300744455793
-11.14824114304867,0.760904499938996,-0.344229378590417,-0.19980156500011217,0.09304193006393058,bekämpfen,7.29172553586762
-11.14824114304867,0.760904499938996,-0.344229378590417,-0.19980156500011217,0.09304193006393058,wald+brand+e bekämpf+en,7.29172553586762
-11.316369503418318,0.8401876800365451,-0.31313125068016934,-0.2102589135611107,0.10366001263126753,Deren,7.106618225833821
-11.399373896935398,0.8793227862947108,-0.2974142359206885,-0.21549169836470933,0.1090100146796932,der fläche,7.01524241955302
-11.6187633257606,0.9827328955801078,-0.25465192110456686,-0.22955016809166637,0.12351068478604896,2100,6.7737657594421705
-11.6187633257606,0.9827328955801078,-0.25465192110456686,-0.22955016809166637,0.12351068478604896,fläche 2100,6.7737657594421705
-11.640787503134245,0.9931114097095852,-0.2502576042466103,-0.23097998481509158,0.12499621577718553,192,6.749527682442171
-11.640787503134245,0.9931114097095852,-0.2502576042466103,-0.23097998481509158,0.12499621577718553,2100 192,6.749527682442171
-11.596310483027908,0.9721518274481435,-0.2591122769087739,-0.22809602808248752,0.12200195789150223,192 prozent,6.798476261993187
-10.875115705057652,0.5438400291841208,1.2780696587715845,-1.4830708036362645,-1.0699786409238112,steigen,7.6636986223106085
-11.501914309777895,0.9276612328770186,-0.2776526255821506,-0.22202102941993873,0.11572121971586699,prozent steig+en,6.902371239728385
-11.257781174823883,0.8125614609087184,-0.32407846234050247,-0.2065933818055033,0.09992713724859001,steig+en studie,7.171119988723544
-11.131801688462435,0.7531514312553034,-0.3472186723125027,-0.19878912164843696,0.09201899691783738,Spezielle,7.309826686254113
-10.955008857213624,0.6697664012392806,-0.37880870902762864,-0.18801256585646917,0.08118445306093491,speziell+e maßnahme+n,7.504505293723447
-10.751618683778467,0.5738250967453751,-0.4139408198038865,-0.175862249796186,0.0690823788991248,maßnahme+n könn+ten,7.728504293006938
-10.461497339846584,0.43696282202348113,-0.4619610284379086,-0.15897425672581159,0.0524503874707416,könn+ten ausmaß,8.04807389213623
-10.261850293008447,0.3427820688823586,-0.49367158141171574,-0.1476454475906061,0.04140975394240373,ausmaß jedoch,8.268015671540505
-10.03287983860981,0.2347754593045721,-0.5287896329085049,-0.13493601304522979,0.02912893400611427,jedoch deutlich,8.520287195970887
-9.681855993044003,0.06922079607595633,-0.5802143257810894,-0.1160167429980376,0.011042829824480599,senken,8.907077350735133
-9.681855993044003,0.06922079607595633,-0.5802143257810894,-0.1160167429980376,0.011042829824480599,deutlich senk+en,8.907077350735133
-11.75484185637439,1.0468482729045183,-0.2271926738185201,-0.23843928147433147,0.13277954082731655,+4527,6.6240192629880115
-11.75484185637439,1.0468482729045183,-0.2271926738185201,-0.23843928147433147,0.13277954082731655,die… +4527,6.6240192629880115
-11.812474252825908,1.0739953648400897,-0.21533660413397332,-0.24224376294156194,0.1367713082856223,+4527 char+s,6.560606294465734
-12.113258046167758,1.1673545724960257,-0.17009269673256866,-0.3225505091045095,0.20476311583374354,land+wirtschaft mit,6.25016450974468
-12.129215839922622,1.1975823454806704,-0.16054066901112649,-0.3076851596916669,0.1953967364678614,mit ernt+et,6.223094023322798
-12.114301480987873,1.1965561585854,-0.16190788021535615,-0.3010349367963207,0.19019430192612494,bringt,6.2369737723771195
-12.114301480987873,1.1965561585854,-0.16190788021535615,-0.3010349367963207,0.19019430192612494,ernt+et bring+t,6.2369737723771195
-12.064846568480188,1.1806302954781094,-0.17001099307069628,-0.2891432232558031,0.18004555302509492,Vieh,6.28825872121131
-12.064846568480188,1.1806302954781094,-0.17001099307069628,-0.2891432232558031,0.18004555302509492,bring+t vieh,6.28825872121131
-11.967688070875619,1.1406555779058487,-0.18828313708781697,-0.2735295235257879,0.16573744815736316,Winter,6.392673397412971
-11.967688070875619,1.1406555779058487,-0.18828313708781697,-0.2735295235257879,0.16573744815736316,vieh winter,6.392673397412971
-11.926407374671466,1.1226101211146529,-0.1962701455536317,-0.2679639417724158,0.16047401166573763,winter für,6.437487128379178
-11.874678845258636,1.0995669141493907,-0.20632432806964313,-0.26147006947904056,0.15426127254130043,Bauer,6.493827038107972
-11.874678845258636,1.0995669141493907,-0.20632432806964313,-0.26147006947904056,0.15426127254130043,für bauer,6.493827038107972
-6.22326858962103,-1.55886567361342,-0.9741993998133776,0.033899580119871785,-0.125583253201546,Gerhard,12.719441183352183
-11.832610917095058,1.0805810370149769,-0.21450478673853493,-0.2564797010352761,0.1494463496275006,bauer gerhard,6.539751074522372
-6.601889250489313,-1.3809429477667576,-0.9387510436007824,0.020264576294836363,-0.11359134558414097,Neuscheler,12.302036246526693
-6.601889250489313,-1.3809429477667576,-0.9387510436007824,0.020264576294836363,-0.11359134558414097,gerhard neuscheler,12.302036246526693
-11.6427879514718,0.9933313576865008,-0.2510982522555812,-0.23601764196817884,0.12947360094174296,Baden-Württemberg,6.747663338844701
-11.6427879514718,0.9933313576865008,-0.2510982522555812,-0.23601764196817884,0.12947360094174296,neuscheler baden-württemberg,6.747663338844701
-11.399373896935398,0.8793227862947108,-0.2974142359206885,-0.21549169836470933,0.1090100146796932,heuer,7.01524241955302
-11.399373896935398,0.8793227862947108,-0.2974142359206885,-0.21549169836470933,0.1090100146796932,baden-württemberg heuer,7.01524241955302
-11.18050604944948,0.7761206775128247,-0.3383361800376005,-0.20179381873487748,0.09505740633606474,zweiten,7.25620005724028
-11.18050604944948,0.7761206775128247,-0.3383361800376005,-0.20179381873487748,0.09505740633606474,heuer zweit+en,7.25620005724028
-11.046350448985983,0.7128495238055916,-0.362613407904382,-0.19355503092726611,0.08674460093850403,Grasschnitt,7.403919375414437
-11.046350448985983,0.7128495238055916,-0.362613407904382,-0.19355503092726611,0.08674460093850403,zweit+en gras+schnitt,7.403919375414437
-10.815828449711976,0.6041144632863169,-0.40298506407351287,-0.17966990481562864,0.07286231572467677,Schluss,7.657784910526294
-10.815828449711976,0.6041144632863169,-0.40298506407351287,-0.17966990481562864,0.07286231572467677,gras+schnitt schluß,7.657784910526294
-10.613775068254041,0.5087990390549049,-0.4370528239753454,-0.16777442331799636,0.06109050605674857,schluß wegen,7.880332539479458
-10.461497339846584,0.43696282202348113,-0.4619610284379086,-0.15897425672581159,0.0524503874707416,wegen hitze,8.04807389213623
-4.590107431295245,-2.325340855310114,-1.1082666041315716,0.09948380705416818,-0.18227188529426394,hitze trockenheit,14.51977089663325
-9.681855993044003,0.06922079607595633,-0.5802143257810894,-0.1160167429980376,0.011042829824480599,Zum,8.907077350735133
-9.499341052923555,-0.016843407638247765,-0.605874799788508,-0.1064395895631961,0.00197193659321121,Glück,9.108206945539207
-9.499341052923555,-0.016843407638247765,-0.605874799788508,-0.1064395895631961,0.00197193659321121,zu glück,9.108206945539207
-8.343092224154818,-0.5617247855868328,-0.7535510035585015,-0.04956230890017632,-0.05083962311340515,Vorräte,10.38257918725887
-8.343092224154818,-0.5617247855868328,-0.7535510035585015,-0.04956230890017632,-0.05083962311340515,glück vorrat+e,10.38257918725887
2.2978044449544086,-5.4725711141951034,-0.13997748016263756,0.21361954718642231,1.8313179901431256,Und,22.116903291097728
-6.781753579745285,-1.2963758424280485,-0.9201651085294912,0.018219940162242716,-0.11172166441641135,Ideen,12.103709569871079
-6.781753579745285,-1.2963758424280485,-0.9201651085294912,0.018219940162242716,-0.11172166441641135,und idee+n,12.103709569871079
2.5620245486976536,-5.668504944367587,-1.5068394087359656,0.2912938820239099,-0.340202785202499,idee+n klima+wandel,22.403134250984426
-5.5165109705786755,-1.8907109476307218,-1.0342025163373496,0.06686722924063984,-0.15424666449477165,begegnen,13.498510893227476
-5.5165109705786755,-1.8907109476307218,-1.0342025163373496,0.06686722924063984,-0.15424666449477165,klima+wandel begegn+en,13.498510893227476
-7.964405018940706,-0.7400319368478474,-0.7970390533744114,-0.03224139429112905,-0.06659409692873425,Derzeit,10.800003375700031
-8.942244907175256,-0.2794548472700473,-0.6800455894756028,-0.07824745144916864,-0.024421917857713082,derzeit gerhard,9.722180782742345
-10.167723184596483,0.2983806103153399,-0.508265429806844,-0.14238464885613503,0.036313156450508116,Häckseln,8.371718493910475
-10.167723184596483,0.2983806103153399,-0.508265429806844,-0.14238464885613503,0.036313156450508116,neuscheler häcksel+n,8.371718493910475
-10.539597856183825,0.47380633897563484,-0.4492661695340678,-0.16347024410164518,0.05685748516119796,häcksel+n mai+s,7.962040535179207
-10.661208449668564,0.5311753550695753,-0.4291615216267761,-0.17054433406150882,0.06382195057683718,beschäftigt,7.8280854220797655
-10.661208449668564,0.5311753550695753,-0.4291615216267761,-0.17054433406150882,0.06382195057683718,mai+s beschäftig+t,7.8280854220797655
-10.935971992088628,0.6607869344893489,-0.3821508153351525,-0.18686419635538787,0.08003557932828362,beschäftig+t vier,7.5254697011231615
-11.02857488985755,0.7044655499253585,-0.36578597525596485,-0.19247221350408844,0.08565632674396512,vier woche+n,7.423493360367269
-11.14824114304867,0.760904499938996,-0.344229378590417,-0.19980156500011217,0.09304193006393058,woche+n früh+er,7.29172553586762
-11.412677746137911,0.8855948334847037,-0.294872100714628,-0.21633475967211746,0.10987431521321225,Wen,7.000597531717083
-11.46447871506927,0.9100148146849008,-0.2849122063726825,-0.21962891665987824,0.11325781779912733,wunderts,6.943576951862896
-11.46447871506927,0.9100148146849008,-0.2849122063726825,-0.21962891665987824,0.11325781779912733,wen wunderts,6.943576951862896
-5.382936468846355,-1.9534058790879607,-1.0453345749581493,0.07171720116440833,-0.15843772608325812,extrem,13.645763247123437
-11.704422274623145,1.0230950177287466,-0.237453320723913,-0.2351303983794284,0.1293199467720992,wunderts extrem,6.679500015085339
-11.774388571632503,1.0560560521965434,-0.2231869238161863,-0.23972695010458495,0.13412890890898124,trockenen,6.602511434835819
-11.774388571632503,1.0560560521965434,-0.2231869238161863,-0.23972695010458495,0.13412890890898124,extrem trocken+en,6.602511434835819
-11.902244111924535,1.1162706651228071,-0.19659171909416737,-0.24821737299409496,0.14306987396391627,heißen,6.461842781636668
-11.902244111924535,1.1162706651228071,-0.19659171909416737,-0.24821737299409496,0.14306987396391627,trocken+en heiß+en,6.461842781636668
-11.960887315599818,1.143880443791756,-0.18415929280020166,-0.25215129262420494,0.1472388860435269,heiß+en sommer,6.397331521884729
-12.05435561549489,1.1878734103744844,-0.16402913493429166,-0.258473436807621,0.15397492155200912,Landwirt,6.294522855815726
-12.05435561549489,1.1878734103744844,-0.16402913493429166,-0.258473436807621,0.15397492155200912,der land+wirt,6.294522855815726
-12.146811861363172,1.2313728567871647,-0.14372471861289352,-0.2647906520749566,0.16075142934869938,Walddorfhäslach,6.192843357983702
-12.146811861363172,1.2313728567871647,-0.14372471861289352,-0.2647906520749566,0.16075142934869938,land+wirt walddorfhäslach,6.192843357983702
-12.268097606324098,1.2884067697720756,-0.1164743299916011,-0.27317450548274974,0.16981807980769323,No…,6.05948446766732
-12.268097606324098,1.2884067697720756,-0.1164743299916011,-0.27317450548274974,0.16981807980769323,walddorfhäslach no…,6.05948446766732
-12.297638480513825,1.3022926107140251,-0.10972815616175174,-0.27523328435799504,0.17205769549881886,+278,6.027007780095424
-12.297638480513825,1.3022926107140251,-0.10972815616175174,-0.27523328435799504,0.17205769549881886,no… +278,6.027007780095424
-12.326287590466862,1.3157570294815724,-0.10314391929334658,-0.2772362238281991,0.17424166257939536,+278 char+s,5.995513353012652
2.5620245486976536,-5.668504944367587,-1.5068394087359656,0.2912938820239099,-0.340202785202499,auswirkung+en klima+wandel+s,22.403134250984426
-6.004747898606384,-1.6614698653166098,-0.9921069944796198,0.04869147745779099,-0.13846370068320163,klima+wandel+s wald+brand+fläche,12.960278137418555
-10.167723184596483,0.2983806103153399,-0.508265429806844,-0.14238464885613503,0.036313156450508116,verdreifach+en nicht,8.371718493910475
-8.340484594027753,-0.5629528702439739,-0.753857972556196,-0.04944095844521413,-0.050950500460591436,nicht frankreich,10.385453497410396
-10.815828449711976,0.6041144632863169,-0.40298506407351287,-0.17966990481562864,0.07286231572467677,frankreich spanien,7.657784910526294
-11.063890735942529,0.7211224101058322,-0.359472829076202,-0.194625527977753,0.08782145774304101,spanien griechenland,7.384604742602292
-10.85705120466177,0.6235598763181445,-0.39588628484287053,-0.18212805847811264,0.07530863275856275,griechenland deutschland,7.612384618902192
-10.589464452515962,0.4973306544993412,-0.4410725648458523,-0.16636010754700858,0.05969805283578511,brennen,7.907110878476413
-2.272990616382172,-3.4107131003393754,-1.2661967624780257,0.1718490652185855,-0.24344697370080465,deutschland brenn+en,17.074058428631382
-0.5154322472701622,-4.232326673116544,-1.3651282849542923,0.21951722892214187,-0.2824102886604149,brenn+en sommer,19.01131562905504
-5.534017806567702,-1.8824931894033856,-1.0327315821251615,0.06622774612924995,-0.15369342641960534,riesige,13.479211366744211
-9.80716934900582,0.12831856237828942,-0.5621776417111078,-0.12269412029970866,0.017400328668441767,sommer riesig+e,8.768990064418789
-9.45061819242164,-0.03981634625545416,-0.612606460338704,-0.10391213226020712,-0.0004127976324315441,Waldgebiete,9.161900857637356
-9.45061819242164,-0.03981634625545416,-0.612606460338704,-0.10391213226020712,-0.0004127976324315441,riesig+e wald+gebiet+e,9.161900857637356
2.5620245486976536,-5.668504944367587,-1.5068394087359656,0.2912938820239099,-0.340202785202499,studie klima+wandel,22.403134250984426
-6.42104217941429,-1.4659058781487415,-0.9543606763770014,0.03261165299833637,-0.12439711204934074,betroffene,12.501355469594534
-6.42104217941429,-1.4659058781487415,-0.9543606763770014,0.03261165299833637,-0.12439711204934074,klima+wandel betreff+en+e,12.501355469594534
-8.588779879684672,-0.44599997709436323,-0.7241393214593339,-0.06112918578236197,-0.0402375707638509,fläche künftig,10.111769769402963
-9.846972430724513,0.14709073769334857,-0.5563751906072301,-0.12483269473003622,0.01944233514276164,Aber,8.725130861660139
-10.135059972109389,0.282973141544113,-0.5132778796059115,-0.1405709288941169,0.03456040552560247,aber geb+t,8.407705621761222
-10.434529981067937,0.42424115344206603,-0.46630594106334905,-0.15743029876699444,0.05094033841987716,geb+t maßnahme+n,8.07778124173202
-10.773349674176295,0.5840762285316958,-0.4102467054753343,-0.17714801897945168,0.0703575219423565,Gegensteu…,7.704569861588966
-10.773349674176295,0.5840762285316958,-0.4102467054753343,-0.17714801897945168,0.0703575219423565,maßnahme+n gegensteu…,7.704569861588966
-10.992296105344217,0.6873540358992654,-0.3722295551786238,-0.19026859821373282,0.0834446190539832,gegensteu… vor,7.463443478491691
-11.164474477893169,0.7685602303719126,-0.3412687172916179,-0.20080306162237505,0.09405467142223464,Südeuropa,7.273851594001401
-11.164474477893169,0.7685602303719126,-0.3412687172916179,-0.20080306162237505,0.09405467142223464,vor süd+europa,7.273851594001401
-11.316369503418318,0.8401876800365451,-0.31313125068016934,-0.2102589135611107,0.10366001263126753,süd+europa werd+e,7.106618225833821
-11.526232703484236,0.9391237641580088,-0.27290863981844155,-0.22358015049088378,0.11732974150748629,werd+e sommer,6.8756046774685675
2.870399674584174,-5.740021775144331,-0.24379422140898566,0.22990216835610816,1.6934506314226814,verheerenden,22.746067139666653
-11.651643156051362,0.9982267460892014,-0.24808464771814648,-0.2316859933078086,0.1257304851278155,sommer verheerend+en,6.737581047627457
-11.784034097925225,1.0605995311989984,-0.22120444887587815,-0.240363370806613,0.13479646050114044,verheerend+en wald+brand+en,6.591898388750459
-11.893596105312334,1.1121986128668722,-0.1984124731239947,-0.24763936378307416,0.14245874701742464,heimgesucht,6.471356627780644
-11.893596105312334,1.1121986128668722,-0.1984124731239947,-0.24763936378307416,0.14245874701742464,wald+brand+en heim+ge+such+t,6.471356627780644
-12.039352962946436,1.1808131962794066,-0.1672867417701907,-0.25745433193543177,0.1528860437671812,Szenario,6.311023671762684
-12.039352962946436,1.1808131962794066,-0.1672867417701907,-0.25745433193543177,0.1528860437671812,heim+ge+such+t szenario,6.311023671762684
-12.212520628006011,1.2622764396904778,-0.1290496553747209,-0.2693190478697747,0.16563804839760685,szenario experte+n,6.120589918409267
-7.688862818011133,-0.8368064504527108,0.6084681375351293,-0.09313040499140868,2.209276648062617,experte+n zufolge,11.127286105621836
-8.208891815518223,-0.6253887525522748,-0.7709303135113599,-0.04330397716524724,-0.05988677683408161,wohl,10.53062945756324
-12.314932020873252,1.3104204438124212,-0.1057586387621777,-0.27644157985510603,0.1733745929180344,zufolge wohl,6.00799649001635
-12.343067761941846,1.3236422646497155,-0.09926818262331283,-0.2784122642765545,0.17552635893522175,gewöhnen,5.977067513617339
-12.343067761941846,1.3236422646497155,-0.09926818262331283,-0.2784122642765545,0.17552635893522175,wohl gewöhn+en,5.977067513617339
-12.391668430628295,1.3464758178715495,-0.08796155597649666,-0.28183053408016095,0.17927050003897302,müssen,5.923646275378943
-12.391668430628295,1.3464758178715495,-0.08796155597649666,-0.28183053408016095,0.17927050003897302,gewöhn+en müss+en,5.923646275378943
-12.4959351981622,1.3954378526020421,-0.06328770348782796,-0.28922491390673133,0.18742214094975598,dpa nicht,5.809057148687116
-12.605946192565485,1.4470570192827532,-0.036616024289433016,-0.297117318534968,0.19620463417441683,Spanien…,5.688186210898279
-12.605946192565485,1.4470570192827532,-0.036616024289433016,-0.297117318534968,0.19620463417441683,frankreich spanien…,5.688186210898279
-12.646300652578516,1.4659806336298655,-0.026662182064841264,-0.3000358935158044,0.19947451761875515,+4204,5.643856658862111
-12.646300652578516,1.4659806336298655,-0.026662182064841264,-0.3000358935158044,0.19947451761875515,spanien… +4204,5.643856658862111
-12.669619635799275,1.4769127281429957,-0.02086770184186973,-0.3017281650794913,0.20137610171692508,+4204 char+s,5.618242853307203
-0.7917647349557484,-4.1032134216330896,-1.3505437577498878,0.21238177946377249,-0.2765816211360528,Aufnahmen,18.70673473714886
-2.841182366154383,-3.1447250908443145,-1.2305350876240089,0.15520058367735862,-0.22931652216934795,1949,16.447706362264096
-11.858290169387988,1.0955730032050037,-0.2058125224082441,-0.24528523904872682,0.13997346589190504,aufnahme+n 1949,6.510198666702777
-5.103860822035793,-2.084363597395895,-1.0680860503913558,0.08168670146658841,-0.1670263653385762,zeigen,13.953415105178308
-7.258729574649449,-1.072091016014487,-0.8726505407006647,-0.0015035632840128474,-0.09421342702893494,1949 zeig+en,11.577900854302758
-11.744938091082258,1.0421827556360812,-0.22921629666642288,-0.23778789829580274,0.1320975998345544,krasse,6.634916885338367
-11.744938091082258,1.0421827556360812,-0.22921629666642288,-0.23778789829580274,0.1320975998345544,zeig+en kraß+e,6.634916885338367
-11.673049878819928,1.0083134916898109,-0.24378605215195664,-0.2330806372301571,0.12718242188597903,kraß+e dürre,6.714023447377483
-11.584918846050925,0.966783226695453,-0.2613677996125655,-0.22735960829131593,0.12123868726431561,Schon,6.81101359674634
-11.584918846050925,0.966783226695453,-0.2613677996125655,-0.22735960829131593,0.12123868726431561,dürre schon,6.81101359674634
-11.514135886288209,0.9334219711322969,-0.2752712474104125,-0.22280407725794849,0.11652878730513697,damals,6.888919207131118
-11.514135886288209,0.9334219711322969,-0.2752712474104125,-0.22280407725794849,0.11652878730513697,schon damals,6.888919207131118
-11.3585707328916,0.8600854436413314,-0.3051711457148214,-0.21291353396636176,0.10637096921451497,damals wasser,7.060159831364213
-11.211980688645315,0.7909636403101059,-0.33255350983801635,-0.2037439154077,0.09703357385020087,wasser rhein,7.221545690934439
-7.535633443279522,-0.9427348198245387,-0.846528863294079,-0.013287546671825665,-0.08901768581457375,Rekord-Niedrigwasser,11.272920104196833
-11.115151623600948,0.745298906199892,-0.3502371205374327,-0.1977655185204864,0.09098568155823528,rhein rekord+-+niedrigwasser,7.328159996422113
-7.237898656604276,-1.0821238980287902,-0.875476062449078,-0.0006173991951587167,-0.09634697243710807,rekord+-+niedrigwasser rhein,11.600934150236746
-6.4160458572835175,-1.468327721665709,-0.9550140708500182,0.03280762712856814,-0.12493673065976378,trockene,12.506886663864297
-6.4160458572835175,-1.468327721665709,-0.9550140708500182,0.03280762712856814,-0.12493673065976378,rhein trocken+e,12.506886663864297
-5.9480567017052515,-1.6880945646247527,-0.9971119414187092,0.05083897377306092,-0.14033487384181215,Flussbetten,13.022774580203231
-5.9480567017052515,-1.6880945646247527,-0.9971119414187092,0.05083897377306092,-0.14033487384181215,trocken+e fluss+bett+en,13.022774580203231
-4.850778270609899,-2.203089253476775,-1.0881474539261469,0.09054182639914737,-0.17462562703638268,freigelegte,14.232411102943857
-4.850778270609899,-2.203089253476775,-1.0881474539261469,0.09054182639914737,-0.17462562703638268,fluss+bett+en frei+ge+leg+t+e,14.232411102943857
-3.67238807076801,-2.7554763461101297,-1.1750236201047495,0.12960511325952145,-0.207830432275709,Ufer,15.53143627589424
-3.67238807076801,-2.7554763461101297,-1.1750236201047495,0.12960511325952145,-0.207830432275709,frei+ge+leg+t+e ufer,15.53143627589424
-2.2569270648977238,-3.4181476520042047,-1.267037410823707,0.17231627705234662,-0.24356907835932284,für viele,17.091736920563534
3.802943547967356,-6.246815526121383,-1.5548643400696784,0.316779097008042,-0.3603549191269682,klar,23.770694646035093
-0.04401595613263609,-4.452527505783296,-1.3892304527725041,0.2314047635280394,-0.29208710113360514,viele klar,19.530914922689938
2.0972887139883305,-5.451811992323252,-1.487627122149592,0.28127868605167045,-0.33223032794131196,klar der,21.89095292930394
-1.0699652162608224,-3.973198972825238,-1.3355055455968208,0.20506874870248704,-0.27059210632649466,doch historisch+e,18.40009137553848
-3.1690674169867457,-2.9912153972139777,-1.2091614197579568,0.14528480838241037,-0.22101750610953547,historisch+e aufnahme+n,16.08626920703836
-5.011618243791501,-2.1276400661756094,-1.075459578289062,0.0849343302714751,-0.16981658446388248,aufnahme+n jahr,14.055102664992399
-5.3806185927150825,-1.954493721703999,-1.045526338840522,0.07180090866684558,-0.15850998686828247,jahr 1949,13.648318468902646
-10.426096008838265,0.42024967094660237,-0.4681368444714099,-0.15690530601585764,0.04949624885701073,ähnliche,8.087057633389657
-10.426096008838265,0.42024967094660237,-0.4681368444714099,-0.15690530601585764,0.04949624885701073,zeig+en ähnlich+e,8.087057633389657
-10.635297860488134,0.518945155210198,-0.43497913774784386,-0.1688806105733033,0.059244414146153695,ähnlich+e dürre,7.856565257380066
-11.019189646349908,0.7001806479179717,-0.3722521848199017,-0.19133046599565476,0.07508374260255904,Axel,7.4335656883283745
-11.019189646349908,0.7001806479179717,-0.3722521848199017,-0.19133046599565476,0.07508374260255904,wetter+-+experte axel,7.4335656883283745
-11.084800293973505,0.7311730258980931,-0.3615665511513881,-0.19518351663058758,0.07687343646003461,Bojanowski,7.361252964905322
-11.084800293973505,0.7311730258980931,-0.3615665511513881,-0.19518351663058758,0.07687343646003461,axel bojanowski,7.361252964905322
-11.198172208716572,0.7846929869103887,-0.34418549470940946,-0.2016865054313407,0.07703361375862328,bojanowski erklär+t,7.23626058851084
-11.242103142463135,0.8051336586484208,-0.3408893503839916,-0.20367624872892925,0.06952574002387457,warum,7.187800605495763
-11.242103142463135,0.8051336586484208,-0.3408893503839916,-0.20367624872892925,0.06952574002387457,erklär+t warum,7.187800605495763
2.2987913227936154,-5.52123555296013,-0.21179957954303963,0.2122924620324191,1.6996154996899249,Ursachen,22.135529633086925
-11.077100618398505,0.7224386605261368,-0.38844739616307605,-0.1907311097726618,0.02181674852651408,warum ursache+n,7.370762052248693
-11.300790561541861,0.832831289784207,-0.33100930692192265,-0.20713153871445392,0.07093387605620516,ursache+n ko…,7.123132464408499
-11.296381813171013,0.8310041250035782,-0.3290277725663746,-0.20729956977304323,0.07666746341035732,ko… mehr,7.128002197552485
-11.239995623095012,0.8045038870728081,-0.3356291591623009,-0.20438533754339755,0.08142231523650703,Video,7.190211774194112
-11.239995623095012,0.8045038870728081,-0.3356291591623009,-0.20438533754339755,0.08142231523650703,mehr video,7.190211774194112
-11.181641934706697,0.776937955617909,-0.3446723534121764,-0.20102267314721586,0.08139048567503493,anzeigen,7.2545531209910905
-11.181641934706697,0.776937955617909,-0.3446723534121764,-0.20102267314721586,0.08139048567503493,video anzeige+n,7.2545531209910905
-11.04478650970625,0.712272566732389,-0.367171100121169,-0.19294762193956388,0.07772387121013966,anzeige+n rekord+-+niedrigwasser,7.405392950196904
-10.067663515356323,0.2511824304570429,-0.5235376278416715,-0.1368476336836986,0.030969175905641272,zei…,8.481962168390982
-10.067663515356323,0.2511824304570429,-0.5235376278416715,-0.1368476336836986,0.030969175905641272,1949 zei…,8.481962168390982
-10.261850293008447,0.3427820688823586,-0.49367158141171574,-0.1476454475906061,0.04140975394240373,+193,8.268015671540505
-10.261850293008447,0.3427820688823586,-0.49367158141171574,-0.1476454475906061,0.04140975394240373,zei… +193,8.268015671540505
-10.407071615411741,0.4112878971757712,-0.4707099168577689,-0.15586266357141607,0.04940888370080307,+193 chars,8.10802992516508
-10.979964782068043,0.6572725042882048,1.0224216591296302,-1.2775910152378762,-0.8598194009057385,Infrastruktur,7.516043893404873
-14.996804463704953,2.2283217650100418,2.1780506069906314,-1.5405741731574913,-0.5849567889311654,Fahrräder,3.2366950384036155
-14.996804463704953,2.2283217650100418,2.1780506069906314,-1.5405741731574913,-0.5849567889311654,infrastruktur fahr+rad+er,3.2366950384036155
-14.987083059696783,2.2141218794449467,2.1897829447921064,-1.5518372131953875,-0.601126439035938,Strampelstadt,3.2516544732710857
-14.987083059696783,2.2141218794449467,2.1897829447921064,-1.5518372131953875,-0.601126439035938,fahr+rad+er strampelstadt,3.2516544732710857
-14.969621029778176,2.1886697634595036,2.209810294161886,-1.5712167385275853,-0.6293728148195759,Neckar,3.2784812509789294
-14.969621029778176,2.1886697634595036,2.209810294161886,-1.5712167385275853,-0.6293728148195759,strampelstadt neckar,3.2784812509789294
-14.70806795263401,1.8192835166268262,2.405010797091336,-1.7749574539708441,-0.9673462953207549,Tübingen,3.673249265404806
-14.957578726328016,2.1711620647591756,2.22289206509587,-1.5839863869081774,-0.6482902710128081,neckar tübingen,3.2969481984184084
-14.68652290050898,1.7899657068207624,2.415397018447831,-1.7869445782958973,-0.9901824640765466,tübingen geb+t,3.705191816359208
-14.649756003175398,1.740329801749259,2.4318269060622293,-1.8062816668876673,-1.0278987151212426,beheizte,3.7595121774221
-14.649756003175398,1.740329801749259,2.4318269060622293,-1.8062816668876673,-1.0278987151212426,geb+t beheiz+t+e,3.7595121774221
-14.61910854632559,1.699332130755768,2.4443924085824627,-1.8214170562561478,-1.0582170456154676,Fahrradbrücke,3.804612520082726
-14.61910854632559,1.699332130755768,2.4443924085824627,-1.8214170562561478,-1.0582170456154676,beheiz+t+e fahr+rad+brücke,3.804612520082726
-14.554016678146922,1.6133716844369,2.4681190817436938,-1.8509605534582005,-1.1195704701558078,fahr+rad+brücke viel+e,3.8998794049909025
-14.520909813129617,1.5702187662959033,2.4788326352530206,-1.8647848985746582,-1.1493382199615785,Radwege,3.948071202427357
-14.520909813129617,1.5702187662959033,2.4788326352530206,-1.8647848985746582,-1.1493382199615785,viel+e rad+weg+e,3.948071202427357
-14.554016678146922,1.6133716844369,2.4681190817436938,-1.8509605534582005,-1.1195704701558078,rad+weg+e viel+e,3.8998794049909025
-14.377161690525751,1.387079640128988,2.516916372227426,-1.9171846696143333,-1.2690727824250325,Radfahrende,4.155396471097066
-14.377161690525751,1.387079640128988,2.516916372227426,-1.9171846696143333,-1.2690727824250325,viel+e rad+fahr+end+e,4.155396471097066
-14.021754175866601,0.9604534358751566,2.5725925551157323,-2.010563411228576,-1.5160941504457182,gelingt,4.656387852211422
-14.021754175866601,0.9604534358751566,2.5725925551157323,-2.010563411228576,-1.5160941504457182,warum geling+t,4.656387852211422
-6.946810564570169,-4.817466926879291,2.4735963395944056,-2.353227593743625,-3.3551512423532444,Verkehrswende,13.482960885779967
-12.971675527509234,-0.14451722918267507,2.6115397974129775,-2.154311468229395,-2.028964994202476,geling+t verkehr+s+wende,6.0697622365522275
-14.20215193931003,1.1726863525585371,2.5495639984761773,-1.968236352448084,-1.3979892589692962,verkehr+s+wende gut+er,4.403984756544641
-14.36610345643395,1.3732642733965137,2.519367248923322,-1.9207761282768414,-1.2777165801609043,anderswo,4.171222846130189
-14.36610345643395,1.3732642733965137,2.519367248923322,-1.9207761282768414,-1.2777165801609043,gut+er anderswo,4.171222846130189
-3.32392213621166,-2.9042426139694015,0.7398789189028413,-1.3784044699643028,-1.5101680923851728,...,15.949801913447212
-7.685710913384623,-0.9381079700744506,1.1064013438497173,-1.5314434472184077,-1.39281130667675,mehr ...,11.175062560749211
-5.738538439084863,-1.7864785788207156,-1.0153388007076039,0.05869038943512358,-0.14716137352536776,ARD-Sommerinterview,13.253747758526856
-12.083715368675302,1.201688734734157,-0.15762432224108258,-0.2604726114121254,0.15611443038039427,der ard+-+sommer+interview,6.262232455495652
-3.2042930127505844,-2.9747205988241463,-1.206825488166037,0.1442057671697781,-0.22011252348266308,AfD-Chef,16.047438763927705
-11.893596105312334,1.1121986128668722,-0.1984124731239947,-0.24763936378307416,0.14245874701742464,ard+-+sommer+interview afd-chef,6.471356627780644
-2.2366647465322718,-3.427864005123822,-1.2686662302348977,0.17288070795504307,-0.24480961235688004,Chrupalla,17.11415478269209
-11.812474252825908,1.0739953648400897,-0.21533660413397332,-0.24224376294156194,0.1367713082856223,afd-chef chrupalla,6.560606294465734
-11.683604153188512,1.0132864142908207,-0.24165999143516498,-0.23376943806358474,0.12790024073982406,Faktencheck,6.702408948997778
-11.683604153188512,1.0132864142908207,-0.24165999143516498,-0.23376943806358474,0.12790024073982406,chrupalla fakt+en+check,6.702408948997778
-11.550060605805047,0.9503545491620469,-0.2682386494662098,-0.22511180429179461,0.11891220179322684,fakt+en+check der,6.84937870488598
-8.033692593891944,-0.7077990508698644,-0.7906046148881066,-0.035330550008244414,-0.06643851387202872,AfD-Vorsitzende,10.723732254666848
-8.033692593891944,-0.7077990508698644,-0.7906046148881066,-0.035330550008244414,-0.06643851387202872,der afd-vorsitzend+e,10.723732254666848
-8.240867473334877,-0.6100431462992146,-0.766183170571138,-0.044806894584063894,-0.05649533269136611,afd-vorsitzend+e chrupalla,10.495305413499421
-8.20870352222211,-0.6250114661252741,-0.7692330885326999,-0.04334630353453124,-0.05650995551746943,chrupalla ard+-+sommer+interview,10.530712889107944
-10.487988445911828,0.44945985055327986,-0.4576737021921339,-0.16049516701903385,0.05393957943143912,/em,8.018891607806612
-10.487988445911828,0.44945985055327986,-0.4576737021921339,-0.16049516701903385,0.05393957943143912,ard+-+sommer+interview /em,8.018891607806612
-6.060324525286013,-1.635366924541641,-0.9871696267090336,0.046576526342917125,-0.13661918703811773,Gast,12.89901040709787
-10.261850293008447,0.3427820688823586,-0.49367158141171574,-0.1476454475906061,0.04140975394240373,/em gast,8.268015671540505
0.017833249647779326,-4.482876438515483,-1.3944723302670736,0.23282013013162117,-0.29742128520058364,Aussagen,19.59961024027182
-5.310297135913315,-1.9874961674496827,-1.0513216577648274,0.0743332160324891,-0.16069482336609597,viel+e aussage+n,13.72584066235539
-2.362070233751478,-3.368952885299154,-1.2606126117005916,0.1692868294976539,-0.24105302254766608,halten,16.975837598329367
-4.593152628444646,-2.323912889151331,-1.1080346681654456,0.09938036972471595,-0.18218359291203656,aussage+n halt+en,14.51641392457402
-3.1690674169867457,-2.9912153972139777,-1.2091614197579568,0.14528480838241037,-0.22101750610953547,Überprüfung,16.08626920703836
-3.1690674169867457,-2.9912153972139777,-1.2091614197579568,0.14528480838241037,-0.22101750610953547,halt+en überprüfung,16.08626920703836
-1.0699652162608224,-3.973198972825238,-1.3355055455968208,0.20506874870248704,-0.27059210632649466,überprüfung steh,18.40009137553848
3.0705822634739626,-5.905560719609644,-1.527078928499361,0.3019532132060007,-0.34865519970869074,doch bei,22.963600524265463
6.6196164888745805,-7.558055281279378,-1.6485228790632203,0.3686444225270411,-0.40075406570388206,bei thema,26.87458877898781
31.577256699605773,-19.12564731574693,-1.9847906006634675,0.6264845842687383,-0.5852355849974681,thema klima+wandel,54.36764907377436
2.56202454869765,-5.6685049443675855,-1.5068394087359658,0.29129388202390977,-0.34020278520249875,lag,22.403134250984422
2.56202454869765,-5.6685049443675855,-1.5068394087359658,0.29129388202390977,-0.34020278520249875,klima+wandel lieg,22.403134250984422
-0.04401595613263609,-4.452527505783296,-1.3892304527725041,0.2314047635280394,-0.29208710113360514,daneben,19.530914922689938
-0.04401595613263609,-4.452527505783296,-1.3892304527725041,0.2314047635280394,-0.29208710113360514,lieg daneben,19.530914922689938
-8.56922046385082,-0.4563502839089857,-0.7309358798129033,-0.060024983074773636,-0.049848055614174505,daneben aussage+n,10.133621471499834
-9.029762334367804,-0.24474546554377596,-0.6893447650932855,-0.0812948902358187,-0.061845669852500104,aussage+n migration,9.627597566208086
-9.98004491173456,0.20902686018448646,-0.5432564963220233,-0.13152208087517897,0.01305359274957782,ebenfalls,8.578574614653789
-9.98004491173456,0.20902686018448646,-0.5432564963220233,-0.13152208087517897,0.01305359274957782,migration ebenfalls,8.578574614653789
-10.323944905005469,0.37174785393229337,-0.4885655413331052,-0.15072428944826713,0.035311069067756023,falsch,8.19954803126658
-10.323944905005469,0.37174785393229337,-0.4885655413331052,-0.15072428944826713,0.035311069067756023,ebenfalls falsch,8.19954803126658
-10.718396195334403,0.5581368128173021,-0.4227740731906367,-0.17356691418263098,0.06051018558636456,23.08.2026,7.764967415286255
-10.718396195334403,0.5581368128173021,-0.4227740731906367,-0.17356691418263098,0.06051018558636456,stand 23.08.2026,7.764967415286255
-10.948935612017308,0.6669921081464047,-0.38248060612277834,-0.18734998071881934,0.07540751204717919,18:01,7.511045508516253
-10.948935612017308,0.6669921081464047,-0.38248060612277834,-0.18734998071881934,0.07540751204717919,23.08.2026 18:01,7.511045508516253
-11.05957692277956,0.7192159891002534,-0.36260204716507544,-0.19408316728055502,0.082646292607715,18:01 uhr,7.389201507749206
-11.145049924861123,0.7595520295789124,-0.3469904963913598,-0.19933851415922854,0.08828720812744453,uhr der,7.29508303245966
-10.261850293008447,0.3427820688823586,-0.49367158141171574,-0.1476454475906061,0.04140975394240373,ard+-+sommer+interview gast,8.268015671540505
-8.664608392516705,-0.4102765378723836,-0.7148612717558965,-0.06475334043021358,-0.036901874509867955,Aussag…,10.028189676169372
-8.664608392516705,-0.4102765378723836,-0.7148612717558965,-0.06475334043021358,-0.036901874509867955,daneben aussag…,10.028189676169372
-9.241505088166292,-0.1384025802797635,-0.640951918523691,-0.09320115804994784,-0.01047780280971064,+8853,9.39235704553703
-9.241505088166292,-0.1384025802797635,-0.640951918523691,-0.09320115804994784,-0.01047780280971064,aussag… +8853,9.39235704553703
-9.546770636237378,0.005520635801607554,-0.5992744235492485,-0.10891169327907652,0.004308095275317364,+8853 char+s,9.055938973783109
-6.781753579745285,-1.2963758424280485,-0.9201651085294912,0.018219940162242716,-0.11172166441641135,Menschengemachter,12.103709569871079
2.5620245486976536,-5.668504944367587,-1.5068394087359656,0.2912938820239099,-0.340202785202499,mensch+en+ge+mach+t+er klima+wandel,22.403134250984426
0.5115479690402687,-4.7119353904237915,-1.4164371825316489,0.24497209164692957,-0.30308013519493227,Klimaforscher,20.143249436216163
-5.770900085917269,-1.7712839799779578,-1.0125509347379618,0.05748635336727668,-0.14611599590309365,klima+wandel klima+forscher,13.218072247416146
-8.065374432414655,-0.6924975549306049,-0.78565430397707,-0.036801025458379724,-0.06246062328452685,klima+forscher europa,10.68870387028417
-9.005952806511237,-0.2494304879224316,-0.6718630418932591,-0.08139473463548323,-0.021497287764548734,europa häufig+er,9.651964625280595
-9.499341052923555,-0.016843407638247765,-0.605874799788508,-0.1064395895631961,0.00197193659321121,Wetterextreme,9.108206945539207
-9.499341052923555,-0.016843407638247765,-0.605874799788508,-0.1064395895631961,0.00197193659321121,häufig+er wetter+extrem+e,9.108206945539207
-10.067663515356323,0.2511824304570429,-0.5235376278416715,-0.1368476336836986,0.030969175905641272,erleben,8.481962168390982
-10.067663515356323,0.2511824304570429,-0.5235376278416715,-0.1368476336836986,0.030969175905641272,wetter+extrem+e erleb+en,8.481962168390982
-8.065374432414655,-0.6924975549306049,-0.78565430397707,-0.036801025458379724,-0.06246062328452685,erleb+en europa,10.68870387028417
-8.14392487279436,-0.6555136979783782,-0.7766930908694617,-0.040377451394976525,-0.059211623208109146,Kontinent,10.60211778774367
-10.707129578757241,0.5528381074895541,-0.4214603324423648,-0.17323909399503928,0.0664848697835283,europa kontinent,7.777505494144112
-11.14824114304867,0.760904499938996,-0.344229378590417,-0.19980156500011217,0.09304193006393058,schnellsten,7.29172553586762
-11.14824114304867,0.760904499938996,-0.344229378590417,-0.19980156500011217,0.09304193006393058,kontinent schnell+sten,7.29172553586762
-5.908414988621555,-1.706711036952905,-1.0005929914393956,0.052334743799993165,-0.14163715768335436,erwärmt,13.066475654502415
-11.330596930525296,0.8468960123637173,-0.3104546934902313,-0.21115252796802625,0.10457187669248999,schnell+sten erwärm+t,7.090955350179859
-11.550060605805047,0.9503545491620469,-0.2682386494662098,-0.22511180429179461,0.11891220179322684,diesjährigen,6.84937870488598
-11.550060605805047,0.9503545491620469,-0.2682386494662098,-0.22511180429179461,0.11891220179322684,wer diesjährig+en,6.84937870488598
-11.694061113429925,1.0182133511171063,-0.23954914785359988,-0.23445266559829933,0.1286127250300134,diesjährig+en sommer,6.6909016950154
-11.764658249298698,1.0514725001200342,-0.22518294137398642,-0.23908560931562092,0.1334566229045743,bereits,6.613217924538091
-11.764658249298698,1.0514725001200342,-0.22518294137398642,-0.23908560931562092,0.1334566229045743,sommer bereits,6.613217924538091
-11.876087906975357,1.1039542273370317,-0.20208881461898542,-0.24647082542141724,0.14122435973192862,bereits extrem,6.490618125081598
-11.936151053809791,1.1322350932664578,-0.18942171076051928,-0.2504888691865129,0.14547504321181,empfand,6.424542274759708
-11.936151053809791,1.1322350932664578,-0.18942171076051928,-0.2504888691865129,0.14547504321181,extrem empfind,6.424542274759708
-12.11925744975152,1.2184107764722296,-0.14981758518712834,-0.26290130880542445,0.1587198401276246,Erwartungen,6.223144812618264
-12.11925744975152,1.2184107764722296,-0.14981758518712834,-0.26290130880542445,0.1587198401276246,empfind erwartung+en,6.223144812618264
-12.225149789563801,1.2682149022485163,-0.12620532313871552,-0.2701931102520127,0.16658409997130633,erwartung+en klima+forscher,6.106703901918149
-10.116588498981413,0.2742601082580949,-0.5161008335127082,-0.1395479268949826,0.03357276763222558,Rahmstorf,8.42805703981737
-12.309202556680283,1.3077277292348808,-0.1070754302889522,-0.27604101257325514,0.17293781912120368,klima+forscher rahmstorf,6.014294981081514
-12.396914183447196,1.3489399578853507,-0.08673387454005943,-0.28220056427577345,0.1796767116446549,beruhigen,5.9178805483060115
-12.396914183447196,1.3489399578853507,-0.08673387454005943,-0.28220056427577345,0.1796767116446549,rahmstorf beruhig+en,5.9178805483060115
-12.554869289801012,1.4230962778656258,-0.04908272371551829,-0.2934413416479283,0.1921033423625453,Einschätzung,5.7443011187517525
-12.554869289801012,1.4230962778656258,-0.04908272371551829,-0.2934413416479283,0.1921033423625453,europa einschätzung,5.7443011187517525
-12.62636301947402,1.4566319880295868,-0.03159161751182046,-0.29859235618742247,0.1978556993106035,Klimaforschers,5.665757640618991
-12.62636301947402,1.4566319880295868,-0.03159161751182046,-0.29859235618742247,0.1978556993106035,einschätzung klima+forscher+s,5.665757640618991
-12.684812406699837,1.4840339856663758,-0.017075510051778126,-0.3028329864090916,0.20261982396328174,Stefan,5.601555847157179
-12.684812406699837,1.4840339856663758,-0.017075510051778126,-0.3028329864090916,0.20261982396328174,klima+forscher+s stefan,5.601555847157179
-12.710748896892508,1.4961888415020295,-0.010570405915565115,-0.30472324252028843,0.20475188551600307,stefan rahmstorf,5.573070103126963
-12.74643784684611,1.5129092621846763,-0.0015542266446267605,-0.30733282447946986,0.20770401086736442,rahmstorf wegen,5.5338768111285805
-5.975030747232678,-1.6754265742225378,-0.994734494095579,0.04981841913247816,-0.13944585236383836,starken,12.993038359561245
-12.780625960629475,1.5289211035934,0.007154425881609361,-0.3098419805872848,0.210552200696958,wegen stark+en,5.4963355900129125
-8.678768706922872,-0.40363678667397185,-0.7132616113692773,-0.06542741501845904,-0.036559846028997825,Erwärmung,10.012589229487954
-12.806966076553753,1.5412536119633367,0.013912432920789156,-0.31178137564489494,0.2127602344626606,stark+en erwärmung,5.467414734631269
-12.851054804283958,1.5618884425407904,0.02531992759659689,-0.31503971818803056,0.21648305297388518,Kontinents,5.41901162011061
-12.851054804283958,1.5618884425407904,0.02531992759659689,-0.31503971818803056,0.21648305297388518,erwärmung kontinent+s,5.41901162011061
-12.88403274592387,1.5773166062354993,0.03393217750294143,-0.3174868688755871,0.21929004866528048,kontinent+s künftig,5.382811041538318
-12.918469338230157,1.5934209894527047,0.042999193679685896,-0.32005134812387537,0.22224192917346228,künftig besonders,5.345013498884391
-12.946022423892845,1.6063015606265214,0.050308881953713816,-0.32210990499359804,0.22461920289035572,besonders viel+e,5.31477447727438
-12.961755189618358,1.6136679257270026,0.05447963835969334,-0.3232818781994625,0.22592482179592524,Extremwetterereignisse,5.297502569788111
-12.961755189618358,1.6136679257270026,0.05447963835969334,-0.3232818781994625,0.22592482179592524,viel+e extrem+wetter+ereignis+se,5.297502569788111
-13.018490246780141,1.6402495442252296,0.06960724921228383,-0.3275115035463359,0.23055708227088953,einstellen,5.235210712503414
-13.018490246780141,1.6402495442252296,0.06960724921228383,-0.3275115035463359,0.23055708227088953,extrem+wetter+ereignis+se ein+stell+en,5.235210712503414
-13.08407596673799,1.6709616792040363,0.08736272065222105,-0.3324295159725504,0.2359767948591334,beson…,5.163213946539225
-13.08407596673799,1.6709616792040363,0.08736272065222105,-0.3324295159725504,0.2359767948591334,erwärmung beson…,5.163213946539225
-13.101124305197441,1.6789419783879889,0.09202611141963433,-0.33371289291503486,0.2373971676170957,+1419,5.144501424569606
-13.101124305197441,1.6789419783879889,0.09202611141963433,-0.33371289291503486,0.2373971676170957,beson… +1419,5.144501424569606
-13.113636298824613,1.6847980027320335,0.09546142584254948,-0.3346560843934379,0.23844267089316393,+1419 char+s,5.130768686132466
-5.770900085917269,-1.7712839799779578,-1.0125509347379618,0.05748635336727668,-0.14611599590309365,Copernicus,13.218072247416146
-5.770900085917269,-1.7712839799779578,-1.0125509347379618,0.05748635336727668,-0.14611599590309365,klima+wandel copernicu+s,13.218072247416146
-4.409895486905958,-2.409838404138715,-1.121864911888959,0.10556279992484588,-0.1874544334682109,Weltmeere,14.718432954285808
-7.747796644441806,-0.841987754740722,-0.8209680500363505,-0.022599403714093642,-0.07530329183478285,copernicu+s welt+meer+e,11.038776203965556
-1.3380655919546918,-3.8478771533102023,-1.3206646209028852,0.19789485725884973,-0.264700955051438,warm,18.104577418787827
-5.717291056194277,-1.7964544492708843,-1.0171638313689864,0.059479206433855104,-0.1478459565717487,welt+meer+e warm,13.277170891824715
4.604253829237294,-6.62003951883263,-1.5835420749981621,0.3323319292992506,-0.3725568121954581,nie,24.653748009474715
-6.588873963170657,-1.3870359576290099,-0.9386284171621407,0.025969896232526594,-0.11855764002461962,warm nie,12.316338432093541
-9.80716934900582,0.12831856237828942,-0.5621776417111078,-0.12269412029970866,0.017400328668441767,nie ein,8.768990064418789
-9.961005450272424,0.20087423952857053,-0.5395504814291072,-0.1310073452847671,0.025354478816159487,ein neu+er,8.599480870575942
-9.923855867204443,0.18335229815355936,-0.5450647075751099,-0.12898794606920957,0.02341824405676432,Temperaturrekord,8.640414431363912
-9.923855867204443,0.18335229815355936,-0.5450647075751099,-0.12898794606920957,0.02341824405676432,neu+er temperatur+rekord,8.640414431363912
-9.12738064524417,-0.19219847471523543,-0.656059413551351,-0.08744729832343177,-0.015857775347100395,dokumentiert,9.518134533330707
-9.12738064524417,-0.19219847471523543,-0.656059413551351,-0.08744729832343177,-0.015857775347100395,temperatur+rekord dokumentier+t,9.518134533330707
-7.379520025591368,-1.0152723133525319,-0.8601761971861059,-0.006629362105304397,-0.08963655513798867,dokumentier+t mehr,11.444745631671102
-5.5165109705786755,-1.8907109476307218,-1.0342025163373496,0.06686722924063984,-0.15424666449477165,schnell,13.498510893227476
-5.5165109705786755,-1.8907109476307218,-1.0342025163373496,0.06686722924063984,-0.15424666449477165,mehr schnell,13.498510893227476
2.5620245486976536,-5.668504944367587,-1.5068394087359656,0.2912938820239099,-0.340202785202499,schnell klima+wandel,22.403134250984426
-5.5165109705786755,-1.8907109476307218,-1.0342025163373496,0.06686722924063984,-0.15424666449477165,voranschreitet,13.498510893227476
-5.5165109705786755,-1.8907109476307218,-1.0342025163373496,0.06686722924063984,-0.15424666449477165,klima+wandel voran+schreit+et,13.498510893227476
-8.065374432414655,-0.6924975549306049,-0.78565430397707,-0.036801025458379724,-0.06246062328452685,Gerade,10.68870387028417
-8.065374432414655,-0.6924975549306049,-0.78565430397707,-0.036801025458379724,-0.06246062328452685,voran+schreit+et gerade,10.68870387028417
-8.664608392516705,-0.4102765378723836,-0.7148612717558965,-0.06475334043021358,-0.036901874509867955,gerade werd+e,10.028189676169372
-9.29605670728551,-0.1126860418495994,-0.6336413440960752,-0.09597420425424244,-0.00787830335445519,höchste,9.332236450316742
-9.29605670728551,-0.1126860418495994,-0.6336413440960752,-0.09597420425424244,-0.00787830335445519,werd+e hoch+st+e,9.332236450316742
-7.150427108143306,-1.123028497869723,-0.8836797584506946,0.0030465117137645145,-0.09826684973124808,durchschnittliche,11.697290430897242
-9.681855993044003,0.06922079607595633,-0.5802143257810894,-0.1160167429980376,0.011042829824480599,hoch+st+e durchschnittlich+e,8.907077350735133
-7.08328424997876,-1.1546042226293833,-0.8904450306333076,0.005845924900581952,-0.10075636434429039,Meerestemperatur,11.771307108314376
-10.321592892773992,0.370964404272073,-0.48429186186207746,-0.15101101174434348,0.044680270297005,durchschnittlich+e meer+es+temperatur,8.202197737805196
-8.22003985637291,-0.6196733073945095,-0.7679210093117532,-0.04386767823528717,-0.05603506692214813,gemessen,10.518217007395446
-10.751618683778467,0.5738250967453751,-0.4139408198038865,-0.175862249796186,0.0690823788991248,meer+es+temperatur ge+mess+en,7.728504293006938
-11.02857488985755,0.7044655499253585,-0.36578597525596485,-0.19247221350408844,0.08565632674396512,der welt+meer+e,7.423493360367269
-7.533435598106946,-0.9428599561873119,-0.8440090946942727,-0.013240310711371404,-0.08371680445497348,nie seit,11.27507573097709
1.0502756751328732,-4.96338411513157,-1.4416537583583835,0.25769438030697817,-0.3133390448793085,Beginn,20.737013867862288
1.0502756751328732,-4.96338411513157,-1.4416537583583835,0.25769438030697817,-0.3133390448793085,seit beginn,20.737013867862288
-3.0442776095567083,-3.0496452489683197,-1.217374095861429,0.14908575520180836,-0.22420238368570367,Messungen,16.223829117032075
-11.724863095581789,1.0327253248885193,-0.23330593236783892,-0.23646968598326665,0.13071888364022696,beginn messung+en,6.657006877494334
-11.849280164271224,1.0913298675560994,-0.2076924934519422,-0.24468591614206076,0.1393417024353867,messung+en jahr,6.520111400326254
-11.893596105312334,1.1121986128668722,-0.1984124731239947,-0.24763936378307416,0.14245874701742464,1979,6.471356627780644
-11.893596105312334,1.1121986128668722,-0.1984124731239947,-0.24763936378307416,0.14245874701742464,jahr 1979,6.471356627780644
-11.97706068235224,1.1514939657621905,-0.1807039841294455,-0.2532406584381135,0.14839637009348725,tägliche,6.379540824379087
-11.97706068235224,1.1514939657621905,-0.1807039841294455,-0.2532406584381135,0.14839637009348725,der täglich+e,6.379540824379087
-8.356140389897437,-0.5559272958756472,-0.7533697889622233,-0.05012585887020504,-0.0529590994997229,globale,10.368286166294455
-12.046881743905299,1.18435627910018,-0.16565325727508515,-0.2579655415283984,0.15343210500387697,täglich+e global+e,6.302743015488556
-12.105190655852997,1.2117928712929458,-0.1529143426376023,-0.2619389602925712,0.1576866488680184,global+e durchschnittlich+e,6.238614572515059
-12.225149789563801,1.2682149022485163,-0.12620532313871552,-0.2701931102520127,0.16658409997130633,Meeresoberflächentemperatur,6.106703901918149
-12.225149789563801,1.2682149022485163,-0.12620532313871552,-0.2701931102520127,0.16658409997130633,durchschnittlich+e meer+es+oberfläche+n+temperatur,6.106703901918149
-12.391668430628295,1.3464758178715495,-0.08796155597649666,-0.28183053408016095,0.17927050003897302,SST,5.923646275378943
-12.391668430628295,1.3464758178715495,-0.08796155597649666,-0.28183053408016095,0.17927050003897302,meer+es+oberfläche+n+temperatur sst,5.923646275378943
-12.457620000104225,1.3774497077933954,-0.07242176737859281,-0.28649799669770576,0.18440750054246677,sst vergeh+en+en,5.851162332235401
-12.514492134886062,1.4041481442711334,-0.05883538208538346,-0.2905496796556611,0.18889031206157295,Samstag,5.788666015784468
-12.514492134886062,1.4041481442711334,-0.05883538208538346,-0.2905496796556611,0.18889031206157295,vergeh+en+en samstag,5.788666015784468
-6.3560150717152535,-1.4964601577952603,-0.9603750123230875,0.03516006680350004,-0.12663310056794214,höchsten,12.573041206530993
-12.576519530027284,1.433253840513876,-0.043816226433991426,-0.29499703419327167,0.19383671798158117,samstag hoch+st+en,5.720514495022854
-12.61417167281462,1.450914754948172,-0.034594652210260604,-0.2977111894358183,0.19686900371344304,jem…,5.6791500989732775
-12.61417167281462,1.450914754948172,-0.034594652210260604,-0.2977111894358183,0.19686900371344304,hoch+st+en jem…,5.6791500989732775
-6.325155102707727,-1.510959511489597,-0.9632136308632336,0.0363646500826695,-0.127689127625664,+2319,12.607061188060552
-12.63838187744899,1.46226775474954,-0.02862276927051348,-0.2994621840254014,0.1988307871858407,jem… +2319,5.652555090891353
-6.789780965953129,-1.2926022418149605,-0.9193876020616256,0.0178946399760384,-0.11143419966708287,+2319 chars,12.094860269560723
-2.53348091440683,-3.288742713572028,-1.2500047245243537,0.1643008749728948,-0.2369058423430639,Tino,16.786890584851452
-5.770900085917269,-1.7712839799779578,-1.0125509347379618,0.05748635336727668,-0.14611599590309365,klima+wandel tino,13.218072247416146
-6.781753579745285,-1.2963758424280485,-0.9201651085294912,0.018219940162242716,-0.11172166441641135,Chrupallas,12.103709569871079
-6.781753579745285,-1.2963758424280485,-0.9201651085294912,0.018219940162242716,-0.11172166441641135,tino chrupallas,12.103709569871079
-8.161939040432912,-0.6470316218887513,-0.7746249411284368,-0.041201279588853265,-0.058462357904036685,chrupallas klein+e,10.582260888228694
-8.808256864105775,-0.3425945069420653,-0.6970163653592201,-0.07169059801895741,-0.030497916759560206,heile,9.8698595341138
-8.808256864105775,-0.3425945069420653,-0.6970163653592201,-0.07169059801895741,-0.030497916759560206,klein+e heil+e,9.8698595341138
-9.185308490846905,-0.16489322084819458,-0.6484223371098088,-0.09035988693207232,-0.013136758567066087,heil+e welt,9.454291366422627
-9.45061819242164,-0.03981634625545416,-0.612606460338704,-0.10391213226020712,-0.0004127976324315441,welt für,9.161900857637356
-9.80716934900582,0.12831856237828942,-0.5621776417111078,-0.12269412029970866,0.017400328668441767,für afd-chef,8.768990064418789
-10.487988445911828,0.44945985055327986,-0.4576737021921339,-0.16049516701903385,0.05393957943143912,afd-chef ganz,8.018891607806612
-3.5786046349910983,-2.7994102285187603,-1.1815107923025547,0.1325700143753297,-0.21033006583126218,normaler,15.634818671353239
-3.5786046349910983,-2.7994102285187603,-1.1815107923025547,0.1325700143753297,-0.21033006583126218,ganz normal+er,15.634818671353239
-2.1125879161861967,-3.4856741236657562,-1.2757575518295199,0.1764397878643965,-0.24698924649512605,normal+er sommer,17.250841199511694
-11.046350448985983,0.7128495238055916,-0.362613407904382,-0.19355503092726611,0.08674460093850403,bedient,7.403919375414437
-11.344662977790705,0.8535281145297757,-0.30780145041505813,-0.21203735104591637,0.105475483461176,Sehnsucht,7.075470353481745
-11.344662977790705,0.8535281145297757,-0.30780145041505813,-0.21203735104591637,0.105475483461176,bedien+t sehn+sucht,7.075470353481745
-11.538206910819365,0.944767626738229,-0.27056452962322936,-0.22434935750917925,0.11812418086743418,unbeschwerten,6.862425280906859
-11.538206910819365,0.944767626738229,-0.27056452962322936,-0.22434935750917925,0.11812418086743418,sehn+sucht un+beschwer+t+en,6.862425280906859
-11.694061113429925,1.0182133511171063,-0.23954914785359988,-0.23445266559829933,0.1286127250300134,un+beschwer+t+en zeit+en,6.6909016950154
-11.774388571632503,1.0560560521965434,-0.2231869238161863,-0.23972695010458495,0.13412890890898124,Wählern,6.602511434835819
-11.867225737344555,1.0997809595271648,-0.20394467739012068,-0.24588019032953343,0.1406010012216702,offenen,6.500367956697449
-11.867225737344555,1.0997809595271648,-0.20394467739012068,-0.24588019032953343,0.1406010012216702,wähler+n offen+en,6.500367956697449
-11.79359607622981,1.065103526688227,-0.21923534745211676,-0.2409949371007429,0.13545933818876907,offen+en auge+n,6.581377410366783
-11.734945623660746,1.0374753201953086,-0.23125398876329414,-0.23713139014136822,0.1314107358715074,indes,6.645912257597986
-11.734945623660746,1.0374753201953086,-0.23125398876329414,-0.23713139014136822,0.1314107358715074,auge+n indes,6.645912257597986
-11.596310483027908,0.9721518274481435,-0.2591122769087739,-0.22809602808248752,0.12200195789150223,aufgehen,6.798476261993187
-11.596310483027908,0.9721518274481435,-0.2591122769087739,-0.22809602808248752,0.12200195789150223,indes auf+geh+en,6.798476261993187
-11.227431843770585,0.7982499712377851,-0.3297024244846059,-0.20470364209185632,0.09800735328666463,stimmt,7.204533944192927
-11.227431843770585,0.7982499712377851,-0.3297024244846059,-0.20470364209185632,0.09800735328666463,auf+geh+en stimm+t,7.204533944192927
-11.02857488985755,0.7044655499253585,-0.36578597525596485,-0.19247221350408844,0.08565632674396512,für tino,7.423493360367269
-10.935971992088628,0.6607869344893489,-0.3821508153351525,-0.18686419635538787,0.08003557932828362,tino chrupalla,7.5254697011231615
-10.350619538105905,0.38465727542554484,-0.4797012523393809,-0.1526537155288524,0.046279454282068755,chrupalla afd-chef,8.170220016156447
-9.961005450272424,0.20087423952857053,-0.5395504814291072,-0.1310073452847671,0.025354478816159487,ARD-Interview,8.599480870575942
-9.961005450272424,0.20087423952857053,-0.5395504814291072,-0.1310073452847671,0.025354478816159487,afd-chef ard+-+interview,8.599480870575942
-9.349043667000752,-0.08770588466285734,-0.6264842066946833,-0.09868192627554673,-0.005335813878789092,gesagt,9.27384102187939
-9.349043667000752,-0.08770588466285734,-0.6264842066946833,-0.09868192627554673,-0.005335813878789092,ard+-+interview ge+sag+t,9.27384102187939
-7.8586773753214025,-0.7898003499589219,-0.8088019613523124,-0.0275115173829061,-0.07087170867789654,ge+sag+t ganz,10.916549047731422
-7.098436539746665,-1.147478674856269,-0.8889230838792388,0.00521559738111662,-0.10019610129466691,wolle,11.754603569057288
-7.098436539746665,-1.147478674856269,-0.8889230838792388,0.00521559738111662,-0.10019610129466691,klima+wandel woll+e,11.754603569057288
-8.664608392516705,-0.4102765378723836,-0.7148612717558965,-0.06475334043021358,-0.036901874509867955,woll+e leugn+en,10.028189676169372
-8.53744905726253,-0.5972110430626039,1.2889179957559027,-1.634569745242757,-1.4333596083260371,Anteil,10.26287387259889
-9.637975899301725,0.04852820216207654,-0.5864486054084554,-0.11369829953844876,0.008841866831600015,leugn+en anteil,8.955431740584267
-10.067663515356323,0.2511824304570429,-0.5235376278416715,-0.1368476336836986,0.030969175905641272,anteil mensch+en,8.481962168390982
-10.350619538105905,0.38465727542554484,-0.4797012523393809,-0.1526537155288524,0.046279454282068755,daran,8.170220016156447
-10.350619538105905,0.38465727542554484,-0.4797012523393809,-0.1526537155288524,0.046279454282068755,mensch+en daran,8.170220016156447
-10.514017434728686,0.461738895750726,-0.4534425396271188,-0.16199363522192645,0.05540844243407203,halte,7.990218802379522
-10.514017434728686,0.461738895750726,-0.4534425396271188,-0.16199363522192645,0.05540844243407203,daran halt+e,7.990218802379522
-10.815828449711976,0.6041144632863169,-0.40298506407351287,-0.17966990481562864,0.07286231572467677,wi…,7.657784910526294
-10.815828449711976,0.6041144632863169,-0.40298506407351287,-0.17966990481562864,0.07286231572467677,halt+e wi…,7.657784910526294
-10.91666451904165,0.6516797188714181,-0.38552888238827293,-0.18570186894739496,0.0788738333566259,+268,7.546732422451709
-10.91666451904165,0.6516797188714181,-0.38552888238827293,-0.18570186894739496,0.0788738333566259,wi… +268,7.546732422451709
-11.010558640610634,0.6959679335343334,-0.3689911466239763,-0.1913768227712191,0.08455641002165512,+268 chars,7.443332671353662
-11.662396741177684,1.0032938516810992,-0.24592753466500628,-0.2323861829259993,0.1264591950012405,Ungewöhnlicher,6.725746898063484
-11.489565770883722,0.9218405093244333,-0.28005305351045906,-0.22123089610256216,0.1149069379959439,Zeitpunkt,6.915963204214278
-11.489565770883722,0.9218405093244333,-0.28005305351045906,-0.22123089610256216,0.1149069379959439,un+gewöhnlich+er zeit+punkt,6.915963204214278
-11.344662977790705,0.8535281145297757,-0.30780145041505813,-0.21203735104591637,0.105475483461176,Meerestemperaturen,7.075470353481745
-11.344662977790705,0.8535281145297757,-0.30780145041505813,-0.21203735104591637,0.105475483461176,zeit+punkt meer+es+temperatur+en,7.075470353481745
-10.992296105344217,0.6873540358992654,-0.3722295551786238,-0.19026859821373282,0.0834446190539832,hoch,7.463443478491691
-10.992296105344217,0.6873540358992654,-0.3722295551786238,-0.19026859821373282,0.0834446190539832,meer+es+temperatur+en hoch,7.463443478491691
-10.707129578757241,0.5528381074895541,-0.4214603324423648,-0.17323909399503928,0.0664848697835283,hoch nie,7.777505494144112
-10.487988445911828,0.44945985055327986,-0.4576737021921339,-0.16049516701903385,0.05393957943143912,Messbeginn,8.018891607806612
-10.487988445911828,0.44945985055327986,-0.4576737021921339,-0.16049516701903385,0.05393957943143912,seit mess+beginn,8.018891607806612
-10.167723184596483,0.2983806103153399,-0.508265429806844,-0.14238464885613503,0.036313156450508116,mess+beginn der,8.371718493910475
-11.344662977790705,0.8535281145297757,-0.30780145041505813,-0.21203735104591637,0.105475483461176,der meer+es+temperatur,7.075470353481745
-9.29605670728551,-0.1126860418495994,-0.6336413440960752,-0.09597420425424244,-0.00787830335445519,meer+es+temperatur weltweit,9.332236450316742
-8.065374432414655,-0.6924975549306049,-0.78565430397707,-0.036801025458379724,-0.06246062328452685,Rekordhoch,10.68870387028417
-8.065374432414655,-0.6924975549306049,-0.78565430397707,-0.036801025458379724,-0.06246062328452685,weltweit rekordhoch,10.68870387028417
2.5949774546976805,-5.68386758765004,-1.5081752840567304,0.29199393829042203,-0.3407589405908804,erreicht,22.439451003731683
-6.607534904694743,-1.3782655737393759,-0.9368602190830336,0.025225606725578206,-0.11790216983475962,rekordhoch erreich+t,12.295766726265478
-1.2928445555746357,-3.8690173622075745,-1.3231923659502594,0.19911374138202498,-0.26570298669671,EU-Klimawandeldienst,18.154422587477924
-1.2928445555746357,-3.8690173622075745,-1.3231923659502594,0.19911374138202498,-0.26570298669671,der eu+-+klima+wandel+dienst,18.154422587477924
-6.781753579745285,-1.2963758424280485,-0.9201651085294912,0.018219940162242716,-0.11172166441641135,verkündet,12.103709569871079
-6.781753579745285,-1.2963758424280485,-0.9201651085294912,0.018219940162242716,-0.11172166441641135,eu+-+klima+wandel+dienst verkünd+et,12.103709569871079
-8.42822542461201,-0.5216286135613775,-0.7434699578882644,-0.05354032814232343,-0.04720092240547001,verkünd+et hoch+st+en,10.288740018464392
-9.06762874757986,-0.2203619160042365,-0.6638704031796666,-0.0844600907130448,-0.01864363016236545,hoch+st+en bislang,9.583988870174128
-9.499341052923555,-0.016843407638247765,-0.605874799788508,-0.1064395895631961,0.00197193659321121,gemessenen,9.108206945539207
-9.499341052923555,-0.016843407638247765,-0.605874799788508,-0.1064395895631961,0.00197193659321121,bislang ge+mess+en+en,9.108206945539207
-9.961005450272424,0.20087423952857053,-0.5395504814291072,-0.1310073452847671,0.025354478816159487,Wert,8.599480870575942
-9.961005450272424,0.20087423952857053,-0.5395504814291072,-0.1310073452847671,0.025354478816159487,ge+mess+en+en wert,8.599480870575942
-10.321592892773992,0.370964404272073,-0.48429186186207746,-0.15101101174434348,0.044680270297005,wert erklär+t,8.202197737805196
-4.965419767292428,-2.149198646724664,-1.0802869482200643,0.08212990470033615,-0.16735821217064503,Daten,14.106014222695695
-10.637686050956209,0.5200788708616875,-0.43308285881157604,-0.16916900409190538,0.062464997160183916,erklär+t dat+en,7.853994781718158
-10.877211084617294,0.6330694704379538,-0.39239585080397577,-0.18333411787606826,0.07651064145810604,Wetterphänomen,7.5901822078558405
-10.877211084617294,0.6330694704379538,-0.39239585080397577,-0.18333411787606826,0.07651064145810604,der wetter+phänomen,7.5901822078558405
-11.19634008521983,0.7835878355715575,-0.33543127167802644,-0.20277403793732765,0.09605031524405239,wetter+phänomen niño,7.2387662643599
-11.272686760923941,0.819590115791752,-0.32130470354090335,-0.2075237521611282,0.10087346254951848,niño sei,7.15470960965199
3.6020468706399953,-6.153218802677932,-1.5473969615218426,0.31277192265722725,-0.357199216904936,Grund,23.549299982534137
-11.451735507908182,0.9040076294978308,-0.28737152124161697,-0.2188168356766002,0.11242276623907863,sei grund,6.957603906199504
-11.538206910819365,0.944767626738229,-0.27056452962322936,-0.22434935750917925,0.11812418086743418,grund jedoch,6.862425280906859
-11.724863095581789,1.0327253248885193,-0.23330593236783892,-0.23646968598326665,0.13071888364022696,jedoch einzig+e,6.657006877494334
-11.849280164271224,1.0913298675560994,-0.2076924934519422,-0.24468591614206076,0.1393417024353867,Taucher,6.520111400326254
-11.849280164271224,1.0913298675560994,-0.2076924934519422,-0.24468591614206076,0.1393417024353867,ein taucher,6.520111400326254
-11.919332742552633,1.1243167578049222,-0.19298437375658006,-0.2493611292735627,0.144280233530694,bewegt,6.443043600057518
-11.919332742552633,1.1243167578049222,-0.19298437375658006,-0.2493611292735627,0.144280233530694,taucher beweg+t,6.443043600057518
-12.039352962946436,1.1808131962794066,-0.1672867417701907,-0.25745433193543177,0.1528860437671812,südlichen,6.311023671762684
-12.039352962946436,1.1808131962794066,-0.1672867417701907,-0.25745433193543177,0.1528860437671812,beweg+t südlich+en,6.311023671762684
-12.112248662594602,1.215113454989233,-0.15136169951501285,-0.26242163423843534,0.15820471923359777,Bereich,6.230852580228708
-12.112248662594602,1.215113454989233,-0.15136169951501285,-0.26242163423843534,0.15820471923359777,südlich+en bereich,6.230852580228708
-12.193264905236452,1.253221303178964,-0.13337156137944592,-0.2679886674164581,0.16419987311639903,Great,6.141762615587496
-12.193264905236452,1.253221303178964,-0.13337156137944592,-0.2679886674164581,0.16419987311639903,bereich great,6.141762615587496
-12.23140334013599,1.27115529073119,-0.1247940309733215,-0.2706263614558196,0.1670533793542542,Barrier,6.099828122645769
-12.23140334013599,1.27115529073119,-0.1247940309733215,-0.2706263614558196,0.1670533793542542,great barrier,6.099828122645769
-12.280023970496638,1.294013096571276,-0.11375596181357471,-0.2740048901796199,0.17072076781439668,Reefs,6.046372611775032
-12.280023970496638,1.294013096571276,-0.11375596181357471,-0.2740048901796199,0.17072076781439668,barrier reef+s,6.046372611775032
-11.67673221943888,0.8735299364817748,1.4555945988240313,-1.5507921538012028,-1.053612837766088,Wegen,6.80174856680742
-12.37574962174546,1.338997611099693,-0.09167835491262863,-0.28070892221390453,0.17804030285202974,erhöhten,5.941143409311086
-12.37574962174546,1.338997611099693,-0.09167835491262863,-0.28070892221390453,0.17804030285202974,wegen erhöh+t+en,5.941143409311086
-12.422702017575741,1.3610523129640781,-0.08067778436942007,-0.28402266890138267,0.18167958848878976,Wassertemperatur,5.889537526878203
-12.422702017575741,1.3610523129640781,-0.08067778436942007,-0.28402266890138267,0.18167958848878976,erhöh+t+en wasser+temperatur,5.889537526878203
-12.541615819762924,1.4168773503835608,-0.05229384358858858,-0.29249079100058384,0.19104588003671577,Riff,5.758863043303343
-12.541615819762924,1.4168773503835608,-0.05229384358858858,-0.29249079100058384,0.19104588003671577,wasser+temperatur riff,5.758863043303343
-12.563594286353633,1.4271899600956672,-0.04696347541852981,-0.29406784645163225,0.19280099756514,bleich,5.734715007607478
-12.563594286353633,1.4271899600956672,-0.04696347541852981,-0.29406784645163225,0.19280099756514,riff bleich,5.734715007607478
-12.61825487929731,1.4528296735482642,-0.033589797931998344,-0.29800618731328987,0.19719920733957522,Korallenbleiche,5.67466456000574
-12.61825487929731,1.4528296735482642,-0.033589797931998344,-0.29800618731328987,0.19719920733957522,ein koralle+n+bleich+e,5.67466456000574
-12.681040092339465,1.482265891794933,-0.018018354540589157,-0.30255849545947894,0.20231065665846484,tritt,5.605699109271557
-12.681040092339465,1.482265891794933,-0.018018354540589157,-0.30255849545947894,0.20231065665846484,koralle+n+bleich+e tret,5.605699109271557
-12.61825487929731,1.4528296735482642,-0.033589797931998344,-0.29800618731328987,0.19719920733957522,Korallen,5.67466456000574
-12.61825487929731,1.4528296735482642,-0.033589797931998344,-0.29800618731328987,0.19719920733957522,tret koralle+n,5.67466456000574
-12.76371276163225,1.5210005646091997,0.0028373431671720045,-0.30859953609221386,0.20914068432337565,starkem,5.514907124614855
-12.76371276163225,1.5210005646091997,0.0028373431671720045,-0.30859953609221386,0.20914068432337565,koralle+n stark+em,5.514907124614855
-12.79060554895258,1.533593963497557,0.009709866736332312,-0.310576129454304,0.2113873611449961,Stress,5.485377951445314
-12.79060554895258,1.533593963497557,0.009709866736332312,-0.310576129454304,0.2113873611449961,stark+em streß,5.485377951445314
-12.841813041492916,1.5575638329505517,0.022918698544147284,-0.3143554536347035,0.21569986738262806,verl…,5.42915719209491
-12.841813041492916,1.5575638329505517,0.022918698544147284,-0.3143554536347035,0.21569986738262806,streß verl…,5.42915719209491
-12.86320943334351,1.5675754372438337,0.028486145001746385,-0.31594067022663785,0.21751537955287673,+2732,5.4056687751241315
-12.86320943334351,1.5675754372438337,0.028486145001746385,-0.31594067022663785,0.21751537955287673,verl… +2732,5.4056687751241315
-12.881092087520337,1.5759411016849239,0.03316142489457104,-0.31726830958937646,0.21903896275744192,+2732 chars,5.386038904859112
-12.519071190333129,1.406297287074325,-0.05773385750138883,-0.2908769827828604,0.18925341399245013,NICHT,5.783634500445591
-12.491234706521897,1.3932313394262725,-0.06441251751349243,-0.288889769891623,0.18705109528235583,AUTORISIERT,5.814222388553863
-12.491234706521897,1.3932313394262725,-0.06441251751349243,-0.288889769891623,0.18705109528235583,nicht autorisier+t,5.814222388553863
-9.83710929064121,0.14243897787993554,-0.5578163764080777,-0.12430196006689193,0.018935297074287788,Mojib,8.735999044290635
-9.83710929064121,0.14243897787993554,-0.5578163764080777,-0.12430196006689193,0.018935297074287788,klima+forscher mojib,8.735999044290635
-2.420991554028495,-3.341382547397129,-1.256985064089091,0.16757957502390644,-0.23963384226231665,Latif,16.91088841665713
-9.776691106197998,0.11394455628873246,-0.5665965745619402,-0.12106233925260129,0.015844161977686372,mojib latif,8.802574596798701
-12.23140334013599,1.27115529073119,-0.1247940309733215,-0.2706263614558196,0.1670533793542542,Extremsommer,6.099828122645769
-12.23140334013599,1.27115529073119,-0.1247940309733215,-0.2706263614558196,0.1670533793542542,latif extrem+sommer,6.099828122645769
-12.146811861363172,1.2313728567871647,-0.14372471861289352,-0.2647906520749566,0.16075142934869938,extrem+sommer 2026,6.192843357983702
-12.098082839621537,1.2084487465446396,-0.15447560164241733,-0.2614532541509031,0.15716559821192286,2026 der,6.246431439727892
-11.992987737246416,1.1589910751668637,-0.17728996122516807,-0.25431530747553677,0.14953951290118653,der gefährlich,6.3620215177588495
-12.427773344990548,1.36343403547608,-0.07948271740317281,-0.28438159461358076,0.18207463694356033,gefährlich klima+forscher,5.883963900080462
-6.237674740895422,-1.5520587357859217,-0.9712064079181459,0.03976262334652433,-0.1306650185489116,latif sommer,12.703499465535918
-6.066157279913037,-1.6326273293201314,-0.9866496693263579,0.04635400432270093,-0.13642502047015526,sommer 2026,12.892580373124474
-11.257781174823883,0.8125614609087184,-0.32407846234050247,-0.2065933818055033,0.09992713724859001,2026 außergewöhnlich,7.171119988723544
-10.992296105344217,0.6873540358992654,-0.3722295551786238,-0.19026859821373282,0.0834446190539832,außergewöhnlich mach+t,7.463443478491691
-10.85705120466177,0.6235598763181445,-0.39588628484287053,-0.18212805847811264,0.07530863275856275,mach+t hitze,7.612384618902192
-10.434529981067937,0.42424115344206603,-0.46630594106334905,-0.15743029876699444,0.05094033841987716,dürre fluss+e,8.07778124173202
-10.067663515356323,0.2511824304570429,-0.5235376278416715,-0.1368476336836986,0.030969175905641272,heiße,8.481962168390982
-10.067663515356323,0.2511824304570429,-0.5235376278416715,-0.1368476336836986,0.030969175905641272,fluss+e heiß+e,8.481962168390982
-9.846972430724513,0.14709073769334857,-0.5563751906072301,-0.12483269473003622,0.01944233514276164,Mittelmeer,8.725130861660139
-9.846972430724513,0.14709073769334857,-0.5563751906072301,-0.12483269473003622,0.01944233514276164,heiß+e mittelmeer,8.725130861660139
-9.12738064524417,-0.19219847471523543,-0.656059413551351,-0.08744729832343177,-0.015857775347100395,mittelmeer grad,9.518134533330707
-8.588779879684672,-0.44599997709436323,-0.7241393214593339,-0.06112918578236197,-0.0402375707638509,grad deutschland,10.111769769402963
-6.004747898606384,-1.6614698653166098,-0.9921069944796198,0.04869147745779099,-0.13846370068320163,Angst,12.960278137418555
-6.004747898606384,-1.6614698653166098,-0.9921069944796198,0.04869147745779099,-0.13846370068320163,deutschland angst,12.960278137418555
2.5620245486976536,-5.668504944367587,-1.5068394087359656,0.2912938820239099,-0.340202785202499,angst klima+wandel,22.403134250984426
-6.781753579745285,-1.2963758424280485,-0.9201651085294912,0.018219940162242716,-0.11172166441641135,herr latif,12.103709569871079
-9.637975899301725,0.04852820216207654,-0.5864486054084554,-0.11369829953844876,0.008841866831600015,tatsächlich,8.955431740584267
-9.637975899301725,0.04852820216207654,-0.5864486054084554,-0.11369829953844876,0.008841866831600015,sommer tatsächlich,8.955431740584267
-10.199727969463648,0.31347768269414233,-0.5033282909488666,-0.1441677057125515,0.03803844369444356,Westeuropa,8.33645730506138
-10.199727969463648,0.31347768269414233,-0.5033282909488666,-0.1441677057125515,0.03803844369444356,tatsächlich westeuropa,8.33645730506138
-10.637686050956209,0.5200788708616875,-0.43308285881157604,-0.16916900409190538,0.062464997160183916,westeuropa nie,7.853994781718158
-10.729548356591733,0.5634138212952409,-0.4176783720793061,-0.17455941027131108,0.0677916140777522,dagewesene,7.752812820772881
-10.729548356591733,0.5634138212952409,-0.4176783720793061,-0.17455941027131108,0.0677916140777522,nie da+ge+gewes+en+e,7.752812820772881
-10.955008857213624,0.6697664012392806,-0.37880870902762864,-0.18801256585646917,0.08118445306093491,Hitze-,7.504505293723447
-10.955008857213624,0.6697664012392806,-0.37880870902762864,-0.18801256585646917,0.08118445306093491,da+ge+gewes+en+e hitze+-,7.504505293723447
-11.14824114304867,0.760904499938996,-0.344229378590417,-0.19980156500011217,0.09304193006393058,Dürrephase,7.29172553586762
-11.14824114304867,0.760904499938996,-0.344229378590417,-0.19980156500011217,0.09304193006393058,hitze+- dürre+phase,7.29172553586762
-11.316369503418318,0.8401876800365451,-0.31313125068016934,-0.2102589135611107,0.10366001263126753,dürre+phase erleb+t,7.106618225833821
-11.538206910819365,0.944767626738229,-0.27056452962322936,-0.22434935750917925,0.11812418086743418,bei temperatur+en,6.862425280906859
-11.784034097925225,1.0605995311989984,-0.22120444887587815,-0.240363370806613,0.13479646050114044,temperatur+en fall,6.591898388750459
-11.840194662271305,1.0870510519060281,-0.20958473685403528,-0.24408216514281134,0.13870565861800974,Wochenlang,6.530107325828319
-11.840194662271305,1.0870510519060281,-0.20958473685403528,-0.24408216514281134,0.13870565861800974,fall wochenlang,6.530107325828319
-11.936151053809791,1.1322350932664578,-0.18942171076051928,-0.2504888691865129,0.14547504321181,wochenlang werd+en,6.424542274759708
-5.7061996206674035,-1.8016618994203109,-1.0181148378901952,0.0598904445273673,-0.14820276300157462,zahlreiche,13.289398099109798
-11.992987737246416,1.1589910751668637,-0.17728996122516807,-0.25431530747553677,0.14953951290118653,werd+en zahlreich+e,6.3620215177588495
-12.076454483086135,1.198272265874984,-0.159211964681884,-0.25997760654836727,0.1555842491660728,Allzeitrekorde,6.270217960851913
-12.076454483086135,1.198272265874984,-0.159211964681884,-0.25997760654836727,0.1555842491660728,zahlreich+e all+zeit+rekord+e,6.270217960851913
-12.18021428854248,1.2470836591125836,-0.136290600569534,-0.2670885793186727,0.16322806487168048,ge…,6.1561129036234155
-12.18021428854248,1.2470836591125836,-0.136290600569534,-0.2670885793186727,0.16322806487168048,all+zeit+rekord+e ge…,6.1561129036234155
-12.212520628006011,1.2622764396904778,-0.1290496553747209,-0.2693190478697747,0.16563804839760685,+12170,6.120589918409267
-12.212520628006011,1.2622764396904778,-0.1290496553747209,-0.2693190478697747,0.16563804839760685,ge… +12170,6.120589918409267
-12.256020894182917,1.2827293910158564,-0.11921979548501187,-0.27233474695831406,0.1689060704623769,+12170 chars,6.072761934234146
-10.03287983860981,0.2347754593045721,-0.5287896329085049,-0.13493601304522979,0.02912893400611427,Wachstum,8.520287195970887
-9.637975899301725,0.04852820216207654,-0.5864486054084554,-0.11369829953844876,0.008841866831600015,Wieder,8.955431740584267
-9.637975899301725,0.04852820216207654,-0.5864486054084554,-0.11369829953844876,0.008841866831600015,wachstum wieder,8.955431740584267
-9.29605670728551,-0.1126860418495994,-0.6336413440960752,-0.09597420425424244,-0.00787830335445519,größere,9.332236450316742
-9.29605670728551,-0.1126860418495994,-0.6336413440960752,-0.09597420425424244,-0.00787830335445519,wieder groß+er+e,9.332236450316742
-8.808256864105775,-0.3425945069420653,-0.6970163653592201,-0.07169059801895741,-0.030497916759560206,Sorge,9.8698595341138
-8.808256864105775,-0.3425945069420653,-0.6970163653592201,-0.07169059801895741,-0.030497916759560206,groß+er+e sorge,9.8698595341138
-8.065374432414655,-0.6924975549306049,-0.78565430397707,-0.036801025458379724,-0.06246062328452685,wirtschaftliche,10.68870387028417
-8.065374432414655,-0.6924975549306049,-0.78565430397707,-0.036801025458379724,-0.06246062328452685,sorge wirtschaftlich+e,10.68870387028417
-3.474946087265568,-2.8479655072240666,-1.1886127447275758,0.13582375254988233,-0.21306994034562532,Lage,15.749086550420847
-5.5165109705786755,-1.8907109476307218,-1.0342025163373496,0.06686722924063984,-0.15424666449477165,wirtschaftlich+e lage,13.498510893227476
2.5620245486976536,-5.668504944367587,-1.5068394087359656,0.2912938820239099,-0.340202785202499,lage klima+wandel,22.403134250984426
-6.42104217941429,-1.4659058781487415,-0.9543606763770014,0.03261165299833637,-0.12439711204934074,geringe,12.501355469594534
-6.42104217941429,-1.4659058781487415,-0.9543606763770014,0.03261165299833637,-0.12439711204934074,der gering+e,12.501355469594534
-7.631320038652845,-0.8968015249916759,-0.8335648980377606,-0.017491781531044706,-0.07989970875416381,Wirtschaftswachstum,11.167172999126286
-7.631320038652845,-0.8968015249916759,-0.8335648980377606,-0.017491781531044706,-0.07989970875416381,gering+e wirtschaft+s+wachstum,11.167172999126286
-9.241505088166292,-0.1384025802797635,-0.640951918523691,-0.09320115804994784,-0.01047780280971064,bereitet,9.39235704553703
-9.241505088166292,-0.1384025802797635,-0.640951918523691,-0.09320115804994784,-0.01047780280971064,wirtschaft+s+wachstum bereit+et,9.39235704553703
-9.846972430724513,0.14709073769334857,-0.5563751906072301,-0.12483269473003622,0.01944233514276164,bereit+et deutsch+en,8.725130861660139
-10.199727969463648,0.31347768269414233,-0.5033282909488666,-0.1441677057125515,0.03803844369444356,deutsch+en immer,8.33645730506138
-10.514017434728686,0.461738895750726,-0.4534425396271188,-0.16199363522192645,0.05540844243407203,Kopfzerbrechen,7.990218802379522
-10.514017434728686,0.461738895750726,-0.4534425396271188,-0.16199363522192645,0.05540844243407203,mehr kopfzerbrechen,7.990218802379522
-10.877211084617294,0.6330694704379538,-0.39239585080397577,-0.18333411787606826,0.07651064145810604,kopfzerbrechen zeig+t,7.5901822078558405
-11.081200997965018,0.7292866833625897,-0.35636364030669243,-0.1956839503012337,0.08888711596024826,Umfrage,7.365543676273595
-11.081200997965018,0.7292866833625897,-0.35636364030669243,-0.1956839503012337,0.08888711596024826,zeig+t umfrage,7.365543676273595
-11.227431843770585,0.7982499712377851,-0.3297024244846059,-0.20470364209185632,0.09800735328666463,Zugleich,7.204533944192927
-11.3585707328916,0.8600854436413314,-0.3051711457148214,-0.21291353396636176,0.10637096921451497,sinkt,7.060159831364213
-11.3585707328916,0.8600854436413314,-0.3051711457148214,-0.21291353396636176,0.10637096921451497,zugleich sink+t,7.060159831364213
-8.828342486609577,-0.3331300518783298,-0.6944926476900711,-0.07266816953411911,-0.029593479217613447,Bereitschaft,9.847721360379078
-11.489565770883722,0.9218405093244333,-0.28005305351045906,-0.22123089610256216,0.1149069379959439,sink+t bereitschaft,6.915963204214278
-11.734945623660746,1.0374753201953086,-0.23125398876329414,-0.23713139014136822,0.1314107358715074,bereitschaft schutz,6.645912257597986
-11.840194662271305,1.0870510519060281,-0.20958473685403528,-0.24408216514281134,0.13870565861800974,schutz umwelt,6.530107325828319
-11.902244111924535,1.1162706651228071,-0.19659171909416737,-0.24821737299409496,0.14306987396391627,Einbußen,6.461842781636668
-11.902244111924535,1.1162706651228071,-0.19659171909416737,-0.24821737299409496,0.14306987396391627,umwelt einbuße+n,6.461842781636668
-12.000860876982205,1.1626969104999163,-0.17559814932884862,-0.2548472209828518,0.1501058067833891,Kauf,6.353361454194395
-12.000860876982205,1.1626969104999163,-0.17559814932884862,-0.2548472209828518,0.1501058067833891,einbuße+n kauf,6.353361454194395
-7.937647501732657,-0.7526278966909716,-0.8000311774723247,-0.031040070318344916,-0.06768152986425949,nehmen,10.829498610846027
-12.061775254452733,1.1913649099531267,-0.16241427637925318,-0.2589780550499822,0.1545145282930653,kauf nehm+en,6.286362446756905
-12.146811861363172,1.2313728567871647,-0.14372471861289352,-0.2647906520749566,0.16075142934869938,der deutsch+en,6.192843357983702
-12.212520628006011,1.2622764396904778,-0.1290496553747209,-0.2693190478697747,0.16563804839760685,deutsch+en halt+en,6.120589918409267
-12.280023970496638,1.294013096571276,-0.11375596181357471,-0.2740048901796199,0.17072076781439668,halt+en umgang,6.046372611775032
-12.364982803303231,1.3339392384533424,-0.09418482529977086,-0.2799514057071088,0.1772103694529513,trüben,5.952978084705973
-12.364982803303231,1.3339392384533424,-0.09418482529977086,-0.2799514057071088,0.1772103694529513,umgang trüb+en,5.952978084705973
-12.402130163864607,1.3513900299262533,-0.08551174129599048,-0.28256870264518674,0.1800810233613949,trüb+en wirtschaftlich+en,5.912147611061318
-12.48650927081281,1.3910130415529225,-0.06554209758303278,-0.28855301860397276,0.18667842314229752,wirtschaftlich+en lage,5.819415097155737
-12.54605602667591,1.4189609000012076,-0.05121912825500126,-0.29280909557033813,0.19139984616914993,lage immer,5.753984421353308
-12.57223250585809,1.4312426511294385,-0.04486113379066138,-0.2946886995674242,0.19349289862597283,drängenderes,5.725224446546329
-12.57223250585809,1.4312426511294385,-0.04486113379066138,-0.2946886995674242,0.19349289862597283,immer dräng+end+er+es,5.725224446546329
-10.091933895526005,0.26263058758552393,-0.5198557168224032,-0.1381854914343332,0.03225851659317497,Problem,8.45522113155564
-12.62636301947402,1.4566319880295868,-0.03159161751182046,-0.29859235618742247,0.1978556993106035,dräng+end+er+es problem,5.665757640618991
-12.725211684204705,1.5029654004173483,-0.006925773471063726,-0.3057795677426403,0.20594564229092763,Sozialökologischen,5.557186707807223
-12.725211684204705,1.5029654004173483,-0.006925773471063726,-0.3057795677426403,0.20594564229092763,geh+t sozialökologisch+en,5.557186707807223
-12.79060554895258,1.533593963497557,0.009709866736332312,-0.310576129454304,0.2113873611449961,Panel,5.485377951445314
-12.79060554895258,1.533593963497557,0.009709866736332312,-0.310576129454304,0.2113873611449961,sozialökologisch+en panel,5.485377951445314
-12.822996536945023,1.5487574643050395,0.018046188797339338,-0.31296433550794484,0.21410990789440074,RWI,5.449814803286321
-12.822996536945023,1.5487574643050395,0.018046188797339338,-0.31296433550794484,0.21410990789440074,panel rwi,5.449814803286321
-12.835590757366855,1.554651920049793,0.0213050076420903,-0.3138951291040441,0.21517341019076205,Leibniz-Instituts,5.43598816094254
-12.835590757366855,1.554651920049793,0.0213050076420903,-0.3138951291040441,0.21517341019076205,rwi leibniz+-+institut+s,5.43598816094254
-12.90144458380491,1.5854601132532284,0.03850714781612939,-0.3187823606727172,0.2207799148316477,Wirtschaftsforschung,5.363699291523401
-12.90144458380491,1.5854601132532284,0.03850714781612939,-0.3187823606727172,0.2207799148316477,leibniz+-+institut+s wirtschaft+s+forschung,5.363699291523401
-12.969986112547245,1.6175006299566221,0.05670662584722351,-0.3239051258652754,0.22669807404093953,+3135,5.288477123488819
-12.969986112547245,1.6175006299566221,0.05670662584722351,-0.3239051258652754,0.22669807404093953,wirtschaft+s+forschung +3135,5.288477123488819
-12.985544520980042,1.6247698177794372,0.0608806281280858,-0.32507308096018867,0.22805345348817715,+3135 chars,5.271404787442722
-11.840194662271305,1.0870510519060281,-0.20958473685403528,-0.24408216514281134,0.13870565861800974,Leichtsinn,6.530107325828319
-11.683604153188512,1.0132864142908207,-0.24165999143516498,-0.23376943806358474,0.12790024073982406,böser,6.702408948997778
-11.683604153188512,1.0132864142908207,-0.24165999143516498,-0.23376943806358474,0.12790024073982406,leichtsinn bös+er,6.702408948997778
-11.18582229004084,0.7771353196677224,-0.009929034902442374,0.34872359246721546,-0.06402509415875653,Wille,7.254226340783109
-11.6187633257606,0.9827328955801078,-0.25465192110456686,-0.22955016809166637,0.12351068478604896,bös+er wille,6.7737657594421705
-11.425837554743962,0.8917988337306344,-0.2923511529252761,-0.21716988315101662,0.110731129029816,studie wald+brand+e,6.9861114052457145
-11.272686760923941,0.819590115791752,-0.32130470354090335,-0.2075237521611282,0.10087346254951848,wald+brand+e entsteh+en,7.15470960965199
-11.115151623600948,0.745298906199892,-0.3502371205374327,-0.1977655185204864,0.09098568155823528,entsteh+en fast,7.328159996422113
-7.974998608435316,-0.7359793845090943,-0.7999886774040595,-0.040129785832377945,-0.06398137977409273,fast immer,10.788677936155551
-10.79475010846361,0.5941713545633096,-0.4065950900096681,-0.17841711068460228,0.0716173892531404,immer mensch+en,7.68099984464782
-9.302891087241033,-0.3059156707153372,1.4547774598004664,-1.7222103157976858,-1.4660242691541734,mensch+en deutschland,9.44940372226663
-5.885169524853865,-1.7177045875813661,-1.0028103567767837,0.05320800891325788,-0.14275207675026932,brannten,13.092126405598252
-3.7878355543205284,-2.7013880998486464,-1.166956049448609,0.12592740573349775,-0.2047258824683722,sommer gleich,15.404172038900308
-2.888726556933415,-3.1224687061705856,-1.2274766087472144,0.15377693789126917,-0.2281269071433065,mehrere,16.39529729512354
-2.888726556933415,-3.1224687061705856,-1.2274766087472144,0.15377693789126917,-0.2281269071433065,gleich mehrere,16.39529729512354
-1.5045794425816936,-3.7700274280685635,-1.3112696406416249,0.19337522165806534,-0.2609814974486215,Wälder,17.921035697734926
-1.5045794425816936,-3.7700274280685635,-1.3112696406416249,0.19337522165806534,-0.2609814974486215,mehrere wald+er,17.921035697734926
0.5708426146689263,-4.739615542044177,-1.4192675376395756,0.24639286535718397,-0.3042281797762828,Oftmals,20.208602302982225
17.44643843537016,-12.584742132788335,-1.8733946030216038,0.5135618708701883,-0.5086560069983412,oftmals klima+wandel,38.803002013155634
0.9108344512756119,-4.898309567343322,-1.4352330412825964,0.25444113773448096,-0.31072026602143166,klima+wandel grund,20.583328514696507
-7.379520025591368,-1.0152723133525319,-0.8601761971861059,-0.006629362105304397,-0.08963655513798867,genannt,11.444745631671102
-7.379520025591368,-1.0152723133525319,-0.8601761971861059,-0.006629362105304397,-0.08963655513798867,grund ge+nenn+t,11.444745631671102
-8.70229422238822,-0.39288658063812143,-0.7118863794937671,-0.07301183266219313,-0.029622246928199494,laut dat+en,9.98684901244299
-9.215472767052095,-0.15539188036145468,-0.6507753911997366,-0.11546265286208457,0.008189729003431345,Bundesanstalt,9.423168727008921
-9.215472767052095,-0.15539188036145468,-0.6507753911997366,-0.11546265286208457,0.008189729003431345,dat+en bund+es+anstalt,9.423168727008921
-9.481948208457359,-0.09610516043404216,-0.635045023468993,-0.18813600598571933,0.059818403200476766,bund+es+anstalt land+wirtschaft,9.15736102889031
-10.446160485422876,0.41671527010438636,-0.4744728940719638,-0.19405520296738,0.08124217086796143,Ernährung,8.070618464697166
-10.446160485422876,0.41671527010438636,-0.4744728940719638,-0.19405520296738,0.08124217086796143,land+wirtschaft ernährung,8.070618464697166
-10.07986584678273,0.18838013932214048,1.1423804799420256,-1.4689616754909056,-1.0822444637927688,erhöht,8.531804501663675
-10.7157261926323,0.5482921451466565,-0.42774808189645597,-0.20210484003012566,0.09080721097291491,ernährung erhöh+t,7.771807354680184
-11.163209599641394,0.7634371482352211,-0.34706588224739104,-0.21972580690277108,0.1092684511929081,Risiko,7.277239788694876
-11.163209599641394,0.7634371482352211,-0.34706588224739104,-0.21972580690277108,0.1092684511929081,erhöh+t risiko,7.277239788694876
-11.359408271595385,0.8572062968693861,-0.31065426168640403,-0.22860617931326138,0.11699160489375396,verantwortlich,7.0606491609578
-11.359408271595385,0.8572062968693861,-0.31065426168640403,-0.22860617931326138,0.11699160489375396,risiko verantwortlich,7.0606491609578
-11.572619209957672,0.958909642435001,-0.2701852931709599,-0.2389420583917274,0.12508637857972352,verantwortlich fast,6.8253752381941
-11.706245245742213,1.0226635054606819,-0.2446162310908942,-0.24563835145765703,0.12918486848536478,Mensch,6.677909617120642
-11.706245245742213,1.0226635054606819,-0.2446162310908942,-0.24563835145765703,0.12918486848536478,immer mensch,6.677909617120642
-11.757912989838658,1.0474324039694496,-0.2349241068704082,-0.24796997584796987,0.1296803860790978,Nur,6.620825090502099
-11.720914635516097,1.0303602668810332,-0.24254032291736188,-0.24415591161855493,0.12510065992017463,selten,6.66136047630723
-11.720914635516097,1.0303602668810332,-0.24254032291736188,-0.24415591161855493,0.12510065992017463,nur selten,6.66136047630723
-11.557322610428486,0.9541771217003596,-0.27634007870815946,-0.22832946238282215,0.1048170215656791,selten feuer,6.840882250980574
-11.428798556813135,0.893686829863471,-0.30320703835485135,-0.21685788383810553,0.08824855422117575,Wald,6.98217668160319
-11.428798556813135,0.893686829863471,-0.30320703835485135,-0.21685788383810553,0.08824855422117575,feuer wald,6.98217668160319
-11.335538270965712,0.8494391364771277,-0.3230865252617618,-0.209508988255929,0.07610701052906488,natürliche,7.084844904618405
-11.335538270965712,0.8494391364771277,-0.3230865252617618,-0.209508988255929,0.07610701052906488,wald natürlich+e,7.084844904618405
-10.912352553543695,0.644432984167373,-0.41654478348659413,-0.18119274680051664,0.014507313169915464,natürlich+e ursache+n,7.552360720310587
-11.012528574015793,0.6968562152335478,-0.3778618449981023,-0.1903594929351012,0.06538953869808095,picture,7.440788586551208
-11.012528574015793,0.6968562152335478,-0.3778618449981023,-0.1903594929351012,0.06538953869808095,foto picture,7.440788586551208
-10.920770285966253,0.6536272975589656,-0.3912748690503662,-0.18519719551641714,0.06566772889573017,alliance/dpa/Belga,7.541932448995194
-10.920770285966253,0.6536272975589656,-0.3912748690503662,-0.18519719551641714,0.06566772889573017,picture alliance/dpa/belga,7.541932448995194
-10.481598243771348,0.44639181995110855,-0.4605522522181089,-0.1599552702388531,0.04980453693222697,alliance/dpa/belga deutschland,8.025875951105595
-7.379520025591368,-1.0152723133525319,-0.8601761971861059,-0.006629362105304397,-0.08963655513798867,genann…,11.444745631671102
-7.379520025591368,-1.0152723133525319,-0.8601761971861059,-0.006629362105304397,-0.08963655513798867,grund genann…,11.444745631671102
-8.343092224154818,-0.5617247855868328,-0.7535510035585015,-0.04956230890017632,-0.05083962311340515,genann… +2319,10.38257918725887
-14.971629572125282,2.3447862138781037,1.2281150391962763,0.32642807896884923,0.1833885059524176,Höhenwindkraft,3.1867337609700526
-14.959971374334323,2.332156570310245,1.2317414572287522,0.3458342645524021,0.17464726906262626,Fliegende,3.2025271089354117
-14.959971374334323,2.332156570310245,1.2317414572287522,0.3458342645524021,0.17464726906262626,höhe+n+wind+kraft flieg+end+e,3.2025271089354117
-14.951991146120857,2.323480594954416,1.2341246955459795,0.3589257006422905,0.1687151802369836,Windkraftanlage,3.213349865057336
-14.951991146120857,2.323480594954416,1.2341246955459795,0.3589257006422905,0.1687151802369836,flieg+end+e wind+kraft+anlage,3.213349865057336
-14.640054254771435,1.9754337862119227,1.2830499000440607,0.7772830675007747,-0.036122579195764046,erzeugt,3.639779348675799
-14.937899278481742,2.3081037914403915,1.2381443873066798,0.38167321253302555,0.158339881857714,wind+kraft+anlage erzeug+t,3.2324830468010317
-14.930142354304245,2.299611023616408,1.2402578571110334,0.39399859178722496,0.15268214263404054,erzeug+t strom,3.243026028546037
-14.609895208182579,1.941620189236798,1.2846564336346156,0.8104132736921721,-0.05362246653749399,4.000,3.6810580623433005
-14.92075368364415,2.2893066468762218,1.2427251950850695,0.4087357775001619,0.14588395092609466,strom 4.000,3.255796514882813
-14.598097511581347,1.9284082842451185,1.285184320410976,0.8231055827370958,-0.060376441791756844,4.000 meter+n,3.6971988392881103
-14.699186433882314,2.041846468585926,1.2787117719724148,0.7092664405513917,-0.0007841944018615876,Höhe,3.5587924363816903
-14.699186433882314,2.041846468585926,1.2787117719724148,0.7092664405513917,-0.0007841944018615876,meter+n höhe,3.5587924363816903
-14.899450863139217,2.265833819359245,1.2479715613718465,0.4414644378196587,0.13065601625843867,höhe ein,3.2848081971938248
-14.894175158433084,2.26000272780461,1.249198499664068,0.4494223649939591,0.12692611642725507,chinesischer,3.2919999304107215
-14.894175158433084,2.26000272780461,1.249198499664068,0.4494223649939591,0.12692611642725507,ein chinesisch+er,3.2919999304107215
-14.875355391270462,2.239150512640297,1.2533534974676217,0.47735226440587053,0.11375067018649801,Prototyp,3.3176742601534226
-14.875355391270462,2.239150512640297,1.2533534974676217,0.47735226440587053,0.11375067018649801,chinesisch+er prototyp,3.3176742601534226
-14.92075368364415,2.2893066468762218,1.2427251950850695,0.4087357775001619,0.14588395092609466,prototyp 4.000,3.255796514882813
-14.930142354304245,2.299611023616408,1.2402578571110334,0.39399859178722496,0.15268214263404054,höhe strom,3.243026028546037
-14.937899278481742,2.3081037914403915,1.2381443873066798,0.38167321253302555,0.158339881857714,strom erzeug+t,3.2324830468010317
-14.725002215151711,2.0708613772524114,1.2762630938512614,0.6781952137696695,0.015095050608482152,nutzt,3.523424192677699
-14.725002215151711,2.0708613772524114,1.2762630938512614,0.6781952137696695,0.015095050608482152,system nutz+t,3.523424192677699
-14.6979751849757,2.040485200798157,1.27881788304671,0.7107028661075613,-0.0015222983366571519,heliumgefüllte,3.5604517991559463
-14.6979751849757,2.040485200798157,1.27881788304671,0.7107028661075613,-0.0015222983366571519,nutz+t heliumgefüllt+e,3.5604517991559463
-14.606036249351412,1.9372976135951927,1.2848351184787334,0.814581048914925,-0.05583723660287404,Flugkörper,3.6863380683406843
-14.606036249351412,1.9372976135951927,1.2848351184787334,0.814581048914925,-0.05583723660287404,heliumgefüllt+e flug+körper,3.6863380683406843
-14.440405665739402,1.753002215326711,1.2877405368713668,0.9800021608093983,-0.14612655582031386,Energiegewinnung,3.9124377443586873
-14.440405665739402,1.753002215326711,1.2877405368713668,0.9800021608093983,-0.14612655582031386,flug+körper energie+gewinnung,3.9124377443586873
-14.345628120508199,1.6489356990603303,1.2861198101538676,1.0645402137479116,-0.19404580924211495,Windpark,4.041237189719227
-14.345628120508199,1.6489356990603303,1.2861198101538676,1.0645402137479116,-0.19404580924211495,energie+wende wind+park,4.041237189719227
-14.509545700594417,1.8296020409117462,1.287554620960169,0.9139536932615994,-0.1095205547621996,wind+park besuch+en,3.818195204104459
-5.770900085917269,-1.7712839799779578,-1.0125509347379618,0.05748635336727668,-0.14611599590309365,klima+wandel warum,13.218072247416146
-7.631320038652845,-0.8968015249916759,-0.8335648980377606,-0.017491781531044706,-0.07989970875416381,warum europa,11.167172999126286
-5.721453476845676,-1.794500167867655,-1.0168066373028761,0.059324781276245415,-0.14771195512887086,schneller,13.272582235857094
-8.343092224154818,-0.5617247855868328,-0.7535510035585015,-0.04956230890017632,-0.05083962311340515,europa schnell+er,10.38257918725887
-9.06762874757986,-0.2203619160042365,-0.6638704031796666,-0.0844600907130448,-0.01864363016236545,schnell+er erwärm+t,9.583988870174128
-9.961005450272424,0.20087423952857053,-0.5395504814291072,-0.1310073452847671,0.025354478816159487,Kontinente,8.599480870575942
-9.961005450272424,0.20087423952857053,-0.5395504814291072,-0.1310073452847671,0.025354478816159487,erwärm+t kontinent+e,8.599480870575942
-10.321592892773992,0.370964404272073,-0.48429186186207746,-0.15101101174434348,0.044680270297005,kontinent+e der,8.202197737805196
-10.434529981067937,0.42424115344206603,-0.46630594106334905,-0.15743029876699444,0.05094033841987716,der hitze+welle+n,8.07778124173202
-10.815828449711976,0.6041144632863169,-0.40298506407351287,-0.17966990481562864,0.07286231572467677,hitze+welle+n 2026,7.657784910526294
-11.115151623600948,0.745298906199892,-0.3502371205374327,-0.1977655185204864,0.09098568155823528,Zufall,7.328159996422113
-11.115151623600948,0.745298906199892,-0.3502371205374327,-0.1977655185204864,0.09098568155823528,2026 zufall,7.328159996422113
-9.224008600481342,-0.1466504392115251,-0.6432843444936551,-0.09231487581533053,-0.01130770172271589,Teil,9.411639852987584
-11.3585707328916,0.8600854436413314,-0.3051711457148214,-0.21291353396636176,0.10637096921451497,zufall teil,7.060159831364213
-11.501914309777895,0.9276612328770186,-0.2776526255821506,-0.22202102941993873,0.11572121971586699,langfristigen,6.902371239728385
-11.501914309777895,0.9276612328770186,-0.2776526255821506,-0.22202102941993873,0.11572121971586699,teil langfristig+en,6.902371239728385
-11.662396741177684,1.0032938516810992,-0.24592753466500628,-0.2323861829259993,0.1264591950012405,Trends,6.725746898063484
-11.662396741177684,1.0032938516810992,-0.24592753466500628,-0.2323861829259993,0.1264591950012405,langfristig+en trend+s,6.725746898063484
5.997033225608554,-7.268382423962878,-1.6294710794320935,0.35783050889788043,-0.392400287594976,heizt,26.188546155136436
-11.812474252825908,1.0739953648400897,-0.21533660413397332,-0.24224376294156194,0.1367713082856223,europa heiz+t,6.560606294465734
-11.91082267700172,1.1203098983999271,-0.19478239659012153,-0.24879127794408026,0.14367702047353417,heiz+t schnell+er,6.4524054518852605
-12.146811861363172,1.2313728567871647,-0.14372471861289352,-0.2647906520749566,0.16075142934869938,schnell+er kontinent,6.192843357983702
-12.280023970496638,1.294013096571276,-0.11375596181357471,-0.2740048901796199,0.17072076781439668,historischen,6.046372611775032
-12.280023970496638,1.294013096571276,-0.11375596181357471,-0.2740048901796199,0.17072076781439668,kontinent historisch+en,6.046372611775032
-12.354089695118395,1.3288211892361739,-0.09671463419505812,-0.2791859021471621,0.1763724350250276,Gründen,5.9649518547529246
-12.354089695118395,1.3288211892361739,-0.09671463419505812,-0.2791859021471621,0.1763724350250276,historisch+en grund+en,5.9649518547529246
-9.997336703455627,0.21801055628421606,-0.5341263741658949,-0.13298963293192168,0.027257697375952045,Landschaft,8.559449562990286
-12.442819688640839,1.3704999948655336,-0.07592903917127594,-0.2854476655633976,0.18324900117524176,europa+s landschaft,5.867427640372557
-12.4959351981622,1.3954378526020421,-0.06328770348782796,-0.28922491390673133,0.18742214094975598,landschaft förder+t,5.809057148687116
-12.532667284081194,1.4126780704942212,-0.05445646236867874,-0.29184976054738676,0.19033345529672416,schnelle,5.768695298676649
-12.532667284081194,1.4126780704942212,-0.05445646236867874,-0.29184976054738676,0.19033345529672416,förder+t schnell+e,5.768695298676649
-12.57223250585809,1.4312426511294385,-0.04486113379066138,-0.2946886995674242,0.19349289862597283,schnell+e erwärmung,5.725224446546329
-12.61825487929731,1.4528296735482642,-0.033589797931998344,-0.29800618731328987,0.19719920733957522,erwärmung ein,5.67466456000574
-12.634394500941141,1.4603980966237966,-0.029608630625175575,-0.2991734857114494,0.1985070324518862,beträchtlicher,5.656935121838931
-12.634394500941141,1.4603980966237966,-0.029608630625175575,-0.2991734857114494,0.1985070324518862,ein beträchtlich+er,5.656935121838931
-12.692306069539491,1.4875461064138973,-0.015200090539307543,-0.30337858814628615,0.20323467965417177,beträchtlich+er teil,5.593325430411475
-12.725211684204705,1.5029654004173483,-0.006925773471063726,-0.3057795677426403,0.20594564229092763,Problems,5.557186707807223
-12.725211684204705,1.5029654004173483,-0.006925773471063726,-0.3057795677426403,0.20594564229092763,teil problem+s,5.557186707807223
-12.75684693219193,1.517784880764144,0.0010897838081443262,-0.30809580903989975,0.20856907869446548,problem+s geh+t,5.522446416106944
-12.800462115461743,1.5382087516686758,0.012239779545651211,-0.31130199184651036,0.21221390903317242,geh+t mensch+en,5.474555719972129
-0.19341427677932543,-4.3164973953154,0.10013000776819118,0.1494872892029762,2.0766631819726435,zurück,19.37716117484326
-12.829318814425008,1.5517165703521552,0.019680878729293402,-0.3134314372781966,0.2146434378025502,mensch+en zurück,5.442873783212785
-12.86320943334351,1.5675754372438337,0.028486145001746385,-0.31594067022663785,0.21751537955287673,darauf,5.4056687751241315
-12.86320943334351,1.5675754372438337,0.028486145001746385,-0.31594067022663785,0.21751537955287673,zurück darauf,5.4056687751241315
-12.442819688640839,1.3704999948655336,-0.07592903917127594,-0.2854476655633976,0.18324900117524176,darauf landschaft,5.867427640372557
-12.962083196247661,1.613807689228567,0.05459256210275425,-0.3233125878215918,0.2260113215731083,Jahrzehnte,5.297149405931738
-12.962083196247661,1.613807689228567,0.05459256210275425,-0.3233125878215918,0.2260113215731083,landschaft jahrzehnt+e,5.297149405931738
-13.000782619705674,1.6318879479189392,0.06498429284423206,-0.3262188293464936,0.22938529096807556,Jahrhunderte,5.254684861958124
-13.000782619705674,1.6318879479189392,0.06498429284423206,-0.3262188293464936,0.22938529096807556,jahrzehnt+e jahr+hundert+e,5.254684861958124
-13.032751427098454,1.6468168263703586,0.07364420213706903,-0.3286284673692399,0.2321935694493347,verändert,5.219610307771755
-13.032751427098454,1.6468168263703586,0.07364420213706903,-0.3286284673692399,0.2321935694493347,jahr+hundert+e veränder+t,5.219610307771755
-13.083829312733016,1.670655829134747,0.08762484521395365,-0.33249505827745485,0.23672076837138048,+7988,5.163579082469821
-13.083829312733016,1.670655829134747,0.08762484521395365,-0.33249505827745485,0.23672076837138048,wie +7988,5.163579082469821
-13.097147985937035,1.6768690745652544,0.09129993515145741,-0.33350663774659667,0.23790950086820098,+7988 chars,5.148970653884415
-12.591933935102741,1.4438901360354421,-0.050961225675421974,-0.2936420685723585,0.17047813949364723,der dach,5.701672602222988
-12.52623214648225,1.413277743033495,-0.06929235651652638,-0.2884156796083486,0.15994593377141744,dach welt,5.773664610883417
-12.480331865228813,1.3918114489196416,-0.08223603474946721,-0.28472149987440387,0.1520081134496292,stürzte,5.823983576290284
-12.480331865228813,1.3918114489196416,-0.08223603474946721,-0.28472149987440387,0.1520081134496292,welt stürz+te,5.823983576290284
-12.262321998584254,1.2881034735381838,-0.14466597103179304,-0.26681182996213015,0.1092232619643371,stürz+te der,6.063635906596998
-12.066515428817318,1.1916478766726453,-0.200341459238763,-0.2506092529273014,0.0677274776317432,der ursache+n,6.28023526468084
-12.347626997771705,1.3289160405770035,-0.11278451041833548,-0.27565647348881456,0.143427419910135,ursache+n katastrophal+e,5.970104856002965
-2.7486272448620497,-3.138180719142941,0.3270648491089704,0.07587954091801419,2.2599102016058215,Flutwelle,16.569493666246526
-12.34830801735826,1.3286384234161095,-0.1079619701852901,-0.2767541362673781,0.1539498482010003,katastrophal+e flut+welle,5.969812882508421
13.811102856458966,-10.812325541960824,-0.14638355090012906,0.3830849323332117,2.1889732838376266,Nepal,34.80549409346508
-4.051300822474431,-2.5335289192637758,0.4129052788146035,0.0360849577385872,2.2894743812791742,flut+welle nepal,15.135721128949402
-12.29513304323347,1.3028807355313758,-0.1167896994734613,-0.2737891594811536,0.15755838405351866,nepal premium,6.028740194203351
-12.260414227786894,1.2862805444034335,-0.12367582812929893,-0.2715948529522277,0.15724226301891783,premium nach,6.067072482902571
-12.211210926063364,1.2628496301579424,-0.13376208539821888,-0.26840369133635494,0.15585789459268076,Gletscherbruch,6.121340413319852
-12.211210926063364,1.2628496301579424,-0.13376208539821888,-0.26840369133635494,0.15585789459268076,nach gletscher+bruch,6.121340413319852
-6.8103297181559075,-1.2844467274277793,-0.9212776989252551,0.017084328253322824,-0.11825518957958728,gewaltige,12.072677719914656
-12.080423531980706,1.2008168373124501,-0.16102651472690663,-0.2597778112908709,0.15004454270098097,gletscher+bruch gewaltig+e,6.265453498659456
-12.01634184529523,1.170490484577007,-0.17435519208624775,-0.2555380796814934,0.14669211781512484,Schlammlawine,6.336030987091938
-12.01634184529523,1.170490484577007,-0.17435519208624775,-0.2555380796814934,0.14669211781512484,gewaltig+e schlamm+lawine,6.336030987091938
-11.86114381111056,1.0971342393631582,-0.20621968854875722,-0.24531541052621533,0.13801908242558544,schlamm+lawine grenze,6.506925067717294
-9.460139401626504,-0.036177277623756776,-0.6161841975287854,-0.1040997277783749,-0.009770483378636952,grenze nepal,9.151560357974653
-6.0004515003501435,-1.6634877054271389,-0.9924874072939504,0.048854575720144545,-0.1386058735869036,Tibet,12.965014491700622
-6.0004515003501435,-1.6634877054271389,-0.9924874072939504,0.048854575720144545,-0.1386058735869036,nepal tibet,12.965014491700622
-8.59604020593506,-0.4426770557499804,-0.7236795972420031,-0.061459289698422626,-0.04075850899902701,ganze,10.103790429320988
-11.550060605805047,0.9503545491620469,-0.2682386494662098,-0.22511180429179461,0.11891220179322684,tibet ganz+e,6.84937870488598
-8.481048069619423,-0.496806501972026,-0.7374011639074034,-0.05601605484893378,-0.045407363971042364,Dörfer,10.23053042735079
-8.481048069619423,-0.496806501972026,-0.7374011639074034,-0.05601605484893378,-0.045407363971042364,ganz+e dorf+er,10.23053042735079
-11.385923306153327,0.8729814173321815,-0.29997789257042906,-0.2146405655255068,0.10813810652402153,ausgelöscht,7.030049046735568
-11.385923306153327,0.8729814173321815,-0.29997789257042906,-0.2146405655255068,0.10813810652402153,dorf+er aus+ge+lösch+t,7.030049046735568
-11.19634008521983,0.7835878355715575,-0.33543127167802644,-0.20277403793732765,0.09605031524405239,Verzweifelt,7.2387662643599
-10.589464452515962,0.4973306544993412,-0.4410725648458523,-0.16636010754700858,0.05969805283578511,verzweifel+t viel+en,7.907110878476413
-10.407071615411741,0.4112878971757712,-0.4707099168577689,-0.15586266357141607,0.04940888370080307,Hunderten,8.10802992516508
-10.407071615411741,0.4112878971757712,-0.4707099168577689,-0.15586266357141607,0.04940888370080307,viel+en hundert+en,8.10802992516508
-10.101714942614432,0.2672442702189781,-0.5183678450050602,-0.1387255903055684,0.0327793659984931,Vermissten,8.444444478687315
-10.101714942614432,0.2672442702189781,-0.5183678450050602,-0.1387255903055684,0.0327793659984931,hundert+en vermiss+t+en,8.444444478687315
-9.681855993044003,0.06922079607595633,-0.5802143257810894,-0.1160167429980376,0.011042829824480599,gesucht,8.907077350735133
-9.681855993044003,0.06922079607595633,-0.5802143257810894,-0.1160167429980376,0.011042829824480599,vermiss+t+en ge+such+t,8.907077350735133
-9.241505088166292,-0.1384025802797635,-0.640951918523691,-0.09320115804994784,-0.01047780280971064,darunter,9.39235704553703
-9.241505088166292,-0.1384025802797635,-0.640951918523691,-0.09320115804994784,-0.01047780280971064,ge+such+t darunter,9.39235704553703
-8.254416285425474,-0.6034853874355619,-0.7639301810782332,-0.04545203781794273,-0.0545911673852722,darunter zahlreich+e,10.48032445287389
-6.945012757947648,-1.2196221003419287,-0.9042062567074597,0.011560002800952436,-0.10582775146019957,Touristen,11.92373490662013
-6.945012757947648,-1.2196221003419287,-0.9042062567074597,0.011560002800952436,-0.10582775146019957,zahlreich+e tourist+en,11.92373490662013
-4.214538616089927,-2.5014191134904804,-1.1363284034824555,0.11206007830724712,-0.19297981444589002,Ist,14.933789448655245
17.44643843537016,-12.584742132788335,-1.8733946030216038,0.5135618708701883,-0.5086560069983412,sei klima+wandel,38.803002013155634
-5.5165109705786755,-1.8907109476307218,-1.0342025163373496,0.06686722924063984,-0.15424666449477165,schuld,13.498510893227476
-5.5165109705786755,-1.8907109476307218,-1.0342025163373496,0.06686722924063984,-0.15424666449477165,klima+wandel schuld,13.498510893227476
-8.588779879684672,-0.44599997709436323,-0.7241393214593339,-0.06112918578236197,-0.0402375707638509,Szenen,10.111769769402963
-8.588779879684672,-0.44599997709436323,-0.7241393214593339,-0.06112918578236197,-0.0402375707638509,schuld szene+n,10.111769769402963
-9.29605670728551,-0.1126860418495994,-0.6336413440960752,-0.09597420425424244,-0.00787830335445519,Apokalypse,9.332236450316742
-9.29605670728551,-0.1126860418495994,-0.6336413440960752,-0.09597420425424244,-0.00787830335445519,szene+n apokalypse,9.332236450316742
-9.846972430724513,0.14709073769334857,-0.5563751906072301,-0.12483269473003622,0.01944233514276164,Enorme,8.725130861660139
-9.846972430724513,0.14709073769334857,-0.5563751906072301,-0.12483269473003622,0.01944233514276164,apokalypse enorm+e,8.725130861660139
-10.135059972109389,0.282973141544113,-0.5132778796059115,-0.1405709288941169,0.03456040552560247,enorm+e riesig+e,8.407705621761222
-10.379106834567098,0.3980957980312536,-0.4751744894671711,-0.15427069630649387,0.047855453228759115,Schlammwellen,8.138836932298988
-10.379106834567098,0.3980957980312536,-0.4751744894671711,-0.15427069630649387,0.047855453228759115,riesig+e schlamm+welle+n,8.138836932298988
-10.815828449711976,0.6041144632863169,-0.40298506407351287,-0.17966990481562864,0.07286231572467677,Gerölllawinen,7.657784910526294
-10.815828449711976,0.6041144632863169,-0.40298506407351287,-0.17966990481562864,0.07286231572467677,schlamm+welle+n geröll+lawine+n,7.657784910526294
-11.081200997965018,0.7292866833625897,-0.35636364030669243,-0.1956839503012337,0.08888711596024826,tauchten,7.365543676273595
-11.081200997965018,0.7292866833625897,-0.35636364030669243,-0.1956839503012337,0.08888711596024826,geröll+lawine+n tauch+ten,7.365543676273595
-11.227431843770585,0.7982499712377851,-0.3297024244846059,-0.20470364209185632,0.09800735328666463,plötzlich,7.204533944192927
-11.227431843770585,0.7982499712377851,-0.3297024244846059,-0.20470364209185632,0.09800735328666463,tauch+ten plötzlich,7.204533944192927
-11.489565770883722,0.9218405093244333,-0.28005305351045906,-0.22123089610256216,0.1149069379959439,schluckten,6.915963204214278
-11.489565770883722,0.9218405093244333,-0.28005305351045906,-0.22123089610256216,0.1149069379959439,und schluck+ten,6.915963204214278
-11.840194662271305,1.0870510519060281,-0.20958473685403528,-0.24408216514281134,0.13870565861800974,schluck+ten grenze,6.530107325828319
-12.098082839621537,1.2084487465446396,-0.15447560164241733,-0.2614532541509031,0.15716559821192286,vorgefunden,6.246431439727892
-12.098082839621537,1.2084487465446396,-0.15447560164241733,-0.2614532541509031,0.15716559821192286,tibet vor+ge+find+en,6.246431439727892
-12.23140334013599,1.27115529073119,-0.1247940309733215,-0.2706263614558196,0.1670533793542542,Straße…,6.099828122645769
-12.23140334013599,1.27115529073119,-0.1247940309733215,-0.2706263614558196,0.1670533793542542,vor+ge+find+en straße…,6.099828122645769
-12.285931760256023,1.2967900826913539,-0.11240678666728546,-0.274416623882115,0.17116866998547095,+5569,6.039877698688294
-12.285931760256023,1.2967900826913539,-0.11240678666728546,-0.274416623882115,0.17116866998547095,straße… +5569,6.039877698688294
-12.320626914593817,1.3130968216508667,-0.10444815347300827,-0.2768399768286148,0.17380920094988403,+5569 char+s,6.001736076876281
-12.075902612255016,1.1989633680681422,-0.16328493742681344,-0.2592415300248723,0.14694694338782013,F.A.Z,6.270255970436622
-12.020968685818868,1.1731288847566028,-0.17556902002031527,-0.2554608694812897,0.14221656534354768,exklusiv,6.330653248476102
-11.936114830589641,1.133206229075988,-0.19435525696133904,-0.24965484513068611,0.1348236853866757,exklusiv deutschland,6.423955995531747
-11.821957716318028,1.079459283065428,-0.2193218529643391,-0.24190259721553495,0.12462854353908295,droht,6.549498517127965
-11.821957716318028,1.079459283065428,-0.2193218529643391,-0.24190259721553495,0.12462854353908295,deutschland droh+t,6.549498517127965
-11.758376052799562,1.049501347200498,-0.233107530518496,-0.23761025762056925,0.11877081848322821,erstmals,6.619431259833041
-11.758376052799562,1.049501347200498,-0.233107530518496,-0.23761025762056925,0.11877081848322821,droh+t erstmals,6.619431259833041
-11.638920505460968,0.9931563977156843,-0.2588662768922057,-0.22958378386933082,0.10725652779198644,Klimaziel,6.750841484683576
-11.638920505460968,0.9931563977156843,-0.2588662768922057,-0.22958378386933082,0.10725652779198644,erstmals klima+ziel,6.750841484683576
-11.439863734951825,0.8989537843235764,-0.30181583829344083,-0.2162601538477191,0.08577105419558503,verfehlen,6.969923016498471
-11.439863734951825,0.8989537843235764,-0.30181583829344083,-0.2162601538477191,0.08577105419558503,klima+ziel verfehl+en,6.969923016498471
-11.185244220099605,0.7771099768304932,-0.35794247443625593,-0.1991426279202658,0.051910212288014373,verfehl+en der,7.250624999304654
-10.961911622888508,0.6678948864996088,-0.40817813203907627,-0.1840484683654837,0.01669547175922631,Treibhausgasemissionen,7.497732418351121
-10.961911622888508,0.6678948864996088,-0.40817813203907627,-0.1840484683654837,0.01669547175922631,der treib+haus+gas+emission+en,7.497732418351121
-3.783160423542178,-2.7048859170147823,-1.1696975478814422,0.12600516504398135,-0.20947390646752734,ersten,15.409774361944526
-10.905925602127828,0.6466605338831695,-0.3925692581182132,-0.18446575672703716,0.0674908993953384,treib+haus+gas+emission+en erst+en,7.558320944400476
-10.793020984125079,0.5933631149957508,-0.4106677219255829,-0.17790634806154712,0.06369941775561991,Halbjahr,7.6827416993181075
-10.793020984125079,0.5933631149957508,-0.4106677219255829,-0.17790634806154712,0.06369941775561991,erst+en halbjahr,7.6827416993181075
-10.620824396472818,0.5120944793099342,-0.43821728873639537,-0.1679528723843464,0.056695493727508234,halbjahr wohl,7.872482115170128
-10.337085990711753,0.3782420131814419,-0.48260055886291614,-0.15182115791126324,0.043990392801443734,sieben,8.18511073162212
-10.337085990711753,0.3782420131814419,-0.48260055886291614,-0.15182115791126324,0.043990392801443734,wohl sieben,8.18511073162212
-10.135059972109389,0.282973141544113,-0.5132778796059115,-0.1405709288941169,0.03456040552560247,sieben million+en,8.407705621761222
-9.76640920680107,0.10909552150289592,-0.5680826190509192,-0.12051298076914951,0.015320633990479032,Tonnen,8.813904488964747
-9.76640920680107,0.10909552150289592,-0.5680826190509192,-0.12051298076914951,0.015320633990479032,million+en tonne+n,8.813904488964747
-9.45061819242164,-0.03981634625545416,-0.612606460338704,-0.10391213226020712,-0.0004127976324315441,gesunken,9.161900857637356
-9.45061819242164,-0.03981634625545416,-0.612606460338704,-0.10391213226020712,-0.0004127976324315441,tonne+n ge+sink+en,9.161900857637356
-8.876388380652445,-0.310489753175057,-0.6884268779044486,-0.07501418960186307,-0.027420914325241255,Tut,9.794765978028545
-8.254416285425474,-0.6034853874355619,-0.7639301810782332,-0.04545203781794273,-0.0545911673852722,tu+t bund+es+regierung,10.48032445287389
-6.004747898606384,-1.6614698653166098,-0.9921069944796198,0.04869147745779099,-0.13846370068320163,genug,12.960278137418555
-6.004747898606384,-1.6614698653166098,-0.9921069944796198,0.04869147745779099,-0.13846370068320163,bund+es+regierung genug,12.960278137418555
2.5620245486976536,-5.668504944367587,-1.5068394087359656,0.2912938820239099,-0.340202785202499,genug klima+wandel,22.403134250984426
2.56202454869765,-5.6685049443675855,-1.5068394087359658,0.29129388202390977,-0.34020278520249875,zurückzudrängen,22.403134250984422
2.56202454869765,-5.6685049443675855,-1.5068394087359658,0.29129388202390977,-0.34020278520249875,klima+wandel zurück+zu+dräng+en,22.403134250984422
-9.06762874757986,-0.2203619160042365,-0.6638704031796666,-0.0844600907130448,-0.01864363016236545,kanzler seh+t,9.583988870174128
-9.12738064524417,-0.19219847471523543,-0.656059413551351,-0.08744729832343177,-0.015857775347100395,seh+t richtig+en,9.518134533330707
2.5620245486976536,-5.668504944367587,-1.5068394087359656,0.2912938820239099,-0.340202785202499,tu+n klima+wandel,22.403134250984426
-8.161939040432912,-0.6470316218887513,-0.7746249411284368,-0.041201279588853265,-0.058462357904036685,sagte,10.582260888228694
-8.161939040432912,-0.6470316218887513,-0.7746249411284368,-0.041201279588853265,-0.058462357904036685,zurück+zu+dräng+en sag+te,10.582260888228694
-9.499341052923555,-0.016843407638247765,-0.605874799788508,-0.1064395895631961,0.00197193659321121,sag+te erst+en,9.108206945539207
-9.304126331174043,-0.11584194568014494,0.8825341852462889,-1.2794345379230627,-1.0235206025575714,öffentlichen,9.357653830634186
-9.80716934900582,0.12831856237828942,-0.5621776417111078,-0.12269412029970866,0.017400328668441767,erst+en öffentlich+en,8.768990064418789
-10.261850293008447,0.3427820688823586,-0.49367158141171574,-0.1476454475906061,0.04140975394240373,Auftritt,8.268015671540505
-10.261850293008447,0.3427820688823586,-0.49367158141171574,-0.1476454475906061,0.04140975394240373,öffentlich+en auftritt,8.268015671540505
-10.729548356591733,0.5634138212952409,-0.4176783720793061,-0.17455941027131108,0.0677916140777522,Urlaub,7.752812820772881
-10.729548356591733,0.5634138212952409,-0.4176783720793061,-0.17455941027131108,0.0677916140777522,auftritt urlaub,7.752812820772881
-10.935971992088628,0.6607869344893489,-0.3821508153351525,-0.18686419635538787,0.08003557932828362,urlaub vergeh+en+en,7.5254697011231615
3.838821745385726,-6.263529890373338,-1.5561859462182113,0.317490087663646,-0.36091432667903334,Wochenende,23.810233407650564
-11.14824114304867,0.760904499938996,-0.344229378590417,-0.19980156500011217,0.09304193006393058,vergeh+en+en woche+n+ende,7.29172553586762
-11.3585707328916,0.8600854436413314,-0.3051711457148214,-0.21291353396636176,0.10637096921451497,Hür…,7.060159831364213
-11.3585707328916,0.8600854436413314,-0.3051711457148214,-0.21291353396636176,0.10637096921451497,woche+n+ende hür…,7.060159831364213
-11.438855954037098,0.8979360290024392,-0.2898510661216829,-0.2179971993331554,0.11158057423896309,+6721,6.971781139011814
-11.438855954037098,0.8979360290024392,-0.2898510661216829,-0.2179971993331554,0.11158057423896309,hür… +6721,6.971781139011814
-11.514135886288209,0.9334219711322969,-0.2752712474104125,-0.22280407725794849,0.11652878730513697,+6721 chars,6.888919207131118
-8.094422169272717,-0.6370643134768201,0.4796631123902384,-0.10298361895596478,1.9507296573035422,Drama,10.672051483642308
-11.960230784951694,1.1457019972590792,1.077044836667809,-0.3112433980836029,2.151651195181977,Gebirge,6.429818365052281
-11.960230784951694,1.1457019972590792,1.077044836667809,-0.3112433980836029,2.151651195181977,drama gebirge,6.429818365052281
-11.895947978105685,1.116127946400789,1.0666171512593297,-0.30722433357453965,2.1522024861707107,gebirge wie,6.50032889661432
-11.787390684998737,1.0661728240234605,1.0491210330553435,-0.30048702177783776,2.1527924477574567,wie verheerend+en,6.619409712274561
3.0599450578185987,-5.829885004562694,-0.24875310236880216,0.23341029201861285,1.6936043067291369,Sturzflut,22.95562311469028
-1.301888243268582,-3.79943487372494,-0.04285029868287235,0.13109700295529647,1.779035914957422,verheerend+en sturz+flut,18.15050085704232
-11.55146005039726,0.9575482036748677,1.0116038470685471,-0.2860597183120994,2.152725366356751,sturz+flut nepal,6.878241512891241
-8.535557329927,-0.42327684876160365,1.987101821800333,-1.2511102064092312,1.0228726960433165,kam,10.213400722934077
-11.48916557997254,0.9288537457589112,1.001816350822419,-0.2822992481104906,2.15242503558054,nepal komm,6.946590045423271
-11.445682211102444,0.9088206635820026,0.9950139934923231,-0.27968635445921164,2.1521501535789906,komm ein,6.994301216344657
-11.400512598302498,0.8880075991958765,0.9879736538860705,-0.27698257005830784,2.1518094258145073,Gletscherabbruch,7.043864255352439
-11.400512598302498,0.8880075991958765,0.9879736538860705,-0.27698257005830784,2.1518094258145073,ein gletscher+abbruch,7.043864255352439
-11.18674095249969,0.7894618411372427,0.9550100044432913,-0.2643296891527493,2.1494734298063647,gletscher+abbruch lös+t,7.2784523423694125
-11.115978475255975,0.7568241822941757,0.9442266166236749,-0.2601929372761328,2.1484504701794926,binnen,7.35611446397303
-11.115978475255975,0.7568241822941757,0.9442266166236749,-0.2601929372761328,2.1484504701794926,lös+t binnen,7.35611446397303
-8.621397479684617,-0.3948637656640397,0.5797763573926727,-0.12890959588970188,2.0319426452388676,Minuten,10.094629155186107
-11.009623798813553,0.707753381076353,0.9281368868345882,-0.25402313645335417,2.1466913681952193,binnen minute+n,7.472847944240878
-10.784835073028683,0.6039663461375504,0.8945771171890647,-0.24116817687372058,2.1421283450877637,minute+n flut+welle,7.719609235807434
-10.106343150533803,0.28991460741299324,0.796208586161725,-0.20380699994233833,2.121132400144181,was experte+n,8.464774027784694
-9.206300822740145,-0.132268840019917,0.663038579756774,-0.15677544576665012,2.0621890483076153,experte+n ursache+n,9.455292803369325
-3.4516202090159194,-2.800533828004186,0.15029430806174976,0.06591100737172528,1.9255412840048436,Katastrophen,15.785295813670242
-8.738633155411081,-0.34380661582816874,0.6314904681441942,-0.13609348326122694,2.094928208143578,ursache+n katastrophe+n,9.968078516047894
-7.8101544392406534,-0.7737865745479358,0.5353943191697974,-0.09447038557237744,2.077968221275717,katastrophe+n sag+en,10.988884693297278
-4.664286158217182,-2.2357839979671086,0.25981903183417737,0.02573205700423043,1.9938490167964313,und rolle,14.450578362589141
2.8412514775016575,-5.7249373813975115,-0.14756477906545878,0.22437958891565157,1.8452940921201362,rolle klima+wandel,22.715789852907307
2.0232301497015435,-5.344880578227077,-0.10514813974511072,0.2064579773339084,1.8730752340886219,spielt,21.815044437231823
-5.240334440706416,-1.9686161575578627,0.3211594398767142,0.0050351343454480765,2.0356657217081326,klima+wandel spiel+t,13.817226017562742
-7.353993650421833,-0.9878652345775896,0.5241128456024284,-0.07669579357043316,2.1196993099068093,gigantische,11.49246842125815
-7.353993650421833,-0.9878652345775896,0.5241128456024284,-0.07669579357043316,2.1196993099068093,der gigantisch+e,11.49246842125815
-8.457581845332113,-0.4777461556308982,0.6565199465948136,-0.12560304393726762,2.177989546362232,gigantisch+e flut+welle,10.280093126503756
-9.479523851621565,-0.008360757313478295,0.8047286756893578,-0.17558310341624922,2.24975084999365,nepal geh+t,9.159263836579807
-9.875751619814874,0.17210432231700867,0.8720673001138451,-0.19635991825191357,2.2859554362058114,geh+t experte+n,8.72556661337282
-10.54850230013292,0.47427949658284696,1.0075538163792825,-0.2337191404144672,2.3695302353717382,Gletschersturz,7.991473994698337
-10.54850230013292,0.47427949658284696,1.0075538163792825,-0.2337191404144672,2.3695302353717382,zufolge gletscher+sturz,7.991473994698337
-10.810834616843808,0.5892186091794649,1.0724172358154418,-0.24910844984228633,2.4165985684700235,gletscher+sturz zurück,7.7067219638658155
-10.996256182516433,0.6683681828929169,1.125735954067581,-0.2603245467472298,2.459835080246884,derzeitigem,7.506510535002005
-10.996256182516433,0.6683681828929169,1.125735954067581,-0.2603245467472298,2.459835080246884,nach derzeitig+em,7.506510535002005
-11.139912453885888,0.7275099805126533,1.1740980386619557,-0.2692480749562225,2.5032462250722833,Wissensstand,7.35247981188091
-11.139912453885888,0.7275099805126533,1.1740980386619557,-0.2692480749562225,2.5032462250722833,derzeitig+em wissen+s+stand,7.35247981188091
-11.2698917508447,0.7778425567420415,1.227261454047269,-0.2775497939937385,2.556221893756103,rekonstruiert,7.214673436170374
-11.2698917508447,0.7778425567420415,1.227261454047269,-0.2775497939937385,2.556221893756103,wissen+s+stand rekonstruier+t,7.214673436170374
-11.381621604285481,0.8154991173014206,1.2881248766964135,-0.284945803700663,2.6243845826317296,Niels,7.098932504183677
-11.381621604285481,0.8154991173014206,1.2881248766964135,-0.284945803700663,2.6243845826317296,rekonstruier+t niels,7.098932504183677
-11.41990728779312,0.8254364298910066,1.316462024041173,-0.28757573363375327,2.6590343900881783,Hovius,7.060695731152874
-11.41990728779312,0.8254364298910066,1.316462024041173,-0.28757573363375327,2.6590343900881783,niels hoviu+s,7.060695731152874
-11.471191596930929,0.8301111899074098,1.374840179557213,-0.2912936986751462,2.736429580859018,GFZ,7.0135866130117375
-11.471191596930929,0.8301111899074098,1.374840179557213,-0.2912936986751462,2.736429580859018,hoviu+s gfz,7.0135866130117375
-11.481697602427609,0.8255865698088751,1.3992816166561108,-0.292154861640869,2.7712372966719565,Helmholtz-Zentrum,7.006532389343366
-11.481697602427609,0.8255865698088751,1.3992816166561108,-0.292154861640869,2.7712372966719565,gfz helmholtz-zentrum,7.006532389343366
-11.202933070969465,0.5188475234220489,1.6502252174724046,-0.27441040102563524,3.2069320338903116,Geoforschung,7.393968516110684
-11.202933070969465,0.5188475234220489,1.6502252174724046,-0.27441040102563524,3.2069320338903116,helmholtz-zentrum geoforschung,7.393968516110684
-11.660389255886695,0.8708094274040534,1.5009228943485697,-0.30273369703609954,2.8826891355141524,fol…,6.827751675421954
-11.660389255886695,0.8708094274040534,1.5009228943485697,-0.30273369703609954,2.8826891355141524,geoforschung fol…,6.827751675421954
-11.752526005347931,0.93364557172533,1.4713861123736787,-0.3079892930753781,2.8155699440704742,+2036,6.717059060320397
-11.752526005347931,0.93364557172533,1.4713861123736787,-0.3079892930753781,2.8155699440704742,fol… +2036,6.717059060320397
-11.826533195576182,0.9816710852232675,1.4499737069944658,-0.31215259864185035,2.7646010252153603,+2036 chars,6.629220704620772
-5.770900085917269,-1.7712839799779578,-1.0125509347379618,0.05748635336727668,-0.14611599590309365,klima+wandel ein,13.218072247416146
0.5708426146689263,-4.739615542044177,-1.4192675376395756,0.24639286535718397,-0.3042281797762828,ein sommer,20.208602302982225
-8.065374432414655,-0.6924975549306049,-0.78565430397707,-0.036801025458379724,-0.06246062328452685,Brände,10.68870387028417
-8.065374432414655,-0.6924975549306049,-0.78565430397707,-0.036801025458379724,-0.06246062328452685,sommer brand+e,10.68870387028417
-8.942244907175256,-0.2794548472700473,-0.6800455894756028,-0.07824745144916864,-0.024421917857713082,brand+e katastrophe+n,9.722180782742345
-5.770900085917269,-1.7712839799779578,-1.0125509347379618,0.05748635336727668,-0.14611599590309365,katastrophe+n ein,13.218072247416146
-6.781753579745285,-1.2963758424280485,-0.9201651085294912,0.018219940162242716,-0.11172166441641135,endet,12.103709569871079
-6.781753579745285,-1.2963758424280485,-0.9201651085294912,0.018219940162242716,-0.11172166441641135,sommer end+et,12.103709569871079
2.5620245486976536,-5.668504944367587,-1.5068394087359656,0.2912938820239099,-0.340202785202499,end+et klima+wandel,22.403134250984426
-6.220726540717283,-1.5600206982230667,-0.9727457495201812,0.040418095869129596,-0.1312385592151292,klima+wandel europa,12.722183156726262
-7.964405018940706,-0.7400319368478474,-0.7970390533744114,-0.03224139429112905,-0.06659409692873425,Gesicht,10.800003375700031
-7.964405018940706,-0.7400319368478474,-0.7970390533744114,-0.03224139429112905,-0.06659409692873425,europa gesicht,10.800003375700031
-8.664608392516705,-0.4102765378723836,-0.7148612717558965,-0.06475334043021358,-0.036901874509867955,gezeigt,10.028189676169372
-8.664608392516705,-0.4102765378723836,-0.7148612717558965,-0.06475334043021358,-0.036901874509867955,gesicht ge+zeig+t,10.028189676169372
-9.59296430694281,0.027302739391618758,-0.5928005380311732,-0.11133058804723725,0.0065974983490126315,ge+zeig+t nie,9.005033691590317
-9.76640920680107,0.10909552150289592,-0.5680826190509192,-0.12051298076914951,0.015320633990479032,zuvor,8.813904488964747
-9.76640920680107,0.10909552150289592,-0.5680826190509192,-0.12051298076914951,0.015320633990479032,nie zuvor,8.813904488964747
-10.261850293008447,0.3427820688823586,-0.49367158141171574,-0.1476454475906061,0.04140975394240373,zuvor passier+t,8.268015671540505
-10.815828449711976,0.6041144632863169,-0.40298506407351287,-0.17966990481562864,0.07286231572467677,der drama,7.657784910526294
-11.010558640610634,0.6959679335343334,-0.3689911466239763,-0.1913768227712191,0.08455641002165512,drama erderwärmung,7.443332671353662
-11.425837554743962,0.8917988337306344,-0.2923511529252761,-0.21716988315101662,0.110731129029816,erderwärmung immer,6.9861114052457145
-8.122700202654842,-0.6655072302333007,-0.7791235530140109,-0.039408546193892474,-0.06009242199559951,Rückkehr,10.62551365274893
-11.629828124953391,0.9879470598044522,-0.2524466214892577,-0.23026807212268902,0.12425630888858127,immer rückkehr,6.761588629861263
-11.803075728810228,1.0695686160544753,-0.21727945353554254,-0.241621713411802,0.13611760135496517,trügerische,6.570947152204942
-11.803075728810228,1.0695686160544753,-0.21727945353554254,-0.241621713411802,0.13611760135496517,rückkehr trügerisch+e,6.570947152204942
-11.91082267700172,1.1203098983999271,-0.19478239659012153,-0.24879127794408026,0.14367702047353417,Normalität,6.4524054518852605
-11.91082267700172,1.1203098983999271,-0.19478239659012153,-0.24879127794408026,0.14367702047353417,trügerisch+e normalität,6.4524054518852605
-9.054270546788548,-0.2266579395491144,-0.6656074898099662,-0.08379462565864262,-0.019263572431815507,erlaubt,9.598711454175456
-12.000860876982205,1.1626969104999163,-0.17559814932884862,-0.2548472209828518,0.1501058067833891,normalität erlaub+t,6.353361454194395
-12.09092461396077,1.205080797165925,-0.15604556493016905,-0.2609644824785861,0.1566415359738799,Film,6.254303843180973
-12.12621759741043,1.2216851099428556,-0.1482819138539348,-0.26337801630301605,0.15923204190595028,The,6.215490630258387
-12.12621759741043,1.2216851099428556,-0.1482819138539348,-0.26337801630301605,0.15923204190595028,film the,6.215490630258387
-12.153583062767785,1.2345578908786177,-0.14222198614389417,-0.2652558045926338,0.16125224927536277,Day,6.185397330893537
-12.153583062767785,1.2345578908786177,-0.14222198614389417,-0.2652558045926338,0.16125224927536277,the day,6.185397330893537
-12.18021428854248,1.2470836591125836,-0.136290600569534,-0.2670885793186727,0.16322806487168048,After,6.1561129036234155
-12.18021428854248,1.2470836591125836,-0.136290600569534,-0.2670885793186727,0.16322806487168048,day after,6.1561129036234155
-12.218855701589025,1.265255355867411,-0.12762384186080158,-0.26975734753087727,0.16611233100253855,Tomorrow,6.113624335831228
-12.218855701589025,1.265255355867411,-0.12762384186080158,-0.26975734753087727,0.16611233100253855,after tomorrow,6.113624335831228
-12.27407938279655,1.2912187205271812,-0.11511178945116374,-0.273590858173022,0.17027057817187988,tomorrow komm+t,6.052908057844613
-12.364982803303231,1.3339392384533424,-0.09418482529977086,-0.2799514057071088,0.1772103694529513,komm+t erst+en,5.952978084705973
-12.402130163864607,1.3513900299262533,-0.08551174129599048,-0.28256870264518674,0.1800810233613949,erst+en minute+n,5.912147611061318
-12.48650927081281,1.3910130415529225,-0.06554209758303278,-0.28855301860397276,0.18667842314229752,Wortwechsel,5.819415097155737
-12.48650927081281,1.3910130415529225,-0.06554209758303278,-0.28855301860397276,0.18667842314229752,minute+n wort+wechsel,5.819415097155737
-12.605946192565485,1.4470570192827532,-0.036616024289433016,-0.297117318534968,0.19620463417441683,Klimawissenschaftler,5.688186210898279
-12.605946192565485,1.4470570192827532,-0.036616024289433016,-0.297117318534968,0.19620463417441683,wort+wechsel klima+wissenschaftler,5.688186210898279
-12.725211684204705,1.5029654004173483,-0.006925773471063726,-0.3057795677426403,0.20594564229092763,klima+wissenschaftler politiker,5.557186707807223
-12.777271641301212,1.5273503651740157,0.006296858284779508,-0.3095953945768929,0.21027187202747508,Klimaabkommen,5.500018724299668
-12.777271641301212,1.5273503651740157,0.006296858284779508,-0.3095953945768929,0.21027187202747508,der klima+abkommen,5.500018724299668
-12.822996536945023,1.5487574643050395,0.018046188797339338,-0.31296433550794484,0.21410990789440074,umzusetzen,5.449814803286321
-12.822996536945023,1.5487574643050395,0.018046188797339338,-0.31296433550794484,0.21410990789440074,klima+abkommen um+zu+setz+en,5.449814803286321
-12.889880619982986,1.5800518353729651,0.03546655221794438,-0.31792170307912737,0.21978982396007699,Weltwirtschaft,5.376392117510488
-12.889880619982986,1.5800518353729651,0.03546655221794438,-0.31792170307912737,0.21978982396007699,um+zu+setz+en welt+wirtschaft,5.376392117510488
-12.932371331463116,1.599920454750639,0.04668115727177487,-0.3210892558445573,0.2234396630287341,Hund…,5.329755948368963
-12.932371331463116,1.599920454750639,0.04668115727177487,-0.3210892558445573,0.2234396630287341,welt+wirtschaft hund…,5.329755948368963
-12.951414317561834,1.608821670389918,0.051745106511437364,-0.32251344213883953,0.2250860346553333,+7831,5.308857308795066
-12.951414317561834,1.608821670389918,0.051745106511437364,-0.32251344213883953,0.2250860346553333,hund… +7831,5.308857308795066
-12.966870768958291,1.6160651962476384,0.05583496806428971,-0.32366230304208365,0.22634039073684944,+7831 chars,5.291885553509428
-12.365134049591113,1.3374529479687252,-0.1144481195242463,-0.27548184406337356,0.1317619728888805,mögliche,5.950474635465035
-12.365134049591113,1.3374529479687252,-0.1144481195242463,-0.27548184406337356,0.1317619728888805,experte+n möglich+e,5.950474635465035
-12.054867355285538,1.1861165206087843,-0.20277580956931834,-0.24988066509791246,0.06716895411413071,möglich+e ursache+n,6.2930724240707585
-12.302658299350636,1.3078022974623713,-0.1275636643559787,-0.27152466186562885,0.13011981146701604,ursache+n wie,6.019334813185664
-12.325580564426332,1.318585627611513,-0.11942889292038873,-0.27377632939059493,0.13828819972297232,wie komm,5.994258841366558
-12.340773223736957,1.3253170419893228,-0.11125441301321494,-0.27589041053321534,0.14991626141959033,tödlichen,5.977935458965261
-12.340773223736957,1.3253170419893228,-0.11125441301321494,-0.27589041053321534,0.14991626141959033,komm tödlich+en,5.977935458965261
-12.327024383407462,1.3184246687030519,-0.11195594942119204,-0.27547761713235114,0.15441157085283672,tödlich+en sturz+flut,5.993339029167119
-0.5290348233331059,-4.22751347397725,-1.3667380430985754,0.21904803042351828,-0.2865399613369033,Himalaya,18.996873296308983
-0.5290348233331059,-4.22751347397725,-1.3667380430985754,0.21904803042351828,-0.2865399613369033,sturz+flut himalaya,18.996873296308983
-9.345950666873147,-0.0897514153731147,-0.6302470674706319,-0.09832942902499084,-0.012181344227130075,ein gewaltig+e,9.277356535714214
-9.37681047329015,-0.0750851050082324,-0.6254969550663723,-0.09994361009657096,-0.009576645965128278,Flut,9.243321273706412
-9.37681047329015,-0.0750851050082324,-0.6254969550663723,-0.09994361009657096,-0.009576645965128278,gewaltig+e flut,9.243321273706412
-9.395339832781948,-0.06626370545202187,-0.6225318874759063,-0.10092163859145478,-0.007801566941164351,flut wasser,9.222883414595584
-8.571742214256744,-0.4544309186366897,-0.7279001874436607,-0.06025512150190297,-0.044324145174445495,Schlamm,10.130648846584053
-12.072339277686584,1.1970240197011695,-0.16286436677685556,-0.2592155764791473,0.14930125411886971,wasser schlamm,6.274336865290827
-12.021295723184128,1.1728635318416112,-0.17346000417005458,-0.2558426491933156,0.14667077393128894,rast,6.330557255632144
-12.021295723184128,1.1728635318416112,-0.17346000417005458,-0.2558426491933156,0.14667077393128894,schlamm ras+t,6.330557255632144
-11.944652883462709,1.136617456403668,-0.18926869616694159,-0.2507866825797666,0.14251543298983418,ras+t nepal,6.414959756507274
-11.867922046869012,1.1003561322081459,-0.2049383736037612,-0.24574447587482576,0.13820198115142543,verwüstet,6.499449457756104
-11.867922046869012,1.1003561322081459,-0.2049383736037612,-0.24574447587482576,0.13820198115142543,nepal verwüst+et,6.499449457756104
-11.783700439863802,1.0605757918457455,-0.22193095029215268,-0.24023991557854615,0.13336586334175868,verwüst+et ganz+e,6.59218147023958
-11.60759137038248,0.9774680976450747,-0.25687372929055435,-0.22882618371849997,0.12275926213404406,genaue,6.786060984214128
-11.60759137038248,0.9774680976450747,-0.25687372929055435,-0.22882618371849997,0.12275926213404406,der genau+e,6.786060984214128
-11.526232703484236,0.9391237641580088,-0.27290863981844155,-0.22358015049088378,0.11732974150748629,Auslöser,6.8756046774685675
-11.526232703484236,0.9391237641580088,-0.27290863981844155,-0.22358015049088378,0.11732974150748629,genau+e auslöser,6.8756046774685675
-11.3585707328916,0.8600854436413314,-0.3051711457148214,-0.21291353396636176,0.10637096921451497,auslöser katastrophe,7.060159831364213
-11.02857488985755,0.7044655499253585,-0.36578597525596485,-0.19247221350408844,0.08565632674396512,unklar,7.423493360367269
-11.02857488985755,0.7044655499253585,-0.36578597525596485,-0.19247221350408844,0.08565632674396512,katastrophe un+klar,7.423493360367269
-10.684352886715189,0.542093496089787,-0.42528770346914746,-0.17190088039119164,0.06516177614838445,äußern,7.802592747980309
-10.684352886715189,0.542093496089787,-0.42528770346914746,-0.17190088039119164,0.06516177614838445,forscher äußer+n,7.802592747980309
-10.514017434728686,0.461738895750726,-0.4534425396271188,-0.16199363522192645,0.05540844243407203,äußer+n jedoch,7.990218802379522
-10.321592892773992,0.370964404272073,-0.48429186186207746,-0.15101101174434348,0.044680270297005,Vermutungen,8.202197737805196
-10.321592892773992,0.370964404272073,-0.48429186186207746,-0.15101101174434348,0.044680270297005,jedoch vermutung+en,8.202197737805196
-9.546770636237378,0.005520635801607554,-0.5992744235492485,-0.10891169327907652,0.004308095275317364,eigentliche,9.055938973783109
-9.546770636237378,0.005520635801607554,-0.5992744235492485,-0.10891169327907652,0.004308095275317364,vermutung+en eigentlich+e,9.055938973783109
-8.876388380652445,-0.310489753175057,-0.6884268779044486,-0.07501418960186307,-0.027420914325241255,Ursache,9.794765978028545
-8.876388380652445,-0.310489753175057,-0.6884268779044486,-0.07501418960186307,-0.027420914325241255,eigentlich+e ursache,9.794765978028545
-7.098436539746665,-1.147478674856269,-0.8889230838792388,0.00521559738111662,-0.10019610129466691,möglichen,11.754603569057288
-7.098436539746665,-1.147478674856269,-0.8889230838792388,0.00521559738111662,-0.10019610129466691,ursache möglich+en,11.754603569057288
-4.9322258145046,-2.1648842823916477,-1.081749064697842,0.0877109704941296,-0.1721992251350429,möglich+en rolle,14.14262418136163
2.5620245486976536,-5.668504944367587,-1.5068394087359656,0.2912938820239099,-0.340202785202499,rolle klima+wandel+s,22.403134250984426
-6.781753579745285,-1.2963758424280485,-0.9201651085294912,0.018219940162242716,-0.11172166441641135,Ort,12.103709569871079
-6.781753579745285,-1.2963758424280485,-0.9201651085294912,0.018219940162242716,-0.11172166441641135,der ort,12.103709569871079
-7.379520025591368,-1.0152723133525319,-0.8601761971861059,-0.006629362105304397,-0.08963655513798867,Bidur,11.444745631671102
-7.379520025591368,-1.0152723133525319,-0.8601761971861059,-0.006629362105304397,-0.08963655513798867,ort bidur,11.444745631671102
-8.343092224154818,-0.5617247855868328,-0.7535510035585015,-0.04956230890017632,-0.05083962311340515,Distrikt,10.38257918725887
-8.343092224154818,-0.5617247855868328,-0.7535510035585015,-0.04956230890017632,-0.05083962311340515,bidur distrikt,10.38257918725887
-9.005952806511237,-0.2494304879224316,-0.6718630418932591,-0.08139473463548323,-0.021497287764548734,Nuwakot,9.651964625280595
-9.005952806511237,-0.2494304879224316,-0.6718630418932591,-0.08139473463548323,-0.021497287764548734,distrikt nuwakot,9.651964625280595
-9.59296430694281,0.027302739391618758,-0.5928005380311732,-0.11133058804723725,0.0065974983490126315,nuwakot nepal,9.005033691590317
-9.88585607977611,0.1654297404835563,-0.5506719363179257,-0.1269301716273108,0.021447908737411814,Gebäude,8.68228539120584
-9.88585607977611,0.1654297404835563,-0.5506719363179257,-0.1269301716273108,0.021447908737411814,nepal gebäude,8.68228539120584
-10.29200928880679,0.3570088944711092,-0.488948040709087,-0.14934184587010707,0.04305725958168424,Straßen,8.234789514524573
-10.29200928880679,0.3570088944711092,-0.488948040709087,-0.14934184587010707,0.04305725958168424,gebäude straße+n,8.234789514524573
-10.514017434728686,0.461738895750726,-0.4534425396271188,-0.16199363522192645,0.05540844243407203,straße+n werd+en,7.990218802379522
-10.684352886715189,0.542093496089787,-0.42528770346914746,-0.17190088039119164,0.06516177614838445,werd+en infolge,7.802592747980309
-10.935971992088628,0.6607869344893489,-0.3821508153351525,-0.18686419635538787,0.08003557932828362,Sturzfluten,7.5254697011231615
-10.935971992088628,0.6607869344893489,-0.3821508153351525,-0.18686419635538787,0.08003557932828362,infolge sturz+flut+en,7.5254697011231615
-11.242697419695318,0.8054486537060894,-0.3268775575113985,-0.20565340388501724,0.09897182026962101,sturz+flut+en schlamm,7.1877267581107365
-11.412677746137911,0.8855948334847037,-0.294872100714628,-0.21633475967211746,0.10987431521321225,Trümmern,7.000597531717083
-11.412677746137911,0.8855948334847037,-0.294872100714628,-0.21633475967211746,0.10987431521321225,schlamm trümmer+n,7.000597531717083
-11.526232703484236,0.9391237641580088,-0.27290863981844155,-0.22358015049088378,0.11732974150748629,begraben,6.8756046774685675
-11.526232703484236,0.9391237641580088,-0.27290863981844155,-0.22358015049088378,0.11732974150748629,trümmer+n begrab+en,6.8756046774685675
-11.714689118741559,1.0279321140662887,-0.23537231323867558,-0.235802713368155,0.13002197656756317,IMAGO/ZUMA,6.668202275365865
-11.714689118741559,1.0279321140662887,-0.23537231323867558,-0.235802713368155,0.13002197656756317,foto imago/zuma,6.668202275365865
-11.821792820994073,1.0783843270517948,-0.21340663920021474,-0.24286114769894196,0.13742051619601567,Press,6.550353544300284
-11.821792820994073,1.0783843270517948,-0.21340663920021474,-0.24286114769894196,0.13742051619601567,imago/zuma press,6.550353544300284
-11.893596105312334,1.1121986128668722,-0.1984124731239947,-0.24763936378307416,0.14245874701742464,press ein,6.471356627780644
-12.160308384996696,1.2377212417773475,-0.14072728612577612,-0.26571814432502605,0.16175029523074533,Schlam…,6.178001846404023
-12.160308384996696,1.2377212417773475,-0.14072728612577612,-0.26571814432502605,0.16175029523074533,wasser schlam…,6.178001846404023
-12.218855701589025,1.265255355867411,-0.12762384186080158,-0.26975734753087727,0.16611233100253855,+4531,6.113624335831228
-12.218855701589025,1.265255355867411,-0.12762384186080158,-0.26975734753087727,0.16611233100253855,schlam… +4531,6.113624335831228
-12.256020894182917,1.2827293910158564,-0.11921979548501187,-0.27233474695831406,0.1689060704623769,+4531 chars,6.072761934234146
-14.432311468357643,1.7440706939676023,1.2876808411093437,0.9874810731782158,-0.1503178134725254,RWE-Chef,3.923455701280992
-14.212527913644436,1.5048304977709686,1.281032075329339,1.1732769296761214,-0.2574140556946605,Krebber,4.221275925370839
-14.798245272009906,2.1530925883397978,1.2671492844007226,0.5849271943730346,0.06176631168808372,rwe+-+chef krebber,3.423104086799154
-14.76894091984001,2.120222051660797,1.2712093549294565,0.6231996325117463,0.042795142918450324,krebber der,3.4632318833234113
-14.755536544452124,2.1051701404990792,1.2728766088298413,0.6402711897918073,0.03425206962913979,der strom,3.4815927360503673
-14.712000420102813,2.0562482759729654,1.277541668605408,0.6939538851541682,0.007062129700912245,strom weltweit,3.5412372399366987
-14.628174277039951,1.962108037733654,1.2837281743875153,0.7904532032528122,-0.0430567687978817,billiger,3.656042227082385
-14.628174277039951,1.962108037733654,1.2837281743875153,0.7904532032528122,-0.0430567687978817,weltweit billig+er,3.656042227082385
-14.543103084497297,1.8669626725535433,1.286966118539916,0.8804054210051118,-0.09120934102606501,billig+er der,3.772377777536877
-14.497198038750533,1.8158835334519874,1.2876848476865863,0.926044379738845,-0.11616657090360154,Diskussion,3.8350420213044734
-14.497198038750533,1.8158835334519874,1.2876848476865863,0.926044379738845,-0.11616657090360154,der diskussion,3.8350420213044734
-14.29636679704971,1.595313872926341,1.28457199680036,1.106043436693347,-0.21800449742292552,diskussion rund,4.107988845177629
-13.472234209388764,0.7490658288933632,1.2240757945552514,1.6375544660220496,-0.5487067886764492,rund energie+wende,5.203981930706881
-14.3220387002612,1.6232169065932656,1.2854326259325262,1.0846096058052654,-0.2055959469482368,hält,4.073219066401459
-14.3220387002612,1.6232169065932656,1.2854326259325262,1.0846096058052654,-0.2055959469482368,energie+wende halt,4.073219066401459
-14.820571635594574,2.1780887723290165,1.2636454969743185,0.5548464879382022,0.07650110365542712,halt rwe+-+chef,3.392548569891578
-14.356861910422118,1.6612098176795596,1.2864102548791334,1.054852707033576,-0.18849434224371825,Markus,4.025995909704457
-14.543103084497297,1.8669626725535433,1.286966118539916,0.8804054210051118,-0.09120934102606501,rwe+-+chef markus,3.772377777536877
-14.601542397276987,1.932265129395463,1.2850358051136264,0.8194146387560775,-0.05840953830510577,markus krebber,3.6924862165773993
-14.68277993813296,2.0234098928141897,1.280085074246118,0.7285648715649741,-0.0107302091179165,überideologisiert,3.581267570012214
-14.68277993813296,2.0234098928141897,1.280085074246118,0.7285648715649741,-0.0107302091179165,krebber überideologisiert,3.581267570012214
-14.772126646799185,2.1237980819276228,1.2707960722952056,0.6191030032474696,0.04483777777109141,deren,3.4588686051235804
-14.772126646799185,2.1237980819276228,1.2707960722952056,0.6191030032474696,0.04483777777109141,überideologisiert der,3.4588686051235804
-14.79001244248379,2.1438639074999273,1.2683496518826982,0.5958149171059639,0.0563949218848612,Sinnhaftigkeit,3.434375538888018
-14.79001244248379,2.1438639074999273,1.2683496518826982,0.5958149171059639,0.0563949218848612,der sinnhaftigkeit,3.434375538888018
-14.827327512626555,2.185642082568595,1.2625106774236075,0.5455796078468822,0.08100927919852621,glaubt,3.383306427206297
-14.827327512626555,2.185642082568595,1.2625106774236075,0.5455796078468822,0.08100927919852621,sinnhaftigkeit glaub+t,3.383306427206297
-14.849698787451274,2.2106115577817356,1.2584908753229438,0.5143242864430202,0.09610651898163292,Entscheidend,3.3527180065459206
-14.872203628761115,2.235651143359398,1.2540165250685993,0.4819614030997559,0.1115637026095053,entscheid+end sei,3.321976721063402
-14.878433791465287,2.242566518428597,1.252696980504906,0.47283175050445025,0.11589209213037108,sei dafür,3.3134726733844957
-14.88725692979991,2.252346344445783,1.2507655960980777,0.4597717987266745,0.12205932614584405,dafür weniger,3.3014344937405893
-14.903267179944269,2.270047651295936,1.2470664918952128,0.4356719531355004,0.13336425567735136,weniger politisch+e,3.2796074976020915
-14.916330946583816,2.2844435444511877,1.2438539413630014,0.4156107165963794,0.14270012402262547,politisch+e wille,3.2618158016009433
-14.93114078053027,2.3007052419986733,1.239989673991121,0.39241979830028867,0.15340827652878422,Ökonomie,3.2416685802950385
-14.93114078053027,2.3007052419986733,1.239989673991121,0.39241979830028867,0.15340827652878422,wille ökonomie,3.2416685802950385
-14.952815722951105,2.324378169298096,1.2338820873164869,0.35758011207726703,0.16932621525292177,oft,3.2122311473052383
-14.956053789466347,2.3279004464207915,1.2329212891680617,0.35228025405467756,0.17172996884284655,gehört,3.2078389548672375
-14.956053789466347,2.3279004464207915,1.2329212891680617,0.35228025405467756,0.17172996884284655,oft gehör+t,3.2078389548672375
-14.962255943111003,2.334635813611719,1.231044528548753,0.34205792957809444,0.1763531481468734,gehör+t man,3.199430532744988
-14.965228701556953,2.337858792695609,1.2301277322965436,0.33712477685275943,0.17857803765521477,man müss+e,3.195402365162362
-14.972317474395691,2.34552968798626,1.2278955527303843,0.3252723695404648,0.18390711484101627,Erzeugungskapazitäten,3.1858025403026513
-14.972317474395691,2.34552968798626,1.2278955527303843,0.3252723695404648,0.18390711484101627,müss+e erzeugung+s+kapazität+en,3.1858025403026513
-14.988767035627268,2.3632460462891016,1.2224576232913433,0.29727355945257794,0.19640398025459524,erzeugung+s+kapazität+en erneuer+bar+e,3.1635587473186995
-15.005894295837471,2.381555324994576,1.216392223086326,0.2673560903776316,0.20961517052156267,zügig,3.1404519138302414
-15.005894295837471,2.381555324994576,1.216392223086326,0.2673560903776316,0.20961517052156267,energie+n zügig,3.1404519138302414
-15.008794585873003,2.3846407733482193,1.2153224665941436,0.262209843924509,0.2118729723899336,ausbauen,3.1365449105161956
-15.008794585873003,2.3846407733482193,1.2153224665941436,0.262209843924509,0.2118729723899336,zügig aus+bau+en,3.1365449105161956
-15.022088550796719,2.398723622028951,1.2102541301698844,0.2383143051204865,0.22230028993118003,Strompreis,3.1186598744989
-15.022088550796719,2.398723622028951,1.2102541301698844,0.2383143051204865,0.22230028993118003,aus+bau+en strom+preis,3.1186598744989
-15.027690627036094,2.404627292200606,1.2080349404446882,0.22809049334878417,0.22673345070666487,strom+preis deutschland,3.11113517719813
-15.034772913323053,2.4120631876411993,1.2051562125183999,0.21503091283973425,0.23237174496968885,deutschland sink+en,3.1016330909061036
-15.040659120905904,2.4182188203288275,1.202699962703873,0.204060495766107,0.23708690945017727,doch markus,3.093745322900072
-15.046481710110292,2.424285185454511,1.20021197060963,0.19310267509129567,0.24177743552461275,+4959,3.08595171055049
-15.046481710110292,2.424285185454511,1.20021197060963,0.19310267509129567,0.24177743552461275,krebber +4959,3.08595171055049
-15.04833699102926,2.426213253719828,1.1994068127480781,0.18958867424967157,0.2432775550007603,+4959 chars,3.083470307603535
-13.497359731137408,0.7735111236829422,1.2263824080664742,1.6245744337490744,-0.5401334615504936,Tesvolt,5.171118645463892
-14.345628120508199,1.6489356990603303,1.2861198101538676,1.0645402137479116,-0.19404580924211495,energie+wende tesvolt,4.041237189719227
-13.970359906451137,1.2491542460860847,1.2661212390670016,1.347293308499656,-0.3627686247959502,investiert,4.546180482811548
-13.970359906451137,1.2491542460860847,1.2661212390670016,1.347293308499656,-0.3627686247959502,tesvolt investier+t,4.546180482811548
-14.16225764474332,1.4510572006873228,1.278443380571512,1.2117134546610355,-0.2802722189357696,investier+t million+en,4.289006441777872
-14.05851585220155,1.3412433970518283,1.2722010602436309,1.2870551737345195,-0.3257600798119258,neues,4.428307733890937
-14.310062503423344,1.6101885921068906,1.285045304084672,1.0946605571967927,-0.21140528959791569,euro neu+es,4.089444146772702
-11.387465556014375,0.7143420240111271,0.3452847293768051,0.9032216992567526,-0.25329645635424786,Zentrum,7.100686688688827
-14.316780624657785,1.6174944879369861,1.2852656817420558,1.0890337001277106,-0.20815098064148052,neu+es zentrum,4.080343582323177
-14.671913343037353,2.0112019246157544,1.2809206009733007,0.7411623819777445,-0.017257157931693218,zentrum hier,3.596151954975695
-14.589847870751022,1.91917555107146,1.2855214828083736,0.8318942872711537,-0.06506930049180991,sie tesvolt,3.7084829039989637
-14.833784001356864,2.1928554432317013,1.2613924634173004,0.5366498563985134,0.08533959165278615,Batteriespeicher-Hersteller,3.3744757940838905
-14.833784001356864,2.1928554432317013,1.2613924634173004,0.5366498563985134,0.08533959165278615,der batterie+speicher+-+hersteller,3.3744757940838905
-14.882920114342513,2.247541362725247,1.2517242165338132,0.4662104287695483,0.11902244959481709,batterie+speicher+-+hersteller tesvolt,3.30735079937721
-14.91174013656817,2.2793898218109536,1.245003350895532,0.42270205854279885,0.13940776706414623,Unternehmenssitz,3.2680660722674464
-14.91174013656817,2.2793898218109536,1.245003350895532,0.42270205854279885,0.13940776706414623,tesvolt unternehmen+s+sitz,3.2680660722674464
-14.933112341854171,2.302865036388761,1.2394567790989033,0.38929558784135665,0.15484396517571905,Wittenberg,3.2389884265956956
-14.933112341854171,2.302865036388761,1.2394567790989033,0.38929558784135665,0.15484396517571905,unternehmen+s+sitz wittenberg,3.2389884265956956
-14.946911062028832,2.3179453279492783,1.2356011247193854,0.36717991563075286,0.16496033472478647,wittenberg neu+es,3.2202442190582365
-14.951991146120857,2.323480594954416,1.2341246955459795,0.3589257006422905,0.1687151802369836,Logistik-,3.213349865057336
-14.951991146120857,2.323480594954416,1.2341246955459795,0.3589257006422905,0.1687151802369836,neu+es logistik+-,3.213349865057336
-14.963006864622049,2.335450274012733,1.2308140088886068,0.34081387239227195,0.17691460729040734,Technologiezentrum,3.1984128846106668
-14.963006864622049,2.335450274012733,1.2308140088886068,0.34081387239227195,0.17691460729040734,logistik+- technologie+zentrum,3.1984128846106668
-14.976352739520696,2.349886862755749,1.2265954258515366,0.3184686953533489,0.1869557047278206,technologie+zentrum eröffn+et,3.18034154441247
-14.987591530337289,2.3619841144397817,1.2228585313108116,0.29929785044964236,0.19550478818844444,Unternehmen,3.165146718746688
-14.987591530337289,2.3619841144397817,1.2228585313108116,0.29929785044964236,0.19550478818844444,wie unternehmen,3.165146718746688
-14.994446129923668,2.369333339600609,1.220493328653131,0.2874418425304994,0.20076168714501066,mitteilte,3.1558905907683403
-14.994446129923668,2.369333339600609,1.220493328653131,0.2874418425304994,0.20076168714501066,unternehmen mit+teil+te,3.1558905907683403
-15.000338355792255,2.375632241638955,1.2184064950325277,0.2771489726055643,0.20530684713656086,flossen,3.147941221764266
-15.000338355792255,2.375632241638955,1.2184064950325277,0.2771489726055643,0.20530684713656086,mit+teil+te fließ+en,3.147941221764266
-15.005894295837471,2.381555324994576,1.216392223086326,0.2673560903776316,0.20961517052156267,fließ+en million+en,3.1404519138302414
-15.016120104983424,2.392413420948631,1.2125635397993346,0.2491053836544045,0.217602835994512,+1689,3.126684669490115
-15.016120104983424,2.392413420948631,1.2125635397993346,0.2491053836544045,0.217602835994512,euro +1689,3.126684669490115
-15.018725488989912,2.39517053333277,1.2115623088712273,0.24440753725763464,0.21965016682040187,+1689 chars,3.1231806407479485
-14.46510106302096,1.7803002418232396,1.2878215060452918,0.9568643054193738,-0.13321929422503034,Sila,3.878802033323053
-14.439256428624518,1.7517336129899181,1.2877330346223688,0.9810671426643793,-0.14672281006236107,Atlantik,3.9140023042067753
-14.439256428624518,1.7517336129899181,1.2877330346223688,0.9810671426643793,-0.14672281006236107,sila atlantik,3.9140023042067753
-14.96953853796799,2.342525032998915,1.2287784057189979,0.3299337788254535,0.1818140219046552,Positive,3.1895648920256328
-14.96953853796799,2.342525032998915,1.2287784057189979,0.3299337788254535,0.1818140219046552,atlantik positiv+e,3.1895648920256328
-14.963006864622049,2.335450274012733,1.2308140088886068,0.34081387239227195,0.17691460729040734,Stimmung,3.1984128846106668
-14.963006864622049,2.335450274012733,1.2308140088886068,0.34081387239227195,0.17691460729040734,positiv+e stimmung,3.1984128846106668
-14.952815722951105,2.324378169298096,1.2338820873164869,0.35758011207726703,0.16932621525292177,Import,3.2122311473052383
-14.952815722951105,2.324378169298096,1.2338820873164869,0.35758011207726703,0.16932621525292177,stimmung import,3.2122311473052383
-14.943391787347796,2.314105339643139,1.2366057409619866,0.3728623576728953,0.16236880037791526,Wüstenstrom,3.2250224308595348
-14.943391787347796,2.314105339643139,1.2366057409619866,0.3728623576728953,0.16236880037791526,import wüste+n+strom,3.2250224308595348
-14.622860216238362,1.9561497735931452,1.2840122083725716,0.7962935297856413,-0.046141247939522984,Marokko,3.663315699787505
-14.928119583010151,2.29739322826381,1.240797738987456,0.3971902904490055,0.15121291244821108,wüste+n+strom marokko,3.2457765320914405
-14.919663176256092,2.2881080803791862,1.2430054790498188,0.4104348880743157,0.14509781991978762,marokko ein,3.2572804802026596
-14.915199424656775,2.2831984677555193,1.2441393316734009,0.4173627804171477,0.141887464141523,Unterseekabel,3.2633561312081767
-14.915199424656775,2.2831984677555193,1.2441393316734009,0.4173627804171477,0.141887464141523,ein untersee+kabel,3.2633561312081767
-14.891452609418982,2.2569909953185237,1.249820814959402,0.4535067812104613,0.12500759203805825,untersee+kabel künftig,3.295712240036803
-14.87994638998206,2.244244294573525,1.2523711355585496,0.47060375519346975,0.11694624787155458,künftig öko+strom,3.311408457258393
-14.928119583010151,2.29739322826381,1.240797738987456,0.3971902904490055,0.15121291244821108,öko+strom marokko,3.2457765320914405
-14.843938537582924,2.204189086866976,1.259565401295503,0.5224572368587397,0.09219407427681339,direkt,3.3605915015170362
-14.843938537582924,2.204189086866976,1.259565401295503,0.5224572368587397,0.09219407427681339,marokko direkt,3.3605915015170362
-14.818248959196051,2.1754907228595455,1.2640274659004533,0.55801450138532,0.07495655924856373,direkt deutschland,3.3957264764758746
-14.787168480783587,2.140674730385375,1.268753248256177,0.5995510544036872,0.05454704766192103,deutschland liefer+n,3.4382695992087013
-14.744719552333256,2.0930186171001326,1.2741400187396932,0.6538564754162521,0.02741792360125528,Vorhaben,3.496411089759129
-14.744719552333256,2.0930186171001326,1.2741400187396932,0.6538564754162521,0.02741792360125528,der vorhaben,3.496411089759129
-14.707445729505736,2.05112908823049,1.2779676267750066,0.699421213931876,0.004265226270824263,vorhaben sila,3.547477274872752
-14.628174277039951,1.962108037733654,1.2837281743875153,0.7904532032528122,-0.0430567687978817,verspricht,3.656042227082385
-14.628174277039951,1.962108037733654,1.2837281743875153,0.7904532032528122,-0.0430567687978817,atlantik versprech+t,3.656042227082385
-14.532450659683724,1.855091080135919,1.2871913428310553,0.8911664915239674,-0.0970621275628955,versprech+t enorm+e,3.7869270179545076
-14.440405665739402,1.753002215326711,1.2877405368713668,0.9800021608093983,-0.14612655582031386,Erträge,3.9124377443586873
-14.440405665739402,1.753002215326711,1.2877405368713668,0.9800021608093983,-0.14612655582031386,enorm+e ertrag+e,3.9124377443586873
-14.881371714379517,2.0613695548188726,2.2941079087450946,-1.6553032346404413,-0.7588570159589866,E-Auto-Verkäufe,3.4131600507282185
-14.830128514466011,1.9886411024175543,2.332971715184507,-1.6957903159984813,-0.8258110872926948,e+-+auto+-+verkauf+e steig+en,3.4906635566773323
-14.794171801148254,1.9381763498843572,2.3568528482222284,-1.7213633930795191,-0.8698886003432107,steig+en weltweit,3.544742310291759
-14.7310894792895,1.850801020536321,2.3932327798367523,-1.7615643440025783,-0.942300291270052,weltweit der,3.639024958218174
-14.696438325668982,1.803436935594581,2.4106904582215893,-1.7814911093828183,-0.9797430716410684,Irankrieg,3.6905016105206236
-14.696438325668982,1.803436935594581,2.4106904582215893,-1.7814911093828183,-0.9797430716410684,der irankrieg,3.6905016105206236
-14.559067164066608,1.619987997092919,2.466409229144244,-1.8487843061391849,-1.114947907621341,irankrieg treib+t,3.8925123872517817
-14.021754175866601,0.9604534358751566,2.5725925551157323,-2.010563411228576,-1.5160941504457182,treib+t verkehr+s+wende,4.656387852211422
-14.652868487377035,1.7445125114685696,2.4304954447824874,-1.8046962670525957,-1.0247642697451556,verkehr+s+wende seit,3.754922867578329
-14.256700153405312,1.2385612923041096,2.54067573836353,-1.953549279252527,-1.3595069368136148,2020,4.326921535619833
-14.256700153405312,1.2385612923041096,2.54067573836353,-1.953549279252527,-1.3595069368136148,seit 2020,4.326921535619833
-14.459662862441093,1.4913651092688345,2.4965922084851453,-1.8885080327943404,-1.2021279228940287,2020 anteil,4.036778306109733
-14.532518921424227,1.585307693343199,2.4751711170205297,-1.860022445461949,-1.139003493604859,E-Autos,3.931192159305649
-14.532518921424227,1.585307693343199,2.4751711170205297,-1.860022445461949,-1.139003493604859,anteil e+-+auto+s,3.931192159305649
-14.603721927182715,1.6788768472573379,2.450346994594046,-1.8287058384419133,-1.0730795850727755,weltweiten,3.827195193329345
-14.603721927182715,1.6788768472573379,2.450346994594046,-1.8287058384419133,-1.0730795850727755,e+-+auto+s weltweit+en,3.827195193329345
-14.643367731910871,1.7317559879199371,2.434526880940597,-1.809507074281981,-1.0342994318919836,Verkäufen,3.768926339029629
-14.643367731910871,1.7317559879199371,2.434526880940597,-1.809507074281981,-1.0342994318919836,weltweit+en verkauf+en,3.768926339029629
-14.673269734693694,1.7720164741741065,2.421500187696072,-1.7940716247507766,-1.0039546302230267,verkauf+en deutlich,3.724799761659983
-14.696438325668982,1.803436935594581,2.4106904582215893,-1.7814911093828183,-0.9797430716410684,gesteigert,3.6905016105206236
-14.696438325668982,1.803436935594581,2.4106904582215893,-1.7814911093828183,-0.9797430716410684,deutlich ge+steiger+t,3.6905016105206236
-14.817243884649592,1.9705030173555205,2.3418224221096304,-1.7052005926595761,-0.8418613994615789,Irankrieges,3.5100706255157847
-14.817243884649592,1.9705030173555205,2.3418224221096304,-1.7052005926595761,-0.8418613994615789,wegen irankriege+s,3.5100706255157847
-14.831010895772486,1.9898854766186305,2.332352995963349,-1.6951353083388385,-0.8247010323374026,irankriege+s erhöh+t,3.489333321078602
-14.842356743508976,2.0059111022391254,2.324248432192375,-1.6865883905120416,-0.8102999230563805,IEA,3.4722153871249075
-14.842356743508976,2.0059111022391254,2.324248432192375,-1.6865883905120416,-0.8102999230563805,erhöh+t iea,3.4722153871249075
-14.85087934843029,2.0179795696184604,2.3179733854607254,-1.6800117589673063,-0.7993226026976754,Prognose,3.4593405011675875
-14.85087934843029,2.0179795696184604,2.3179733854607254,-1.6800117589673063,-0.7993226026976754,iea prognose,3.4593405011675875
-15.014822646172755,2.25469005762547,2.1551053560959144,-1.518725023710224,-0.5540825177817895,prognose 2026,3.2089232367982055
-15.079617961938578,2.3498074142181595,2.0569978438844196,-1.4275701148794624,-0.4315831335400726,2026.,3.1086098457249687
-15.079617961938578,2.3498074142181595,2.0569978438844196,-1.4275701148794624,-0.4315831335400726,prognose 2026.,3.1086098457249687
-15.081263261684656,2.352222892933231,2.0541269991760966,-1.4249505153025992,-0.4281989142729953,2026. mehr,3.1060547375740413
-10.321592892773992,0.370964404272073,-0.48429186186207746,-0.15101101174434348,0.044680270297005,Warschaus,8.202197737805196
-10.321592892773992,0.370964404272073,-0.48429186186207746,-0.15101101174434348,0.044680270297005,polen warschau+s,8.202197737805196
-9.997336703455623,0.21801055628421295,-0.5341263741658956,-0.13298963293192137,0.02725769737595174,grüne,8.55944956299029
-9.997336703455623,0.21801055628421295,-0.5341263741658956,-0.13298963293192137,0.02725769737595174,warschau+s grün+e,8.55944956299029
-9.76640920680107,0.10909552150289592,-0.5680826190509192,-0.12051298076914951,0.015320633990479032,Verwandlung,8.813904488964747
-9.76640920680107,0.10909552150289592,-0.5680826190509192,-0.12051298076914951,0.015320633990479032,grün+e verwandlung,8.813904488964747
-9.185308490846905,-0.16489322084819458,-0.6484223371098088,-0.09035988693207232,-0.013136758567066087,verwandlung der,9.454291366422627
-8.942244907175256,-0.2794548472700473,-0.6800455894756028,-0.07824745144916864,-0.024421917857713082,polnische,9.722180782742345
-8.942244907175256,-0.2794548472700473,-0.6800455894756028,-0.07824745144916864,-0.024421917857713082,der polnisch+e,9.722180782742345
-8.161939040432912,-0.6470316218887513,-0.7746249411284368,-0.041201279588853265,-0.058462357904036685,polnisch+e haupt+stadt,10.582260888228694
-6.781753579745285,-1.2963758424280485,-0.9201651085294912,0.018219940162242716,-0.11172166441641135,passt,12.103709569871079
-6.781753579745285,-1.2963758424280485,-0.9201651085294912,0.018219940162242716,-0.11172166441641135,haupt+stadt pass+t,12.103709569871079
2.5620245486976536,-5.668504944367587,-1.5068394087359656,0.2912938820239099,-0.340202785202499,pass+t klima+wandel,22.403134250984426
-7.098436539746665,-1.147478674856269,-0.8889230838792388,0.00521559738111662,-0.10019610129466691,Bäumen,11.754603569057288
-7.098436539746665,-1.147478674856269,-0.8889230838792388,0.00521559738111662,-0.10019610129466691,klima+wandel baum+en,11.754603569057288
-8.065374432414655,-0.6924975549306049,-0.78565430397707,-0.036801025458379724,-0.06246062328452685,Regengärten,10.68870387028417
-8.065374432414655,-0.6924975549306049,-0.78565430397707,-0.036801025458379724,-0.06246062328452685,baum+en regen+garten,10.68870387028417
-9.499341052923555,-0.016843407638247765,-0.605874799788508,-0.1064395895631961,0.00197193659321121,Geld,9.108206945539207
-9.499341052923555,-0.016843407638247765,-0.605874799788508,-0.1064395895631961,0.00197193659321121,regen+garten geld,9.108206945539207
-10.29200928880679,0.3570088944711092,-0.488948040709087,-0.14934184587010707,0.04305725958168424,der einwohner,8.234789514524573
-10.564742705558421,0.48566830077517587,-0.4451432697481745,-0.16492555473295184,0.05828719778247449,einwohner nehm+en,7.934342477066543
-10.877211084617294,0.6330694704379538,-0.39239585080397577,-0.18333411787606826,0.07651064145810604,Freude,7.5901822078558405
-10.877211084617294,0.6330694704379538,-0.39239585080397577,-0.18333411787606826,0.07651064145810604,nehm+en freude,7.5901822078558405
-11.19634008521983,0.7835878355715575,-0.33543127167802644,-0.20277403793732765,0.09605031524405239,Warschauer,7.2387662643599
-11.3585707328916,0.8600854436413314,-0.3051711457148214,-0.21291353396636176,0.10637096921451497,Metro-Station,7.060159831364213
-11.3585707328916,0.8600854436413314,-0.3051711457148214,-0.21291353396636176,0.10637096921451497,warschauer metro+-+station,7.060159831364213
-11.538206910819365,0.944767626738229,-0.27056452962322936,-0.22434935750917925,0.11812418086743418,Centrum,6.862425280906859
-11.538206910819365,0.944767626738229,-0.27056452962322936,-0.22434935750917925,0.11812418086743418,metro+-+station centrum,6.862425280906859
-11.629828124953391,0.9879470598044522,-0.2524466214892577,-0.23026807212268902,0.12425630888858127,hängt,6.761588629861263
-11.629828124953391,0.9879470598044522,-0.2524466214892577,-0.23026807212268902,0.12425630888858127,centrum häng+t,6.761588629861263
-11.694061113429925,1.0182133511171063,-0.23954914785359988,-0.23445266559829933,0.1286127250300134,zurzeit,6.6909016950154
-11.694061113429925,1.0182133511171063,-0.23954914785359988,-0.23445266559829933,0.1286127250300134,häng+t zurzeit,6.6909016950154
-11.831032582230753,1.0827360454629296,-0.21148940156200619,-0.24347392852929553,0.13806528125659537,zurzeit werbung,6.540187635103196
-11.936151053809791,1.1322350932664578,-0.18942171076051928,-0.2504888691865129,0.14547504321181,TV-Serien,6.424542274759708
-11.936151053809791,1.1322350932664578,-0.18942171076051928,-0.2504888691865129,0.14547504321181,werbung tv+-+serie+n,6.424542274759708
-12.05435561549489,1.1878734103744844,-0.16402913493429166,-0.258473436807621,0.15397492155200912,Essenslieferdienste,6.294522855815726
-12.05435561549489,1.1878734103744844,-0.16402913493429166,-0.258473436807621,0.15397492155200912,tv+-+serie+n essen+s+liefer+dienst+e,6.294522855815726
-12.297638480513825,1.3022926107140251,-0.10972815616175174,-0.27523328435799504,0.17205769549881886,eigene,6.027007780095424
-12.297638480513825,1.3022926107140251,-0.10972815616175174,-0.27523328435799504,0.17205769549881886,essen+s+liefer+dienst+e eigen+e,6.027007780095424
-12.337507673974665,1.3210295901377282,-0.10055398725954726,-0.27802234788822644,0.1751002228293527,eigen+e stadt,5.9831794462967425
-12.37574962174546,1.338997611099693,-0.09167835491262863,-0.28070892221390453,0.17804030285202974,Plakate,5.941143409311086
-12.41760230824092,1.3586571800060825,-0.08187817642347278,-0.28366193283605673,0.18128271823586797,plakat+e zeig+en,5.895142411075088
-12.4959351981622,1.3954378526020421,-0.06328770348782796,-0.28922491390673133,0.18742214094975598,zeig+en zentrum,5.809057148687116
-12.55047378606207,1.421033845580292,-0.05014876564621447,-0.293125941946684,0.19175232989216792,polnischen,5.749130516983761
-12.55047378606207,1.421033845580292,-0.05014876564621447,-0.293125941946684,0.19175232989216792,zentrum polnisch+en,5.749130516983761
-12.597640875059088,1.44316157447656,-0.038653131526290296,-0.29651821519306704,0.19553491775534312,polnisch+en haupt+stadt,5.697310225821878
-12.64235054518582,1.464128577019268,-0.02764062824245425,-0.2997496502750857,0.19915327929595225,noc…,5.648195657747477
-12.64235054518582,1.464128577019268,-0.02764062824245425,-0.2997496502750857,0.19915327929595225,haupt+stadt noc…,5.648195657747477
-12.66577786465393,1.4751118344582927,-0.02182449989609654,-0.30144907495322437,0.2010622054904451,+86,5.622462580623326
-12.66577786465393,1.4751118344582927,-0.02182449989609654,-0.30144907495322437,0.2010622054904451,noc… +86,5.622462580623326
-12.681040092339465,1.482265891794933,-0.018018354540589157,-0.30255849545947894,0.20231065665846484,+86 chars,5.605699109271557
0.7533077953954468,-4.824787369171709,-1.4278911327924846,0.25073283614149716,-0.3077313651002801,Berliner,20.409709214452064
0.10737780158977372,-4.523227775265713,-1.396769770209862,0.23514835988059773,-0.29512582122240094,Festival,19.697780330086797
0.10737780158977372,-4.523227775265713,-1.396769770209862,0.23514835988059773,-0.29512582122240094,berliner festival,19.697780330086797
6.248568554510129,-7.38542582914404,-1.6372731933508156,0.3622411353966377,-0.39581201722127324,Tanz,26.46572200958137
-0.21397389163418978,-4.37314836685678,-1.3806515920245515,0.2271596649767338,-0.28863627974345807,festival tanz,19.343586924740986
-0.2490537819561034,-4.356762985709047,-1.3788655218580497,0.22627780414606846,-0.2879187483174023,tanz august,19.304921630254007
-7.747796644441806,-0.841987754740722,-0.8209680500363505,-0.022599403714093642,-0.07530329183478285,Fürchten,11.038776203965556
-7.747796644441806,-0.841987754740722,-0.8209680500363505,-0.022599403714093642,-0.07530329183478285,august fürcht+en,11.038776203965556
-6.42104217941429,-1.4659058781487415,-0.9543606763770014,0.03261165299833637,-0.12439711204934074,Fledermäuse,12.501355469594534
-6.42104217941429,-1.4659058781487415,-0.9543606763770014,0.03261165299833637,-0.12439711204934074,fürcht+en fledermaus+e,12.501355469594534
2.5620245486976536,-5.668504944367587,-1.5068394087359656,0.2912938820239099,-0.340202785202499,fledermaus+e klima+wandel,22.403134250984426
-1.8981748842316986,-3.585967678590359,-1.2885024318393774,0.1824911098123513,-0.2519989573671979,ging,17.48718587635505
-1.8981748842316986,-3.585967678590359,-1.2885024318393774,0.1824911098123513,-0.2519989573671979,woche+n+ende geh,17.48718587635505
-3.301630011862324,-2.929138519167685,-1.2003298048444322,0.14120997856476927,-0.21759803716690687,geh berliner,15.940140434877533
11.9455437385961,-10.033030577748466,-1.7807999676871857,0.4488151676134571,-0.4614548401885985,Ende,32.742836353771594
-6.220726540717282,-1.5600206982230675,-0.9727457495201812,0.040418095869129554,-0.13123855921512947,august ende,12.722183156726263
-6.5159135174269185,-1.421324497532968,-0.9455050859538887,0.028868719323791474,-0.12110844054387117,Dort,12.396769646608979
-6.9450127579476515,-1.2196221003419243,-0.9042062567074592,0.01156000280095229,-0.10582775146019928,dort tanz,11.923734906620124
-7.277847062702932,-1.0630988753294837,-0.8706885106255715,-0.002311213794454446,-0.09349301522525444,tanz politisch+e,11.556826340166959
-7.631320038652843,-0.8968015249916776,-0.8335648980377611,-0.017491781531044574,-0.07989970875416402,Kraft,11.16717299912629
-7.631320038652843,-0.8968015249916776,-0.8335648980377611,-0.017491781531044574,-0.07989970875416402,politisch+e kraft,11.16717299912629
-7.912159612903164,-0.7646258165788113,-0.8028717297465836,-0.029898457959546147,-0.06871429350595022,Wechselwirkung,10.857594381736234
-7.912159612903164,-0.7646258165788113,-0.8028717297465836,-0.029898457959546147,-0.06871429350595022,kraft wechsel+wirkung,10.857594381736234
-8.276931099866669,-0.5928827754304979,-0.7613065079514696,-0.04649244204910415,-0.05364234034977569,verstanden,10.455506837668935
-8.276931099866669,-0.5928827754304979,-0.7613065079514696,-0.04649244204910415,-0.05364234034977569,wechsel+wirkung versteh+en,10.455506837668935
-10.955008857213624,0.6697664012392806,-0.37880870902762864,-0.18801256585646917,0.08118445306093491,ältesten,7.504505293723447
-10.955008857213624,0.6697664012392806,-0.37880870902762864,-0.18801256585646917,0.08118445306093491,rückkehr alt+est+en,7.504505293723447
-10.773349674176295,0.5840762285316958,-0.4102467054753343,-0.17714801897945168,0.0703575219423565,Baustoffs,7.704569861588966
-10.773349674176295,0.5840762285316958,-0.4102467054753343,-0.17714801897945168,0.0703575219423565,alt+est+en bau+stoff+s,7.704569861588966
-10.434529981067937,0.42424115344206603,-0.46630594106334905,-0.15743029876699444,0.05094033841987716,bau+stoff+s welt,8.07778124173202
-10.261850293008447,0.3427820688823586,-0.49367158141171574,-0.1476454475906061,0.04140975394240373,Zurück,8.268015671540505
-10.261850293008447,0.3427820688823586,-0.49367158141171574,-0.1476454475906061,0.04140975394240373,welt zurück,8.268015671540505
-9.88585607977611,0.1654297404835563,-0.5506719363179257,-0.1269301716273108,0.021447908737411814,zurück erde,8.68228539120584
-9.681855993044003,0.06922079607595633,-0.5802143257810894,-0.1160167429980376,0.011042829824480599,erde der,8.907077350735133
-4.68134306331452,-2.2825562717047534,-1.1012861885601213,0.09637434222159799,-0.17961610295215144,Betonboom,14.419194230547905
-4.68134306331452,-2.2825562717047534,-1.1012861885601213,0.09637434222159799,-0.17961610295215144,der beton+boom,14.419194230547905
-3.301630011862324,-2.929138519167685,-1.2003298048444322,0.14120997856476927,-0.21759803716690687,Senegals,15.940140434877533
-3.301630011862324,-2.929138519167685,-1.2003298048444322,0.14120997856476927,-0.21759803716690687,beton+boom senegal+s,15.940140434877533
-1.8981748842316986,-3.585967678590359,-1.2885024318393774,0.1824911098123513,-0.2519989573671979,senegal+s haupt+stadt,17.48718587635505
0.9108344512756119,-4.898309567343322,-1.4352330412825964,0.25444113773448096,-0.31072026602143166,Dakar,20.583328514696507
0.9108344512756119,-4.898309567343322,-1.4352330412825964,0.25444113773448096,-0.31072026602143166,haupt+stadt dakar,20.583328514696507
3.6304752367699287,-6.166464071017156,-1.5484606200627629,0.31334166822763954,-0.3576481946005009,dakar heiz+t,23.580629067931103
17.44643843537016,-12.584742132788335,-1.8733946030216038,0.5135618708701883,-0.5086560069983412,heiz+t klima+wandel,38.803002013155634
0.9108344512756119,-4.898309567343322,-1.4352330412825964,0.25444113773448096,-0.31072026602143166,Junge,20.583328514696507
-0.8349059816520707,-4.083053637528327,-1.348235389453458,0.21125632571374672,-0.2756608946649114,Ar­chi­tek­t,18.65918301253705
-0.8349059816520707,-4.083053637528327,-1.348235389453458,0.21125632571374672,-0.2756608946649114,jung+e ar­chi­tek­t,18.65918301253705
-3.1690674169867457,-2.9912153972139777,-1.2091614197579568,0.14528480838241037,-0.22101750610953547,in­nen,16.08626920703836
-3.1690674169867457,-2.9912153972139777,-1.2091614197579568,0.14528480838241037,-0.22101750610953547,ar­chi­tek­t in­n+en,16.08626920703836
-5.011618243791501,-2.1276400661756094,-1.075459578289062,0.0849343302714751,-0.16981658446388248,Lehm,14.055102664992399
-5.011618243791501,-2.1276400661756094,-1.075459578289062,0.0849343302714751,-0.16981658446388248,in­n+en lehm,14.055102664992399
-5.3806185927150825,-1.954493721703999,-1.045526338840522,0.07180090866684558,-0.15850998686828247,lehm zurück,13.648318468902646
-6.168279543107836,-1.5846583657989095,-0.9774906628241129,0.04244068471249449,-0.13300729284315307,Mainstream,12.780000728893187
-6.168279543107836,-1.5846583657989095,-0.9774906628241129,0.04244068471249449,-0.13300729284315307,zurück mainstream,12.780000728893187
-5.5165109705786755,-1.8907109476307218,-1.0342025163373496,0.06686722924063984,-0.15424666449477165,holen,13.498510893227476
-5.5165109705786755,-1.8907109476307218,-1.0342025163373496,0.06686722924063984,-0.15424666449477165,mainstream hol+en,13.498510893227476
-9.923855867204443,0.18335229815355936,-0.5450647075751099,-0.12898794606920957,0.02341824405676432,Auto-Wende,8.640414431363912
-9.923855867204443,0.18335229815355936,-0.5450647075751099,-0.12898794606920957,0.02341824405676432,kommentar auto+-+wende,8.640414431363912
-9.40054085483512,-0.06342693457856097,-0.619474474094019,-0.10132704838210749,-0.0028480339340848926,Jetzt,9.217088189519718
-8.161939040432912,-0.6470316218887513,-0.7746249411284368,-0.041201279588853265,-0.058462357904036685,Leyen,10.582260888228694
-8.161939040432912,-0.6470316218887513,-0.7746249411284368,-0.041201279588853265,-0.058462357904036685,jetzt leye+n,10.582260888228694
-7.508749046323352,-0.9544750873779657,-0.8466230008617246,-0.012173911098152579,-0.08467299900331864,gefragt,11.302289015614468
-7.508749046323352,-0.9544750873779657,-0.8466230008617246,-0.012173911098152579,-0.08467299900331864,leye+n ge+frag+t,11.302289015614468
17.44643843537016,-12.584742132788335,-1.8733946030216038,0.5135618708701883,-0.5086560069983412,Klimawandel-Leugner,38.803002013155634
-3.429526173208984,-2.8692393546127555,-1.1917022669168031,0.13724178422945438,-0.21426295502461756,grundlegend,15.799155015287543
-3.429526173208984,-2.8692393546127555,-1.1917022669168031,0.13724178422945438,-0.21426295502461756,klimawandel-leugner grundlegend,15.799155015287543
-5.238306960793288,-2.021279085582086,-1.0572096226100764,0.07691111775485215,-0.1629166467816146,Autopolitik,13.805202375783265
-5.238306960793288,-2.021279085582086,-1.0572096226100764,0.07691111775485215,-0.1629166467816146,grundlegend auto+politik,13.805202375783265
-6.004747898606382,-1.6614698653166116,-0.9921069944796203,0.04869147745779109,-0.1384637006832019,empfehlen,12.960278137418559
-6.004747898606382,-1.6614698653166116,-0.9921069944796203,0.04869147745779109,-0.1384637006832019,auto+politik empfehl+en,12.960278137418559
-6.905161037505273,-1.238359140713026,-0.9081303901423411,0.01319429514766049,-0.10727574649312382,führende,11.967666807156357
-6.387400614075528,-1.41371269974427,0.6688873582748371,-0.6632037018037258,-1.1514624657442392,deutsche,12.541468954370632
-7.242992774379287,-1.0794928549772882,-0.8742621760172894,-0.0008397474333376384,-0.09480533250566475,führ+end+e deutsch+e,11.59524862006513
-7.355526914841638,-1.0265591033209143,-0.862668780641697,-0.005606875172176933,-0.09055044375404328,deutsch+e wissenschaftler,11.471194740647624
-7.1845330494198,-1.1069882946283425,-0.8802221557026494,0.0016182574505328937,-0.096995436118062,Brüssel,11.659692941231285
-7.1845330494198,-1.1069882946283425,-0.8802221557026494,0.0016182574505328937,-0.096995436118062,wissenschaftler brüssel,11.659692941231285
-9.961005450272424,0.20087423952857053,-0.5395504814291072,-0.1310073452847671,0.025354478816159487,brüssel ...,8.599480870575942
-9.80716934900582,0.12831856237828942,-0.5621776417111078,-0.12269412029970866,0.017400328668441767,... tts-player,8.768990064418789
-7.747796644441806,-0.841987754740722,-0.8209680500363505,-0.022599403714093642,-0.07530329183478285,weiterlesenEs,11.038776203965556
-7.747796644441806,-0.841987754740722,-0.8209680500363505,-0.022599403714093642,-0.07530329183478285,überspringenartikel weiter+les+en+es,11.038776203965556
2.5620245486976536,-5.668504944367587,-1.5068394087359656,0.2912938820239099,-0.340202785202499,weiter+les+en+es klimawandel-leugner,22.403134250984426
-11.561795835621432,0.9558854979823028,-0.26593073764981545,-0.22586759447600385,0.11969389861755916,Fehl…,6.836462692343757
-11.561795835621432,0.9558854979823028,-0.26593073764981545,-0.22586759447600385,0.11969389861755916,brüssel fehl…,6.836462692343757
-11.640787503134245,0.9931114097095852,-0.2502576042466103,-0.23097998481509158,0.12499621577718553,+842,6.749527682442171
-11.640787503134245,0.9931114097095852,-0.2502576042466103,-0.23097998481509158,0.12499621577718553,fehl… +842,6.749527682442171
-11.694061113429925,1.0182133511171063,-0.23954914785359988,-0.23445266559829933,0.1286127250300134,+842 char+s,6.6909016950154
-11.561795835621432,0.9558854979823028,-0.26593073764981545,-0.22586759447600385,0.11969389861755916,Chinas,6.836462692343757
-11.47708801117902,0.9159587343030866,-0.2824728165414786,-0.22043356387257848,0.11408583913715711,Muskelspiel,6.929697590582433
-11.47708801117902,0.9159587343030866,-0.2824728165414786,-0.22043356387257848,0.11408583913715711,china+s muskel+spiel,6.929697590582433
-11.272686760923941,0.819590115791752,-0.32130470354090335,-0.2075237521611282,0.10087346254951848,Hintergrund,7.15470960965199
-11.272686760923941,0.819590115791752,-0.32130470354090335,-0.2075237521611282,0.10087346254951848,muskel+spiel hintergrund,7.15470960965199
-11.081200997965018,0.7292866833625897,-0.35636364030669243,-0.1956839503012337,0.08888711596024826,hintergrund der,7.365543676273595
-11.010558640610634,0.6959679335343334,-0.3689911466239763,-0.1913768227712191,0.08455641002165512,der seit,7.443332671353662
-10.91666451904165,0.6516797188714181,-0.38552888238827293,-0.18570186894739496,0.0788738333566259,Sonntag,7.546732422451709
-10.91666451904165,0.6516797188714181,-0.38552888238827293,-0.18570186894739496,0.0788738333566259,seit sonntag,7.546732422451709
-10.661208449668564,0.5311753550695753,-0.4291615216267761,-0.17054433406150882,0.06382195057683718,Freitag,7.8280854220797655
-10.661208449668564,0.5311753550695753,-0.4291615216267761,-0.17054433406150882,0.06382195057683718,sonntag freitag,7.8280854220797655
-10.461497339846584,0.43696282202348113,-0.4619610284379086,-0.15897425672581159,0.0524503874707416,stattfindende,8.04807389213623
-10.461497339846584,0.43696282202348113,-0.4619610284379086,-0.15897425672581159,0.0524503874707416,freitag statt+find+end+e,8.04807389213623
-10.03287983860981,0.2347754593045721,-0.5287896329085049,-0.13493601304522979,0.02912893400611427,Gipfeltreffen,8.520287195970887
-10.03287983860981,0.2347754593045721,-0.5287896329085049,-0.13493601304522979,0.02912893400611427,statt+find+end+e gipfel+treffen,8.520287195970887
-6.95964124001943,-1.2127440189733676,-0.9027611322336601,0.010958694081089994,-0.1052947110878609,Pazifischen,11.907608716453172
-9.241505088166292,-0.1384025802797635,-0.640951918523691,-0.09320115804994784,-0.01047780280971064,gipfel+treffen pazifisch+en,9.39235704553703
-8.42822542461201,-0.5216286135613775,-0.7434699578882644,-0.05354032814232343,-0.04720092240547001,Inselforums,10.288740018464392
-8.42822542461201,-0.5216286135613775,-0.7434699578882644,-0.05354032814232343,-0.04720092240547001,pazifisch+en insel+forum+s,10.288740018464392
-2.9363310734636716,-3.100183094673339,-1.22440054855125,0.15234671401899014,-0.22693115358788096,neben,16.342821637981583
-4.9322258145046,-2.1648842823916477,-1.081749064697842,0.0877109704941296,-0.1721992251350429,insel+forum+s neben,14.14262418136163
2.5620245486976536,-5.668504944367587,-1.5068394087359656,0.2912938820239099,-0.340202785202499,neben klima+wandel,22.403134250984426
-6.607534904694743,-1.3782655737393759,-0.9368602190830336,0.025225606725578206,-0.11790216983475962,intensiv,12.295766726265478
-6.607534904694743,-1.3782655737393759,-0.9368602190830336,0.025225606725578206,-0.11790216983475962,klima+wandel intensiv,12.295766726265478
-11.561795835621432,0.9558854979823028,-0.26593073764981545,-0.22586759447600385,0.11969389861755916,China,6.836462692343757
-11.561795835621432,0.9558854979823028,-0.26593073764981545,-0.22586759447600385,0.11969389861755916,intensiv china,6.836462692343757
-8.737713234127098,-0.3758334511744108,-0.7058241967526302,-0.06827199618713795,-0.033656834633277524,beschäftigen,9.947612637376892
-8.737713234127098,-0.3758334511744108,-0.7058241967526302,-0.06827199618713795,-0.033656834633277524,china beschäftig+en,9.947612637376892
-9.546770636237378,0.005520635801607554,-0.5992744235492485,-0.10891169327907652,0.004308095275317364,Einerseits,9.055938973783109
-9.997336703455623,0.21801055628421295,-0.5341263741658956,-0.13298963293192137,0.02725769737595174,herrscht,8.55944956299029
-9.997336703455623,0.21801055628421295,-0.5341263741658956,-0.13298963293192137,0.02725769737595174,einerseits herrsch+t,8.55944956299029
-10.29200928880679,0.3570088944711092,-0.488948040709087,-0.14934184587010707,0.04305725958168424,Uneinigkeit,8.234789514524573
-10.29200928880679,0.3570088944711092,-0.488948040709087,-0.14934184587010707,0.04305725958168424,herrsch+t uneinigkeit,8.234789514524573
-10.707129578757241,0.5528381074895541,-0.4214603324423648,-0.17323909399503928,0.0664848697835283,teilnehmenden,7.777505494144112
-10.707129578757241,0.5528381074895541,-0.4214603324423648,-0.17323909399503928,0.0664848697835283,uneinigkeit teil+nehm+end+en,7.777505494144112
-10.992296105344217,0.6873540358992654,-0.3722295551786238,-0.19026859821373282,0.0834446190539832,Staaten,7.463443478491691
-10.992296105344217,0.6873540358992654,-0.3722295551786238,-0.19026859821373282,0.0834446190539832,teil+nehm+end+en staat+en,7.463443478491691
-11.287417727004101,0.8265362928787443,-0.3185558564624602,-0.20844468670861957,0.10181095051194564,Verurteilung,7.138491707825871
-11.287417727004101,0.8265362928787443,-0.3185558564624602,-0.20844468670861957,0.10181095051194564,staat+en verurteilung,7.138491707825871
-11.538206910819365,0.944767626738229,-0.27056452962322936,-0.22434935750917925,0.11812418086743418,chinesischen,6.862425280906859
-11.538206910819365,0.944767626738229,-0.27056452962322936,-0.22434935750917925,0.11812418086743418,verurteilung chinesisch+en,6.862425280906859
-11.683604153188512,1.0132864142908207,-0.24165999143516498,-0.23376943806358474,0.12790024073982406,Rake…,6.702408948997778
-11.683604153188512,1.0132864142908207,-0.24165999143516498,-0.23376943806358474,0.12790024073982406,chinesisch+en rake…,6.702408948997778
-11.744938091082258,1.0421827556360812,-0.22921629666642288,-0.23778789829580274,0.1320975998345544,rake… der,6.634916885338367
7.141234484118467,-7.800687946557979,-1.6638311946004618,0.3774445547627478,-0.40752441439701703,diesjährige,27.449363775957956
1.8852793407279513,-5.352937198890324,-1.4786259138742723,0.276619650915162,-0.32851142855471316,der diesjährig+e,21.657296085352957
-11.893596105312334,1.1121986128668722,-0.1984124731239947,-0.24763936378307416,0.14245874701742464,Treffen,6.471356627780644
-11.893596105312334,1.1121986128668722,-0.1984124731239947,-0.24763936378307416,0.14245874701742464,diesjährig+e treffen,6.471356627780644
-11.960887315599818,1.143880443791756,-0.18415929280020166,-0.25215129262420494,0.1472388860435269,regionaler,6.397331521884729
-11.960887315599818,1.143880443791756,-0.18415929280020166,-0.25215129262420494,0.1472388860435269,treffen regional+er,6.397331521884729
-12.046881743905299,1.18435627910018,-0.16565325727508515,-0.2579655415283984,0.15343210500387697,Staats-,6.302743015488556
-12.046881743905299,1.18435627910018,-0.16565325727508515,-0.2579655415283984,0.15343210500387697,regional+er staat+s+-,6.302743015488556
-12.133129676049649,1.2249367250633907,-0.1467546009778648,-0.26385178854344077,0.15974135447044166,Regierungschefs,6.207889404317276
-12.133129676049649,1.2249367250633907,-0.1467546009778648,-0.26385178854344077,0.15974135447044166,staat+s+- regierung+s+chef+s,6.207889404317276
-12.237616794620743,1.2740767299571223,-0.12338989806260317,-0.2710571262011282,0.16752019286745876,richtet,6.092996511586568
-12.237616794620743,1.2740767299571223,-0.12338989806260317,-0.2710571262011282,0.16752019286745876,regierung+s+chef+s richt+et,6.092996511586568
-12.285931760256023,1.2967900826913539,-0.11240678666728546,-0.274416623882115,0.17116866998547095,Palau,6.039877698688294
-12.285931760256023,1.2967900826913539,-0.11240678666728546,-0.274416623882115,0.17116866998547095,richt+et palau,6.039877698688294
-12.34859499290678,1.3262394126122383,-0.09798841550944098,-0.27880010935588484,0.17595042361789107,Dem,5.970991770361202
-12.370381843048412,1.3364758107271544,-0.09292869746783283,-0.28033115328809854,0.17762632763013111,der pazifisch+en,5.947043531770397
-12.432816557539052,1.365802473827547,-0.07829293248549124,-0.2847387256625378,0.182467878655825,Inselforum,5.878421236369457
-12.432816557539052,1.365802473827547,-0.07829293248549124,-0.2847387256625378,0.182467878655825,pazifisch+en insel+forum,5.878421236369457
-12.48650927081281,1.3910130415529225,-0.06554209758303278,-0.28855301860397276,0.18667842314229752,gehören,5.819415097155737
-12.48650927081281,1.3910130415529225,-0.06554209758303278,-0.28855301860397276,0.18667842314229752,insel+forum gehör+en,5.819415097155737
-12.523626596427516,1.4084352574692738,-0.05663688543817195,-0.2912027557718497,0.18961496391334384,gehör+en neben,5.778629027065926
-12.55047378606207,1.421033845580292,-0.05014876564621447,-0.293125941946684,0.19175232989216792,Australien,5.749130516983761
-12.55047378606207,1.421033845580292,-0.05014876564621447,-0.293125941946684,0.19175232989216792,neben australien,5.749130516983761
-12.61417167281462,1.450914754948172,-0.034594652210260604,-0.2977111894358183,0.19686900371344304,Neuseeland,5.6791500989732775
-12.61417167281462,1.450914754948172,-0.034594652210260604,-0.2977111894358183,0.19686900371344304,australien neuseeland,5.6791500989732775
-12.677250614565745,1.4804896929283693,-0.018964652580485047,-0.30228286704364227,0.2020003191898371,neuseeland klein+e,5.6098612664608565
-12.703421078666935,1.4927550326160932,-0.012412298708193867,-0.3041886591105367,0.204148382275791,Inselstaaten,5.581117948003771
-12.703421078666935,1.4927550326160932,-0.012412298708193867,-0.3041886591105367,0.204148382275791,klein+e insel+staat+en,5.581117948003771
-12.76371276163225,1.5210005646091997,0.0028373431671720045,-0.30859953609221386,0.20914068432337565,Gebiete,5.514907124614855
-12.76371276163225,1.5210005646091997,0.0028373431671720045,-0.30859953609221386,0.20914068432337565,insel+staat+en gebiet+e,5.514907124614855
-12.528158559684211,1.410562153120809,-0.055544431675511714,-0.29152701096114503,0.18997497375038322,eben,5.773649368069415
-12.528158559684211,1.410562153120809,-0.055544431675511714,-0.29152701096114503,0.18997497375038322,gebiet+e eben,5.773649368069415
-12.841813041492916,1.5575638329505517,0.022918698544147284,-0.3143554536347035,0.21569986738262806,+5456,5.42915719209491
-12.841813041492916,1.5575638329505517,0.022918698544147284,-0.3143554536347035,0.21569986738262806,eben +5456,5.42915719209491
-12.860188509033124,1.566162056912101,0.027698342321323968,-0.3157166386923965,0.21725856020150572,+5456 char+s,5.408984970758888
-7.508749046323352,-0.9544750873779657,-0.8466230008617246,-0.012173911098152579,-0.08467299900331864,Hitze-Sommer,11.302289015614468
-7.508749046323352,-0.9544750873779657,-0.8466230008617246,-0.012173911098152579,-0.08467299900331864,wetter+dienst hitze+-+sommer,11.302289015614468
7.744038022909269,-8.081015013487672,-1.680814678325192,0.3873317172035241,-0.4151008306075298,wäre,28.113585530968198
-4.9322258145046,-2.1648842823916477,-1.081749064697842,0.0877109704941296,-0.1721992251350429,hitze+-+sommer sei,14.14262418136163
6.542206740405351,-7.522042958082311,-1.6462010559648954,0.36731852987994423,-0.39973182348001307,statistisch,26.78928951231679
2.3298683539851623,-5.560264973564015,-1.4973297386397444,0.28632432635839233,-0.33625056268380066,klima+wandel statistisch,22.14727811089806
2.5220047676970765,-5.649847310467884,-1.5052124155684212,0.2904419223638722,-0.3395257543624099,unmöglich,22.359029170079662
2.5220047676970765,-5.649847310467884,-1.5052124155684212,0.2904419223638722,-0.3395257543624099,statistisch un+möglich,22.359029170079662
-7.697239887788102,-0.8657806455404824,-0.8264585205795452,-0.020375894385365086,-0.07730569475789181,Sommer-Bilanz,11.094506790980706
-9.724652163196783,0.08940288310795541,-0.5740936208642619,-0.11828773103998574,0.013201930907893372,un+möglich sommer+-+bilanz,8.85991806492018
-10.461497339846584,0.43696282202348113,-0.4619610284379086,-0.15897425672581159,0.0524503874707416,sommer+-+bilanz deutsch+e,8.04807389213623
3.8323035200814175,-6.260493307887209,-1.5559461096914247,0.31736102148264705,-0.36081278875196,deutsch+e wetter+dienst,23.80305014783944
-10.955008857213624,0.6697664012392806,-0.37880870902762864,-0.18801256585646917,0.08118445306093491,erschreckende,7.504505293723447
-10.955008857213624,0.6697664012392806,-0.37880870902762864,-0.18801256585646917,0.08118445306093491,wetter+dienst erschreck+end+e,7.504505293723447
-11.19634008521983,0.7835878355715575,-0.33543127167802644,-0.20277403793732765,0.09605031524405239,erschreck+end+e zahl+en,7.2387662643599
-11.399373896935398,0.8793227862947108,-0.2974142359206885,-0.21549169836470933,0.1090100146796932,Hitzetoten,7.01524241955302
-11.399373896935398,0.8793227862947108,-0.2974142359206885,-0.21549169836470933,0.1090100146796932,zahl+en hitzetot+en,7.01524241955302
-11.584918846050925,0.966783226695453,-0.2613677996125655,-0.22735960829131593,0.12123868726431561,Temperaturrekorden,6.81101359674634
-11.584918846050925,0.966783226695453,-0.2613677996125655,-0.22735960829131593,0.12123868726431561,hitzetot+en temperatur+rekord+en,6.81101359674634
-11.784034097925225,1.0605995311989984,-0.22120444887587815,-0.240363370806613,0.13479646050114044,zusammengefasst,6.591898388750459
-11.784034097925225,1.0605995311989984,-0.22120444887587815,-0.240363370806613,0.13479646050114044,temperatur+rekord+en zusammen+ge+fass+t,6.591898388750459
-12.105190655852997,1.2117928712929458,-0.1529143426376023,-0.2619389602925712,0.1576866488680184,deutschland sommer,6.238614572515059
-12.18021428854248,1.2470836591125836,-0.136290600569534,-0.2670885793186727,0.16322806487168048,Extreme,6.1561129036234155
-12.18021428854248,1.2470836591125836,-0.136290600569534,-0.2670885793186727,0.16322806487168048,sommer extrem+e,6.1561129036234155
-12.23140334013599,1.27115529073119,-0.1247940309733215,-0.2706263614558196,0.1670533793542542,extrem+e erleb+t,6.099828122645769
-12.303438164236823,1.3050185087515134,-0.10839858389776473,-0.2756382543718605,0.17249885994100259,bestätigt,6.020631944401606
-12.303438164236823,1.3050185087515134,-0.10839858389776473,-0.2756382543718605,0.17249885994100259,der bestätig+t,6.020631944401606
-12.407316657554745,1.353826169081716,-0.08429511054073417,-0.2829349658973227,0.18048345119251505,vorläufige,5.906447148805067
-12.407316657554745,1.353826169081716,-0.08429511054073417,-0.2829349658973227,0.18048345119251505,bestätig+t vorläufig+e,5.906447148805067
0.626043778356987,-4.765383715031186,-1.4218900935569834,0.24771093276023692,-0.30529270012930276,Auswertung,20.269443306652644
-12.462499937808278,1.3797410015737683,-0.07126279883549838,-0.28684467860574736,0.18479020805027394,vorläufig+e auswertung,5.845799480100677
-5.067543669896022,-2.1014026501833145,-1.0709976443642637,0.08296812033562317,-0.1681277458198926,auswertung deutsch+en,13.993450893196828
1.382522984242744,-5.118412765833989,-1.4566629211083946,0.26533715321230456,-0.3194789920106271,Wetterdienstes,21.103197194646555
1.382522984242744,-5.118412765833989,-1.4566629211083946,0.26533715321230456,-0.3194789920106271,deutsch+en wetter+dienst+es,21.103197194646555
-3.0247348057590404,-3.058795076742305,-1.218651484685905,0.1496779679480311,-0.2246981967720047,wetter+dienst+es dwd,16.24537173700089
-12.780625960629475,1.5289211035934,0.007154425881609361,-0.3098419805872848,0.210552200696958,sommer+-+bilanz dwd,5.4963355900129125
-12.806966076553753,1.5412536119633367,0.013912432920789156,-0.31178137564489494,0.2127602344626606,erschreckenden,5.467414734631269
-12.806966076553753,1.5412536119633367,0.013912432920789156,-0.31178137564489494,0.2127602344626606,dwd erschreck+end+en,5.467414734631269
-12.854111272826234,1.563318596598969,0.026115247987675547,-0.3152661676382952,0.2167424018506375,erschreck+end+en zahl+en,5.415656306973953
-12.886962232825141,1.5786868394871236,0.03470054884969041,-0.3177046651814861,0.2195403342129004,Rek…,5.3795954721035315
-12.886962232825141,1.5786868394871236,0.03470054884969041,-0.3177046651814861,0.2195403342129004,zahl+en rek…,5.3795954721035315
-12.904308526180493,1.586799420688338,0.03926150680230654,-0.31899567376035776,0.22102549267063662,+3815,5.360555850213122
-12.904308526180493,1.586799420688338,0.03926150680230654,-0.31899567376035776,0.22102549267063662,rek… +3815,5.360555850213122
-12.921270183989044,1.5947305286069127,0.04373999591609733,-0.3202603344374696,0.22248295558534006,+3815 char+s,5.34193948932905
-6.388721588352173,-1.4810926424723663,-0.957355595532379,0.03388002441552374,-0.12551030257805537,Einer,12.536985608333048
-8.825510327747681,-0.3344645927585299,-0.6948489323840712,-0.07253021436039209,-0.029721144148745188,wetter+dienst einer,9.850842932966737
5.581380869513943,-7.074941922510421,-1.6162575177639265,0.35041513619995657,-0.3866504382914685,wärmsten,25.73051854071946
-6.160084441004587,-1.5885079868777074,-0.9782295441028931,0.04275593479352469,-0.13328283490252193,einer warm+st+en,12.789035011813526
-3.339693621653531,-2.911312499257348,-1.197773187787187,0.14003279397767393,-0.21660919451493568,warm+st+en sommer,15.898181351046238
-5.749605217587428,-1.7812825138979402,-1.0143865420900653,0.05827899616008913,-0.146804250606102,sommer seit,13.241547731544564
-5.608087608337401,-1.8477228202438427,-1.0264772330605083,0.06351224525102059,-0.15134250117329556,Aufzeichnung,13.397556828099127
-5.608087608337401,-1.8477228202438427,-1.0264772330605083,0.06351224525102059,-0.15134250117329556,seit aufzeichnung,13.397556828099127
-7.885576199013,-0.7771390490092918,-0.8058244547537474,-0.028710582330091217,-0.06978827158271034,aufzeichnung besonders,10.88689783853137
-7.4770895832346405,-0.9693705022757237,-0.8499634827832421,-0.010809707516412949,-0.08589549489899402,besonders hitze+welle,11.33718896899424
5.076712192885818,-6.840021071342008,-1.5996580658878952,0.34119234730232356,-0.3794750820403897,hitze+welle ende,25.17439049417933
6.482816856272226,-7.494412913755186,-1.644410793491122,0.3662977360938314,-0.3989444225380401,Juni,26.723846524363722
6.482816856272226,-7.494412913755186,-1.644410793491122,0.3662977360938314,-0.3989444225380401,ende juni,26.723846524363722
-6.372325566516347,-1.4887965668396141,-0.9588706638172436,0.03452215512037323,-0.12607363163929616,juni deutschland,12.555060547903238
-5.709344925207372,-1.8001851796111588,-1.0178452691072082,0.059773863075818785,-0.14810161864238003,deutschland neu+e,13.285930712962543
0.8361408305135747,-4.86344891796246,-1.431763553449097,0.2526872009366397,-0.30930709436127457,Dimensionen,20.501004466350313
-5.3806185927150825,-1.954493721703999,-1.045526338840522,0.07180090866684558,-0.15850998686828247,neu+e dimension+en,13.648318468902646
-4.409267325277831,-2.410132907809454,-1.1219118770967342,0.10558384485809713,-0.18747235327761294,dimension+en erreich+t,14.71912542560416
3.6304752367699287,-6.166464071017156,-1.5484606200627629,0.31334166822763954,-0.3576481946005009,wetter+dienst sag+t,23.580629067931103
-3.301630011862324,-2.929138519167685,-1.2003298048444322,0.14120997856476927,-0.21759803716690687,sag+t der,15.940140434877533
7.6139371473232025,-8.020519209223297,-1.6772116611364971,0.3852228239652778,-0.41348752184288595,dabei,27.9702300807065
7.6139371473232025,-8.020519209223297,-1.6772116611364971,0.3852228239652778,-0.41348752184288595,klima+wandel dabei,27.9702300807065
3.675626343896525,-6.187500319460979,-1.5501452251141632,0.31424472509364565,-0.3583596316184572,dabei rolle,23.630387147782603
2.5054704262252123,-5.642138697456637,-1.5045387280831337,0.2900893621896254,-0.3392455205227358,vorläufigen,22.340806949343275
-2.921896070269316,-3.1069408116856927,-1.2253347486016715,0.15278090333054617,-0.22729423014816183,nach vorläufig+en,16.35873371508474
-1.3355398490425152,-3.8490579238946685,-1.3208060687505156,0.19796303149859473,-0.2647570121910026,vorläufig+en auswertung,18.107361437057246
-8.256077447431352,-0.6027031271471479,-0.7637368722669874,-0.045528725778195785,-0.054521247423038835,dwd diesjährig+e,10.478493386025585
2.6195062105229567,-5.695302693200455,-1.509167423270011,0.2925141768417653,-0.3411721464152027,diesjährig+e sommer,22.466483634807275
-4.114707499560286,-2.548211481314172,-1.1436107363820633,0.11534384349308521,-0.19576701128881568,sommer warm+st+en,15.043840316861639
-4.5885273317132,-2.326081800179746,-1.108386923181239,0.0995374694389902,-0.18231768917664523,warm+st+en seit,14.521512770673517
-5.110066020108688,-2.081452213798255,-1.06758745651453,0.08146739336955053,-0.16683781199623363,flächendeckender,13.946574533556484
-5.110066020108688,-2.081452213798255,-1.06758745651453,0.08146739336955053,-0.16683781199623363,beginn flächendeckend+er,13.946574533556484
-5.703879441938108,-1.8027512194515358,-1.0183136297071327,0.05997642359761365,-0.1482773539812519,flächendeckend+er messung+en,13.291955865895812
-9.62046097633338,0.04026885724473628,-0.5889254318309799,-0.11277571323533311,0.007966938648189481,Weitere,8.974732783512513
-9.70820512393375,0.08164661143949203,-0.5764506269380499,-0.11741381459632372,0.012370695297160977,weit+er+e detail+s,8.878041819632218
-9.791687676949284,0.12101713220948085,-0.5644248797428859,-0.12186461904995183,0.01660905721741396,detail+s geb+t,8.78604955734437
-9.880935550647333,0.1631090081662565,-0.5513955696955536,-0.12666429134311807,0.02119352357518614,geb+t dwd,8.6877072351954
-9.947197171483456,0.1943613953092198,-0.5416038538911382,-0.13025585891838554,0.024633633471345617,Mont…,8.614695563306228
-9.947197171483456,0.1943613953092198,-0.5416038538911382,-0.13025585891838554,0.024633633471345617,dwd mont…,8.614695563306228
-12.386392615810095,1.3439974729427542,-0.08919483186768873,-0.2814585951353355,0.17886237234213762,+3954,5.929445111445359
-12.386392615810095,1.3439974729427542,-0.08919483186768873,-0.2814585951353355,0.17886237234213762,mont… +3954,5.929445111445359
-12.41760230824092,1.3586571800060825,-0.08187817642347278,-0.28366193283605673,0.18128271823586797,+3954 chars,5.895142411075088
-12.160308384996696,1.2377212417773475,-0.14072728612577612,-0.26571814432502605,0.16175029523074533,hitze wetter+dienst,6.178001846404023
-12.069141325796735,1.1948310921519556,-0.16080858475346652,-0.25947943293320286,0.1550509595635338,verzeichnet,6.2782610552463005
-12.069141325796735,1.1948310921519556,-0.16080858475346652,-0.25947943293320286,0.1550509595635338,wetter+dienst verzeichn+et,6.2782610552463005
-11.893596105312334,1.1121986128668722,-0.1984124731239947,-0.24763936378307416,0.14245874701742464,verzeichn+et warm+st+en,6.471356627780644
-12.206144113578965,1.2592779384986779,-0.13048283286592552,-0.2688781854753268,0.16516122776566308,besonders hitze,6.12760115142725
-11.227431843770585,0.7982499712377851,-0.3297024244846059,-0.20470364209185632,0.09800735328666463,trockenheit laut,7.204533944192927
-11.046350448985983,0.7128495238055916,-0.362613407904382,-0.19355503092726611,0.08674460093850403,laut vorläufig+en,7.403919375414437
-9.296052082972029,-0.19296907079749293,1.5492724817019692,-0.5908545042036071,-1.4046417816934482,Analyse,9.40548667167532
-10.815828449711976,0.6041144632863169,-0.40298506407351287,-0.17966990481562864,0.07286231572467677,vorläufig+en analyse,7.657784910526294
-10.539597856183825,0.47380633897563484,-0.4492661695340678,-0.16347024410164518,0.05685748516119796,analyse deutsch+en,7.962040535179207
-9.724652163196783,0.08940288310795541,-0.5740936208642619,-0.11828773103998574,0.013201930907893372,unüblich,8.85991806492018
-9.724652163196783,0.08940288310795541,-0.5740936208642619,-0.11828773103998574,0.013201930907893372,wetter+dienst+es un+üblich,8.85991806492018
-6.223915510814663,-1.5585225889304368,-0.9724563329117955,0.04029483240240234,-0.13113071586358654,Meteorologen,12.718667636760607
-9.005952806511237,-0.2494304879224316,-0.6718630418932591,-0.08139473463548323,-0.021497287764548734,der meteorologe+n,9.651964625280595
-7.964405018940706,-0.7400319368478474,-0.7970390533744114,-0.03224139429112905,-0.06659409692873425,meteorologe+n zieh+en,10.800003375700031
-6.220726540717283,-1.5600206982230667,-0.9727457495201812,0.040418095869129596,-0.1312385592151292,Verbindung,12.722183156726262
-6.220726540717283,-1.5600206982230667,-0.9727457495201812,0.040418095869129596,-0.1312385592151292,zieh+en verbindung,12.722183156726262
2.5620245486976536,-5.668504944367587,-1.5068394087359656,0.2912938820239099,-0.340202785202499,verbindung klima+wandel,22.403134250984426
-11.02857488985755,0.7044655499253585,-0.36578597525596485,-0.19247221350408844,0.08565632674396512,messung+en deutsch+en,7.423493360367269
-11.640787503134245,0.9931114097095852,-0.2502576042466103,-0.23097998481509158,0.12499621577718553,teilten,6.749527682442171
-11.640787503134245,0.9931114097095852,-0.2502576042466103,-0.23097998481509158,0.12499621577718553,der teil+ten,6.749527682442171
-11.764658249298698,1.0514725001200342,-0.22518294137398642,-0.23908560931562092,0.1334566229045743,teil+ten meteorologe+n,6.613217924538091
-11.960887315599818,1.143880443791756,-0.18415929280020166,-0.25215129262420494,0.1472388860435269,meteorologe+n vorläufig+en,6.397331521884729
-12.173623485079753,1.243983883476977,-0.13776167024359678,-0.2666345028748617,0.16273817586924452,Auf…,6.163360198013697
-12.212520628006011,1.2622764396904778,-0.1290496553747209,-0.2693190478697747,0.16563804839760685,+1679,6.120589918409267
-12.212520628006011,1.2622764396904778,-0.1290496553747209,-0.2693190478697747,0.16563804839760685,auf… +1679,6.120589918409267
-12.24992514695031,1.2798635793114084,-0.12060284536232108,-0.27191129477298887,0.16844651551403214,+1679 chars,6.079463885483499
-11.724863095581789,1.0327253248885193,-0.23330593236783892,-0.23646968598326665,0.13071888364022696,zieht,6.657006877494334
-11.724863095581789,1.0327253248885193,-0.23330593236783892,-0.23646968598326665,0.13071888364022696,dwd zieh+t,6.657006877494334
-9.12587264855244,-0.1929092736579996,-0.6562573719024789,-0.0873716953900528,-0.01592834292066933,Bilanz,9.519796530641914
-11.662396741177684,1.0032938516810992,-0.24592753466500628,-0.2323861829259993,0.1264591950012405,zieh+t bilanz,6.725746898063484
-11.57341459866713,0.9613614167456772,-0.26364053797972903,-0.22661682942469857,0.12046936365615543,bilanz sommer,6.823675040006941
-11.227431843770585,0.7982499712377851,-0.3297024244846059,-0.20470364209185632,0.09800735328666463,2026 heiß+est+en,7.204533944192927
-11.063890735942529,0.7211224101058322,-0.359472829076202,-0.194625527977753,0.08782145774304101,heiß+est+en seit,7.384604742602292
-10.751618683778467,0.5738250967453751,-0.4139408198038865,-0.175862249796186,0.0690823788991248,Wetteraufzeichnungen,7.728504293006938
-10.751618683778467,0.5738250967453751,-0.4139408198038865,-0.175862249796186,0.0690823788991248,beginn wetter+aufzeichnung+en,7.728504293006938
-10.199727969463648,0.31347768269414233,-0.5033282909488666,-0.1441677057125515,0.03803844369444356,wetter+aufzeichnung+en laut,8.33645730506138
-8.942244907175256,-0.2794548472700473,-0.6800455894756028,-0.07824745144916864,-0.024421917857713082,wetter+dienst sei,9.722180782742345
-3.212339228223554,-2.970952786303558,-1.2062908159691819,0.14395891303299677,-0.21990543696943918,sei hitze+welle,16.038569124029
2.5620245486976536,-5.668504944367587,-1.5068394087359656,0.2912938820239099,-0.340202785202499,juni klima+wandel,22.403134250984426
-9.40054085483512,-0.06342693457856097,-0.619474474094019,-0.10132704838210749,-0.0028480339340848926,der folge+n,9.217088189519718
-9.724652163196783,0.08940288310795541,-0.5740936208642619,-0.11828773103998574,0.013201930907893372,reichten,8.85991806492018
-9.724652163196783,0.08940288310795541,-0.5740936208642619,-0.11828773103998574,0.013201930907893372,folge+n reich+ten,8.85991806492018
-2.9748608049275163,-3.082145033534087,-1.2219007725075448,0.15118561769392672,-0.22595993305914455,weit,16.300349278216498
-10.067663515356323,0.2511824304570429,-0.5235376278416715,-0.1368476336836986,0.030969175905641272,reich+ten weit,8.481962168390982
-12.514492134886062,1.4041481442711334,-0.05883538208538346,-0.2905496796556611,0.18889031206157295,+4838,5.788666015784468
-12.514492134886062,1.4041481442711334,-0.05883538208538346,-0.2905496796556611,0.18889031206157295,mont… +4838,5.788666015784468
-12.541615819762924,1.4168773503835608,-0.05229384358858858,-0.29249079100058384,0.19104588003671577,+4838 chars,5.758863043303343
-11.919332742552633,1.1243167578049222,-0.19298437375658006,-0.2493611292735627,0.144280233530694,trockenheit wetter+dienst,6.443043600057518
-9.45061819242164,-0.03981634625545416,-0.612606460338704,-0.10391213226020712,-0.0004127976324315441,DWD-Attributionsstudie,9.161900857637356
-9.45061819242164,-0.03981634625545416,-0.612606460338704,-0.10391213226020712,-0.0004127976324315441,ein dwd-attributionsstudi+e,9.161900857637356
-9.12738064524417,-0.19219847471523543,-0.656059413551351,-0.08744729832343177,-0.015857775347100395,dwd-attributionsstudi+e hitze+welle,9.518134533330707
-7.2429927743792835,-1.07949285497729,-0.87426217601729,-0.0008397474333375343,-0.09480533250566503,juni 2026,11.595248620065133
-6.42104217941429,-1.4659058781487415,-0.9543606763770014,0.03261165299833637,-0.12439711204934074,ergab,12.501355469594534
-6.42104217941429,-1.4659058781487415,-0.9543606763770014,0.03261165299833637,-0.12439711204934074,2026 ergeb,12.501355469594534
-4.593152628444649,-2.3239128891513285,-1.1080346681654456,0.09938036972471564,-0.1821835929120364,ergeb ohne,14.516413924574016
2.5620245486976536,-5.668504944367587,-1.5068394087359656,0.2912938820239099,-0.340202785202499,ohne klima+wandel,22.403134250984426
-9.005952806511237,-0.2494304879224316,-0.6718630418932591,-0.08139473463548323,-0.021497287764548734,Ausmaßes,9.651964625280595
-9.005952806511237,-0.2494304879224316,-0.6718630418932591,-0.08139473463548323,-0.021497287764548734,hitze+welle ausmaß+es,9.651964625280595
-9.499341052923555,-0.016843407638247765,-0.605874799788508,-0.1064395895631961,0.00197193659321121,ausmaß+es statistisch,9.108206945539207
-10.661208449668564,0.5311753550695753,-0.4291615216267761,-0.17054433406150882,0.06382195057683718,Attributionsstudien,7.8280854220797655
-10.661208449668564,0.5311753550695753,-0.4291615216267761,-0.17054433406150882,0.06382195057683718,mit attributionsstudien,7.8280854220797655
-11.063890735942529,0.7211224101058322,-0.359472829076202,-0.194625527977753,0.08782145774304101,attributionsstudien lass+st,7.384604742602292
-11.242697419695318,0.8054486537060894,-0.3268775575113985,-0.20565340388501724,0.09897182026962101,abschätzen…,7.1877267581107365
-11.242697419695318,0.8054486537060894,-0.3268775575113985,-0.20565340388501724,0.09897182026962101,lass+st abschätzen…,7.1877267581107365
-11.425837554743962,0.8917988337306344,-0.2923511529252761,-0.21716988315101662,0.110731129029816,+3637,6.9861114052457145
-11.425837554743962,0.8917988337306344,-0.2923511529252761,-0.21716988315101662,0.110731129029816,abschätzen… +3637,6.9861114052457145
-11.501914309777895,0.9276612328770186,-0.2776526255821506,-0.22202102941993873,0.11572121971586699,+3637 char+s,6.902371239728385
-11.501914309777895,0.9276612328770186,-0.2776526255821506,-0.22202102941993873,0.11572121971586699,Legionellen-Ausbruch,6.902371239728385
-11.19634008521983,0.7835878355715575,-0.33543127167802644,-0.20277403793732765,0.09605031524405239,Infektiologe,7.2387662643599
-11.19634008521983,0.7835878355715575,-0.33543127167802644,-0.20277403793732765,0.09605031524405239,legionellen-ausbruch infektiolog+e,7.2387662643599
-10.973781502576461,0.6786211308974015,-0.37550185244731565,-0.1891472714380826,0.08232071528694246,infektiolog+e warn+t,7.4838321565340085
-10.773349674176295,0.5840762285316958,-0.4102467054753343,-0.17714801897945168,0.0703575219423565,Risiken,7.704569861588966
-10.773349674176295,0.5840762285316958,-0.4102467054753343,-0.17714801897945168,0.0703575219423565,warn+t risiko+en,7.704569861588966
-10.514017434728686,0.461738895750726,-0.4534425396271188,-0.16199363522192645,0.05540844243407203,privaten,7.990218802379522
-10.514017434728686,0.461738895750726,-0.4534425396271188,-0.16199363522192645,0.05540844243407203,risiko+en privat+en,7.990218802379522
-10.261850293008447,0.3427820688823586,-0.49367158141171574,-0.1476454475906061,0.04140975394240373,Haushalt,8.268015671540505
-10.261850293008447,0.3427820688823586,-0.49367158141171574,-0.1476454475906061,0.04140975394240373,privat+en haus+halt,8.268015671540505
-9.961005450272424,0.20087423952857053,-0.5395504814291072,-0.1310073452847671,0.025354478816159487,Helmut,8.599480870575942
-9.961005450272424,0.20087423952857053,-0.5395504814291072,-0.1310073452847671,0.025354478816159487,haus+halt helmut,8.599480870575942
-9.681855993044003,0.06922079607595633,-0.5802143257810894,-0.1160167429980376,0.011042829824480599,Salzer,8.907077350735133
-9.681855993044003,0.06922079607595633,-0.5802143257810894,-0.1160167429980376,0.011042829824480599,helmut salzer,8.907077350735133
-9.349043667000752,-0.08770588466285734,-0.6264842066946833,-0.09868192627554673,-0.005335813878789092,salzer erklär+t,9.27384102187939
-8.876388380652445,-0.310489753175057,-0.6884268779044486,-0.07501418960186307,-0.027420914325241255,Margit,9.794765978028545
-8.876388380652445,-0.310489753175057,-0.6884268779044486,-0.07501418960186307,-0.027420914325241255,erklär+t margit,9.794765978028545
-8.343092224154818,-0.5617247855868328,-0.7535510035585015,-0.04956230890017632,-0.05083962311340515,Laufer,10.38257918725887
-8.343092224154818,-0.5617247855868328,-0.7535510035585015,-0.04956230890017632,-0.05083962311340515,margit lauf+er,10.38257918725887
-6.42104217941429,-1.4659058781487415,-0.9543606763770014,0.03261165299833637,-0.12439711204934074,ZiB,12.501355469594534
-6.42104217941429,-1.4659058781487415,-0.9543606763770014,0.03261165299833637,-0.12439711204934074,lauf+er zib,12.501355469594534
2.5620245486976536,-5.668504944367587,-1.5068394087359656,0.2912938820239099,-0.340202785202499,zib klima+wandel,22.403134250984426
-5.5165109705786755,-1.8907109476307218,-1.0342025163373496,0.06686722924063984,-0.15424666449477165,Legionellen-Ausbrüche,13.498510893227476
-5.5165109705786755,-1.8907109476307218,-1.0342025163373496,0.06686722924063984,-0.15424666449477165,klima+wandel legionellen-ausbrüch+e,13.498510893227476
-8.588779879684672,-0.44599997709436323,-0.7241393214593339,-0.06112918578236197,-0.0402375707638509,legionellen-ausbrüch+e begünstig+t,10.111769769402963
-9.681855993044003,0.06922079607595633,-0.5802143257810894,-0.1160167429980376,0.011042829824480599,begünstig+t ernst,8.907077350735133
-10.067663515356323,0.2511824304570429,-0.5235376278416715,-0.1368476336836986,0.030969175905641272,aktuelle,8.481962168390982
-10.067663515356323,0.2511824304570429,-0.5235376278416715,-0.1368476336836986,0.030969175905641272,ernst aktuell+e,8.481962168390982
-11.344662977790705,0.8535281145297757,-0.30780145041505813,-0.21203735104591637,0.105475483461176,Ausbruch,7.075470353481745
-11.344662977790705,0.8535281145297757,-0.30780145041505813,-0.21203735104591637,0.105475483461176,aktuell+e ausbruch,7.075470353481745
-10.661208449668564,0.5311753550695753,-0.4291615216267761,-0.17054433406150882,0.06382195057683718,Linz,7.8280854220797655
-10.661208449668564,0.5311753550695753,-0.4291615216267761,-0.17054433406150882,0.06382195057683718,ausbruch linz,7.8280854220797655
-10.85705120466177,0.6235598763181445,-0.39588628484287053,-0.18212805847811264,0.07530863275856275,linz sie,7.612384618902192
-10.935971992088628,0.6607869344893489,-0.3821508153351525,-0.18686419635538787,0.08003557932828362,entscheiden,7.5254697011231615
-10.935971992088628,0.6607869344893489,-0.3821508153351525,-0.18686419635538787,0.08003557932828362,sie entscheid+en,7.5254697011231615
-11.14824114304867,0.760904499938996,-0.344229378590417,-0.19980156500011217,0.09304193006393058,entscheid+en darüber,7.29172553586762
-10.85705120466177,0.6235598763181445,-0.39588628484287053,-0.18212805847811264,0.07530863275856275,darüber sie,7.612384618902192
-11.489565770883722,0.9218405093244333,-0.28005305351045906,-0.22123089610256216,0.1149069379959439,Inhalte,6.915963204214278
-11.489565770883722,0.9218405093244333,-0.28005305351045906,-0.22123089610256216,0.1149069379959439,sie inhalt+e,6.915963204214278
-11.584918846050925,0.966783226695453,-0.2613677996125655,-0.22735960829131593,0.12123868726431561,nutzen,6.81101359674634
-11.584918846050925,0.966783226695453,-0.2613677996125655,-0.22735960829131593,0.12123868726431561,inhalt+e nutz+en,6.81101359674634
-11.784034097925225,1.0605995311989984,-0.22120444887587815,-0.240363370806613,0.13479646050114044,Gerät,6.591898388750459
-11.784034097925225,1.0605995311989984,-0.22120444887587815,-0.240363370806613,0.13479646050114044,ihr gerät,6.591898388750459
-11.840194662271305,1.0870510519060281,-0.20958473685403528,-0.24408216514281134,0.13870565861800974,gerät erlaub+t,6.530107325828319
-11.944461095537857,1.1361474179931172,-0.1876568178210009,-0.25104685466533644,0.1460667298450453,erlaub+t derzeit,6.415400821374993
-12.008674785245343,1.1663747516025031,-0.17391632336792934,-0.2553755831880402,0.1506686345796501,leider,6.344766651671033
-12.008674785245343,1.1663747516025031,-0.17391632336792934,-0.2553755831880402,0.1506686345796501,derzeit leider,6.344766651671033
-12.139994246743811,1.2281658870540726,-0.1452355632593372,-0.26432265685163736,0.1602478072778906,entsprechenden,6.200340516330994
-12.139994246743811,1.2281658870540726,-0.1452355632593372,-0.26432265685163736,0.1602478072778906,leider entsprech+end+en,6.200340516330994
-12.237616794620743,1.2740767299571223,-0.12338989806260317,-0.2710571262011282,0.16752019286745876,Optionen,6.092996511586568
-12.237616794620743,1.2740767299571223,-0.12338989806260317,-0.2710571262011282,0.16752019286745876,entsprech+end+en option+en,6.092996511586568
-12.291803137131316,1.2995498609453597,-0.11106420439536722,-0.274826081351958,0.17161430565125677,anzuzeigen,6.0334228941809664
-12.291803137131316,1.2995498609453597,-0.11106420439536722,-0.274826081351958,0.17161430565125677,option+en an+zu+zeig+en,6.0334228941809664
-12.396914183447196,1.3489399578853507,-0.08673387454005943,-0.28220056427577345,0.1796767116446549,deaktivieren,5.9178805483060115
-12.396914183447196,1.3489399578853507,-0.08673387454005943,-0.28220056427577345,0.1796767116446549,bitte deaktivier+en,5.9178805483060115
-12.462499937808278,1.3797410015737683,-0.07126279883549838,-0.28684467860574736,0.18479020805027394,deaktivier+en sie,5.845799480100677
-12.481758665568464,1.3887828523569143,-0.06667648070556526,-0.2882146466493105,0.1863041116150914,sämtliche,5.824635522960056
-12.481758665568464,1.3887828523569143,-0.06667648070556526,-0.2882146466493105,0.1863041116150914,sie sämtlich+e,5.824635522960056
-12.528158559684211,1.410562153120809,-0.055544431675511714,-0.29152701096114503,0.18997497375038322,Hard-,5.773649368069415
-12.528158559684211,1.410562153120809,-0.055544431675511714,-0.29152701096114503,0.18997497375038322,sämtlich+e hard+-,5.773649368069415
-12.57223250585809,1.4312426511294385,-0.04486113379066138,-0.2946886995674242,0.19349289862597283,Software…,5.725224446546329
-12.57223250585809,1.4312426511294385,-0.04486113379066138,-0.2946886995674242,0.19349289862597283,hard+- software…,5.725224446546329
-12.61825487929731,1.4528296735482642,-0.033589797931998344,-0.29800618731328987,0.19719920733957522,+180,5.67466456000574
-12.61825487929731,1.4528296735482642,-0.033589797931998344,-0.29800618731328987,0.19719920733957522,software… +180,5.67466456000574
-12.63838187744899,1.46226775474954,-0.02862276927051348,-0.2994621840254014,0.1988307871858407,+180 char+s,5.652555090891353
-12.193264905236452,1.253221303178964,-0.13337156137944592,-0.2679886674164581,0.16419987311639903,bilanz dwd,6.141762615587496
-12.160308384996696,1.2377212417773475,-0.14072728612577612,-0.26571814432502605,0.16175029523074533,dwd einer,6.178001846404023
-11.812474252825908,1.0739953648400897,-0.21533660413397332,-0.24224376294156194,0.1367713082856223,aufzeichnung hitze,6.560606294465734
-7.779867897345552,-0.8268937231827334,-0.8174667896081333,-0.024015151638585308,-0.07402716429892234,dürre unwetter,11.003422986414998
-7.858702017650556,-0.7897887509762418,-0.8087992383249905,-0.027512614526762603,-0.07087071763468106,unwetter der,10.91652188387795
-7.908093167873474,-0.7665399818555159,-0.8033240607214022,-0.02971656418450381,-0.06887878880873215,erreichte,10.862076905217068
-7.908093167873474,-0.7665399818555159,-0.8033240607214022,-0.02971656418450381,-0.06887878880873215,sommer erreich+te,10.862076905217068
-7.875212131637365,-0.7820174726750944,-0.8069729006154837,-0.028248239420432114,-0.07020610810289835,erreich+te laut,10.898322386790243
-7.565519985175113,-0.9277635989065383,-0.8405998146020741,-0.014629774641842001,-0.08247018165261025,wetter+dienst dimension+en,11.239707488217443
-6.940966199815302,-1.2215247068823274,-0.9046055647737017,0.011726204548006942,-0.10597505757081155,dimension+en deutschland,11.928195765015246
-6.384562103715831,-1.483047054691765,-0.9577402203725587,0.03404300875011466,-0.12565330084343332,deutschland bislang,12.541571014963463
-5.27810984159335,-2.0026010719806395,-1.0539597863315198,0.07548761817175756,-0.16169006376678763,beobachtet,13.76132383061049
-5.27810984159335,-2.0026010719806395,-1.0539597863315198,0.07548761817175756,-0.16169006376678763,bislang beobacht+et,13.76132383061049
-3.5430753003047233,-2.816053277431817,-1.183953038478693,0.13368799313002871,-0.21127186710833148,beobacht+et werd+en,15.67398443609038
-9.59296430694281,0.027302739391618758,-0.5928005380311732,-0.11133058804723725,0.0065974983490126315,31.08.2026,9.005033691590317
-9.59296430694281,0.027302739391618758,-0.5928005380311732,-0.11133058804723725,0.0065974983490126315,stand 31.08.2026,9.005033691590317
-10.03287983860981,0.2347754593045721,-0.5287896329085049,-0.13493601304522979,0.02912893400611427,08:18,8.520287195970887
-10.03287983860981,0.2347754593045721,-0.5287896329085049,-0.13493601304522979,0.02912893400611427,31.08.2026 08:18,8.520287195970887
-10.231096598306427,0.32827483964469373,-0.4984643501735498,-0.14592101359877263,0.03973705721516285,08:18 uhr,8.301897497646552
-10.379106834567098,0.3980957980312536,-0.4751744894671711,-0.15427069630649387,0.047855453228759115,uhr hitze,8.138836932298988
-12.337507673974665,1.3210295901377282,-0.10055398725954726,-0.27802234788822644,0.1751002228293527,Klimawa…,5.9831794462967425
-12.337507673974665,1.3210295901377282,-0.10055398725954726,-0.27802234788822644,0.1751002228293527,der klimawa…,5.9831794462967425
-12.391668430628295,1.3464758178715495,-0.08796155597649666,-0.28183053408016095,0.17927050003897302,+2109,5.923646275378943
-12.391668430628295,1.3464758178715495,-0.08796155597649666,-0.28183053408016095,0.17927050003897302,klimawa… +2109,5.923646275378943
-12.422702017575741,1.3610523129640781,-0.08067778436942007,-0.28402266890138267,0.18167958848878976,+2109 char+s,5.889537526878203
-14.3220387002612,1.6232169065932656,1.2854326259325262,1.0846096058052654,-0.2055959469482368,verplant,4.073219066401459
-14.3220387002612,1.6232169065932656,1.2854326259325262,1.0846096058052654,-0.2055959469482368,energie+wende verplan+t,4.073219066401459
-14.497198038750533,1.8158835334519874,1.2876848476865863,0.926044379738845,-0.11616657090360154,verplan+t ausbau,3.8350420213044734
-14.606036249351412,1.9372976135951927,1.2848351184787334,0.814581048914925,-0.05583723660287404,ausbau wind+-,3.6863380683406843
-14.671913343037353,2.0112019246157544,1.2809206009733007,0.7411623819777445,-0.017257157931693218,wind+- solarenergie,3.596151954975695
-14.752008051700576,2.1012067451444323,1.273296637874221,0.644721207772901,0.03201695091113205,neu,3.4864263394863864
-14.752008051700576,2.1012067451444323,1.273296637874221,0.644721207772901,0.03201695091113205,solarenergie neu,3.4864263394863864
-14.765691334400978,2.1165738057388217,1.2716241068694196,0.6273626890629576,0.04071644071354483,gedacht,3.4676828053565787
-14.765691334400978,2.1165738057388217,1.2716241068694196,0.6273626890629576,0.04071644071354483,neu ge+denk+t,3.4676828053565787
-14.808578116818847,2.164667127576097,1.2655737727367338,0.5711078068266418,0.06855482534725924,ge+denk+t mit,3.40896049038966
-10.003744915783262,0.22377622340366532,-0.18325030403443168,0.4548753748236246,-0.14221831852173414,wenigen,8.554731219898795
-14.818248959196051,2.1754907228595455,1.2640274659004533,0.55801450138532,0.07495655924856373,mit wenig+en,3.3957264764758746
-14.835873522831426,2.195188753849642,1.2610234015749697,0.5337443225279636,0.08674564426808476,planerischen,3.371618357456893
-14.835873522831426,2.195188753849642,1.2610234015749697,0.5337443225279636,0.08674564426808476,wenig+en planerisch+en,3.371618357456893
-14.860548845115263,2.22269467848325,1.256389661982735,0.49884001332686456,0.10352431238821494,Eingriffen,3.3378928158184547
-14.860548845115263,2.22269467848325,1.256389661982735,0.49884001332686456,0.10352431238821494,planerisch+en eingriff+en,3.3378928158184547
-14.894175158433084,2.26000272780461,1.249198499664068,0.4494223649939591,0.12692611642725507,eingriff+en deutsch+e,3.2919999304107215
-14.88438190389659,2.2491614102034445,1.2514031199185378,0.4640443820234179,0.1200448802751177,Energiesystem,3.3053564446791412
-14.88438190389659,2.2491614102034445,1.2514031199185378,0.4640443820234179,0.1200448802751177,deutsch+e energie+system,3.3053564446791412
-14.862276627725702,2.2246169843945722,1.256045552557301,0.49635406762790446,0.1047114191967504,resilienter,3.335532718739917
-14.862276627725702,2.2246169843945722,1.256045552557301,0.49635406762790446,0.1047114191967504,energie+system resilient+er,3.335532718739917
-14.837933015108758,2.197487955436559,1.2606561702574006,0.5308730209295626,0.08813371817572394,fairer,3.368802201476716
-14.837933015108758,2.197487955436559,1.2606561702574006,0.5308730209295626,0.08813371817572394,resilient+er fair+er,3.368802201476716
-14.813491673845466,2.17016758601751,1.2647969404145896,0.5644748506339596,0.07180154813408202,unabhängiger,3.402236113630064
-14.813491673845466,2.17016758601751,1.2647969404145896,0.5644748506339596,0.07180154813408202,fair+er un+abhängig+er,3.402236113630064
-14.752008051700576,2.1012067451444323,1.273296637874221,0.644721207772901,0.03201695091113205,Erste,3.4864263394863864
-14.729130383626707,2.075500905079536,1.2758372873603043,0.673143979967211,0.017660881131567135,Ansätze,3.517768412054285
-14.729130383626707,2.075500905079536,1.2758372873603043,0.673143979967211,0.017660881131567135,erst+e ansatz+e,3.517768412054285
-14.666236505995869,2.0048257099504516,1.2813344014986303,0.7476863444999691,-0.020648007920916783,erkennbar,3.603927061887931
-14.666236505995869,2.0048257099504516,1.2813344014986303,0.7476863444999691,-0.020648007920916783,ansatz+e erkenn+bar,3.603927061887931
-13.96992671146538,1.298998972764676,2.747758829313204,-0.3470952380818807,-1.3794878783983222,ein analyse,4.5590020775513524
-14.3674076908428,1.6727474432233636,1.286660410335111,1.0456803102286534,-0.183252374117005,analyse mario,4.011681797712192
-13.472234209388764,0.7490658288933632,1.2240757945552514,1.6375544660220496,-0.5487067886764492,petzold energie+wende,5.203981930706881
-14.345628120508199,1.6489356990603303,1.2861198101538676,1.0645402137479116,-0.19404580924211495,Smart,4.041237189719227
-14.345628120508199,1.6489356990603303,1.2861198101538676,1.0645402137479116,-0.19404580924211495,energie+wende smart,4.041237189719227
10.448829486173999,-9.302377751852578,-1.5409922554888067,0.7748058193764534,-0.5393066746606738,Meter,31.081097101138305
-14.455863092049569,1.7700803473228475,1.2878094465299792,0.9655767774588476,-0.13806892038440022,smart meter,3.8913878352468183
-14.543103084497297,1.8669626725535433,1.286966118539916,0.8804054210051118,-0.09120934102606501,meter besuch+en,3.772377777536877
11.362293738930777,-9.762230135484538,-1.7686488375714466,0.44098450086078683,-0.455627712005653,150,32.10024002842878
2.0972887139883305,-5.451811992323252,-1.487627122149592,0.28127868605167045,-0.33223032794131196,klima+wandel 150,21.89095292930394
9.61615204662369,-8.951176185537582,-1.7290927893055095,0.4162411782605563,-0.4370644794364933,150 meter,30.17636485998988
1.7959973836740062,-5.311294781032837,-1.4747897373920993,0.274640322978831,-0.3269295593533599,meter wasser,21.558897290945882
9.07385703903591,-8.699183108287404,-1.7157689596425463,0.4081339563679988,-0.43093419903729857,Parsteiner,29.578851936968277
0.4633173137557627,-4.689419312608113,-1.414124714404191,0.24381261286680495,-0.30214278585100707,wasser parsteiner,20.090090865652588
7.201190378891276,-7.828573055652942,-1.6655538318102758,0.3784413244525962,-0.40828968587198455,See,27.51542901634115
7.201190378891276,-7.828573055652942,-1.6655538318102758,0.3784413244525962,-0.40828968587198455,parsteiner see,27.51542901634115
-1.3135576759684717,-3.8593343624374805,-1.3220357996833743,0.19855589117057257,-0.265244439555421,see zeig+t,18.131591433103218
0.5732678724651734,-4.740747685341361,-1.4193830099573361,0.24645086792323445,-0.30427503560525054,Wasserkrise,20.21127534952068
-1.7260395189208246,-3.6664720820040477,-1.298557896952511,0.18728639631918148,-0.25596089212460577,zeig+t wasser+krise,17.676926972790152
-9.241505088166292,-0.1384025802797635,-0.640951918523691,-0.09320115804994784,-0.01047780280971064,wasser+krise hier,9.39235704553703
-8.343092224154818,-0.5617247855868328,-0.7535510035585015,-0.04956230890017632,-0.05083962311340515,sie 150,10.38257918725887
-5.458723633108852,-1.917835338877155,-1.039038148198099,0.0689717496831394,-0.15606630971970462,Schilf,13.562215601374179
-8.587482130616861,-0.4466113315255633,-0.7242972699048237,-0.061067386195479675,-0.04029439354889151,der schilf,10.113200189523562
-5.270071333940869,-1.9529515846847456,0.31397490994181515,-0.995729202139025,-1.0614075500587876,steht,13.7764410658975
-5.6819512815185895,-1.813046312165107,-1.0201899357659918,0.06078822588471778,-0.14898149762259486,schilf steh+t,13.316129485123234
-8.914450758452094,-0.292553104978718,-0.6835923409071328,-0.07688039378284918,-0.02569060603353543,Trockenen,9.752814594358282
-8.914450758452094,-0.292553104978718,-0.6835923409071328,-0.07688039378284918,-0.02569060603353543,steh+t trocken+en,9.752814594358282
-9.220529093288437,-0.14829066569442206,-0.6437474829533957,-0.09213880204664668,-0.011472521427247195,trocken+en wasser,9.415474613127865
-9.50544017425901,-0.013967592561574538,-0.6050286685688265,-0.10675683484904708,0.002271533340958143,wasser 150,9.101485600462475
-9.631120569078805,0.045295486469979274,-0.5874188194129334,-0.11333700799420765,0.00849917712789261,meter weit,8.962986144582606
-9.690435861337075,0.07326689431340139,-0.578990447649404,-0.11647125673584108,0.011474697136415413,laufen,8.897622703044846
-9.690435861337075,0.07326689431340139,-0.578990447649404,-0.11647125673584108,0.011474697136415413,weit lauf+en,8.897622703044846
-9.78093722935688,0.11594707542118865,-0.565982192733247,-0.12128937376959942,0.016060576397932597,lauf+en der,8.797895694960195
-4.466201439175855,-2.3834394599172875,-1.1176429611381216,0.10367235729348981,-0.18584410748349736,der parsteiner,14.656362488326698
-9.986537385968257,0.21291682074794505,-0.5357419242150151,-0.13239964218105468,0.026690973077365093,Barnim,8.571348646928604
-9.986537385968257,0.21291682074794505,-0.5357419242150151,-0.13239964218105468,0.026690973077365093,see barnim,8.571348646928604
-10.159117136124497,0.2943210568220751,-0.5095886658314114,-0.1419061841792534,0.03585056018572111,barnim groß,8.381200271711432
-10.226215591323063,0.325972368867514,-0.4992228175475498,-0.14564782486677405,0.0394722523091082,natürlichen,8.307275024107055
-10.226215591323063,0.325972368867514,-0.4992228175475498,-0.14564782486677405,0.0394722523091082,groß natürlich+en,8.307275024107055
-10.321453050009676,0.3708984358309304,-0.484313925104448,-0.15100310954377638,0.0446725820218373,Seen,8.20235179919805
-10.321453050009676,0.3708984358309304,-0.484313925104448,-0.15100310954377638,0.0446725820218373,natürlich+en see+n,8.20235179919805
-10.359368613006529,0.38878453310853445,-0.47831325322678664,-0.15314981894204857,0.04676278770156367,Brandenburgs,8.16058153298562
-10.359368613006529,0.38878453310853445,-0.47831325322678664,-0.15314981894204857,0.04676278770156367,see+n brandenburg+s,8.16058153298562
-10.541827389949548,0.47485811104454667,-0.4489013104910741,-0.16359912880063798,0.05698403979430261,brandenburg+s wenig+en,7.9595845982845335
-10.593538481886156,0.49925255462368057,-0.4404000879846648,-0.16659687112562205,0.05993105241722918,wenig+en jahr+en,7.902623275261257
-10.637262320114775,0.5198789792205418,-0.43315335267068156,-0.16914426006777775,0.062440596836708995,dramatisch,7.854461514543456
-10.637262320114775,0.5198789792205418,-0.43315335267068156,-0.16914426006777775,0.062440596836708995,jahr+en dramatisch,7.854461514543456
-10.703289425885036,0.5510265685956863,-0.42210668221983155,-0.17301324657745262,0.06626147802039292,ve…,7.781735182460686
-10.703289425885036,0.5510265685956863,-0.42210668221983155,-0.17301324657745262,0.06626147802039292,dramatisch ve…,7.781735182460686
-12.61417167281462,1.450914754948172,-0.034594652210260604,-0.2977111894358183,0.19686900371344304,+4346,5.6791500989732775
-12.61417167281462,1.450914754948172,-0.034594652210260604,-0.2977111894358183,0.19686900371344304,ve… +4346,5.6791500989732775
-12.63838187744899,1.46226775474954,-0.02862276927051348,-0.2994621840254014,0.1988307871858407,+4346 char+s,5.652555090891353
-10.350619538105905,0.38465727542554484,-0.4797012523393809,-0.1526537155288524,0.046279454282068755,wasser+krise der,8.170220016156447
-10.815828449711976,0.6041144632863169,-0.40298506407351287,-0.17966990481562864,0.07286231572467677,verliert,7.657784910526294
-10.815828449711976,0.6041144632863169,-0.40298506407351287,-0.17966990481562864,0.07286231572467677,see verlier+t,7.657784910526294
-8.50891573696968,-0.4836214062187407,-0.7338076075038391,-0.057340012403112386,-0.043718030933721785,sichtbar,10.19979906814598
-10.992296105344217,0.6873540358992654,-0.3722295551786238,-0.19026859821373282,0.0834446190539832,verlier+t sicht+bar,7.463443478491691
-8.343092224154818,-0.5617247855868328,-0.7535510035585015,-0.04956230890017632,-0.05083962311340515,sicht+bar wasser,10.38257918725887
-11.330596930525296,0.8468960123637173,-0.3104546934902313,-0.21115252796802625,0.10457187669248999,wasser schilf,7.090955350179859
-6.056392602698573,-1.6372137046794686,-0.9875199439970237,0.04672647083824926,-0.13675001389258945,trocken,12.903344962199107
-11.501914309777895,0.9276612328770186,-0.2776526255821506,-0.22202102941993873,0.11572121971586699,steh+t trocken,6.902371239728385
-11.812474252825908,1.0739953648400897,-0.21533660413397332,-0.24224376294156194,0.1367713082856223,Naturschützer,6.560606294465734
-11.812474252825908,1.0739953648400897,-0.21533660413397332,-0.24224376294156194,0.1367713082856223,wissenschaftler naturschützer,6.560606294465734
-11.936151053809791,1.1322350932664578,-0.18942171076051928,-0.2504888691865129,0.14547504321181,naturschützer warn+en,6.424542274759708
-12.000860876982205,1.1626969104999163,-0.17559814932884862,-0.2548472209828518,0.1501058067833891,warn+en der,6.353361454194395
-12.031768583892918,1.1772438363998123,-0.16892968833161737,-0.25693977013981706,0.15233670240397154,der wasser+krise,6.31936558384271
-12.139994246743811,1.2281658870540726,-0.1452355632593372,-0.26432265685163736,0.1602478072778906,wasser+krise brandenburg,6.200340516330994
-12.27407938279655,1.2912187205271812,-0.11511178945116374,-0.273590858173022,0.17027057817187988,vorübergehendes,6.052908057844613
-12.27407938279655,1.2912187205271812,-0.11511178945116374,-0.273590858173022,0.17027057817187988,brandenburg vor+übergeh+end+es,6.052908057844613
-12.364982803303231,1.3339392384533424,-0.09418482529977086,-0.2799514057071088,0.1772103694529513,vor+übergeh+end+es problem,5.952978084705973
-13.088296753933374,1.6727400519106057,0.08885619296225723,-0.3328342145169651,0.23711911772526054,+4400,5.158678936436758
-13.088296753933374,1.6727400519106057,0.08885619296225723,-0.3328342145169651,0.23711911772526054,ve… +4400,5.158678936436758
-13.101532363661827,1.6789141518675939,0.09251244580305772,-0.33383994353762664,0.2383015741757378,+4400 char+s,5.144161871075808
-8.763385011189053,-0.3637376412048363,-0.7026289168452033,-0.06951341859156339,-0.03251041789547435,Klima,9.919317126843374
-11.867225737344555,1.0997809595271648,-0.20394467739012068,-0.24588019032953343,0.1406010012216702,wetter klima,6.500367956697449
-11.803075728810228,1.0695686160544753,-0.21727945353554254,-0.241621713411802,0.13611760135496517,klima sommer,6.570947152204942
-11.662396741177684,1.0032938516810992,-0.24592753466500628,-0.2323861829259993,0.1264591950012405,Historische,6.725746898063484
-11.662396741177684,1.0032938516810992,-0.24592753466500628,-0.2323861829259993,0.1264591950012405,2026 historisch+e,6.725746898063484
-11.526232703484236,0.9391237641580088,-0.27290863981844155,-0.22358015049088378,0.11732974150748629,historisch+e hitze,6.8756046774685675
-11.438855954037098,0.8979360290024392,-0.2898510661216829,-0.2179971993331554,0.11158057423896309,verbreitete,6.971781139011814
-11.438855954037098,0.8979360290024392,-0.2898510661216829,-0.2179971993331554,0.11158057423896309,hitze verbreit+et+e,6.971781139011814
-11.272686760923941,0.819590115791752,-0.32130470354090335,-0.2075237521611282,0.10087346254951848,verbreit+et+e trockenheit,7.15470960965199
-11.063890735942529,0.7211224101058322,-0.359472829076202,-0.194625527977753,0.08782145774304101,Rekordtemperaturen,7.384604742602292
-11.063890735942529,0.7211224101058322,-0.359472829076202,-0.194625527977753,0.08782145774304101,trockenheit rekord+temperatur+en,7.384604742602292
-10.589464452515962,0.4973306544993412,-0.4410725648458523,-0.16636010754700858,0.05969805283578511,rekord+temperatur+en an+halt+end+e,7.907110878476413
-11.803075728810228,1.0695686160544753,-0.21727945353554254,-0.241621713411802,0.13611760135496517,dürre sommer,6.570947152204942
-9.241505088166292,-0.1384025802797635,-0.640951918523691,-0.09320115804994784,-0.01047780280971064,sommer deutschland,9.39235704553703
-8.42822542461201,-0.5216286135613775,-0.7434699578882644,-0.05354032814232343,-0.04720092240547001,bestimmt,10.288740018464392
-8.42822542461201,-0.5216286135613775,-0.7434699578882644,-0.05354032814232343,-0.04720092240547001,deutschland bestimm+t,10.288740018464392
-6.42104217941429,-1.4659058781487415,-0.9543606763770014,0.03261165299833637,-0.12439711204934074,dabei spiel+t,12.501355469594534
2.5620245486976536,-5.668504944367587,-1.5068394087359656,0.2912938820239099,-0.340202785202499,spiel+t klima+wandel,22.403134250984426
-6.607534904694743,-1.3782655737393759,-0.9368602190830336,0.025225606725578206,-0.11790216983475962,entscheidende,12.295766726265478
-6.607534904694743,-1.3782655737393759,-0.9368602190830336,0.025225606725578206,-0.11790216983475962,klima+wandel entscheid+end+e,12.295766726265478
-8.343092224154818,-0.5617247855868328,-0.7535510035585015,-0.04956230890017632,-0.05083962311340515,entscheid+end+e rolle,10.38257918725887
-9.681855993044003,0.06922079607595633,-0.5802143257810894,-0.1160167429980376,0.011042829824480599,trocken warm,8.907077350735133
-10.03287983860981,0.2347754593045721,-0.5287896329085049,-0.13493601304522979,0.02912893400611427,sonnig,8.520287195970887
-10.03287983860981,0.2347754593045721,-0.5287896329085049,-0.13493601304522979,0.02912893400611427,warm sonnig,8.520287195970887
-10.29200928880679,0.3570088944711092,-0.488948040709087,-0.14934184587010707,0.04305725958168424,sonnig der,8.234789514524573
-10.407071615411741,0.4112878971757712,-0.4707099168577689,-0.15586266357141607,0.04940888370080307,der sommer,8.10802992516508
-10.897079829513139,0.6424416388450576,-0.3889436426321102,-0.18452528040506877,0.07769894641734382,sommer jahr,7.568300744455793
-10.992296105344217,0.6873540358992654,-0.3722295551786238,-0.19026859821373282,0.0834446190539832,jahr extrem,7.463443478491691
-11.79359607622981,1.065103526688227,-0.21923534745211676,-0.2409949371007429,0.13545933818876907,zweitwärmste,6.581377410366783
-11.79359607622981,1.065103526688227,-0.21923534745211676,-0.2409949371007429,0.13545933818876907,auswertung zweitwärmst+e,6.581377410366783
-11.97706068235224,1.1514939657621905,-0.1807039841294455,-0.2532406584381135,0.14839637009348725,zweitwärmst+e deutschland,6.379540824379087
-12.069141325796735,1.1948310921519556,-0.16080858475346652,-0.25947943293320286,0.1550509595635338,jemals,6.2782610552463005
-12.069141325796735,1.1948310921519556,-0.16080858475346652,-0.25947943293320286,0.1550509595635338,deutschland jemals,6.2782610552463005
-12.11925744975152,1.2184107764722296,-0.14981758518712834,-0.26290130880542445,0.1587198401276246,jemals offiziell,6.223144812618264
-12.186761264392395,1.2501627213880848,-0.13482725568449383,-0.2675399582469,0.16371528855669334,offiziell ge+mess+en,6.148913890473642
-12.243790587578967,1.2769794253766253,-0.12199285802086687,-0.2714854291897294,0.1679845638988234,ge+mess+en werd+e,6.086208589759522
-12.309202556680283,1.3077277292348808,-0.1070754302889522,-0.27604101257325514,0.17293781912120368,teilte…,6.014294981081514
-12.309202556680283,1.3077277292348808,-0.1070754302889522,-0.27604101257325514,0.17293781912120368,der teilte…,6.014294981081514
-12.359552192214117,1.331387747552832,-0.09544678760472584,-0.27956966142203565,0.1767924110734441,+5327,5.958947410101015
-12.359552192214117,1.331387747552832,-0.09544678760472584,-0.27956966142203565,0.1767924110734441,teilte… +5327,5.958947410101015
-12.391668430628295,1.3464758178715495,-0.08796155597649666,-0.28183053408016095,0.17927050003897302,+5327 char+s,5.923646275378943
-5.770900085917269,-1.7712839799779578,-1.0125509347379618,0.05748635336727668,-0.14611599590309365,klima+wandel wie,13.218072247416146
-7.098436539746665,-1.147478674856269,-0.8889230838792388,0.00521559738111662,-0.10019610129466691,wie niño,11.754603569057288
-8.664608392516705,-0.4102765378723836,-0.7148612717558965,-0.06475334043021358,-0.036901874509867955,Extrapower,10.028189676169372
-8.664608392516705,-0.4102765378723836,-0.7148612717558965,-0.06475334043021358,-0.036901874509867955,niño extra+power,10.028189676169372
-9.349043667000752,-0.08770588466285734,-0.6264842066946833,-0.09868192627554673,-0.005335813878789092,extra+power komm+t,9.27384102187939
-9.637975899301725,0.04852820216207654,-0.5864486054084554,-0.11369829953844876,0.008841866831600015,Als,8.955431740584267
-9.637975899301725,0.04852820216207654,-0.5864486054084554,-0.11369829953844876,0.008841866831600015,komm+t als,8.955431740584267
-9.80716934900582,0.12831856237828942,-0.5621776417111078,-0.12269412029970866,0.017400328668441767,natürliches,8.768990064418789
-9.80716934900582,0.12831856237828942,-0.5621776417111078,-0.12269412029970866,0.017400328668441767,als natürlich+es,8.768990064418789
-10.231096598306427,0.32827483964469373,-0.4984643501735498,-0.14592101359877263,0.03973705721516285,Klimaphänomen,8.301897497646552
-10.231096598306427,0.32827483964469373,-0.4984643501735498,-0.14592101359877263,0.03973705721516285,natürlich+es klima+phänomen,8.301897497646552
-7.098436539746665,-1.147478674856269,-0.8889230838792388,0.00521559738111662,-0.10019610129466691,klima+phänomen niño,11.754603569057288
-10.877211084617294,0.6330694704379538,-0.39239585080397577,-0.18333411787606826,0.07651064145810604,niño weltweit,7.5901822078558405
-10.877211084617294,0.6330694704379538,-0.39239585080397577,-0.18333411787606826,0.07651064145810604,bekannt,7.5901822078558405
-10.877211084617294,0.6330694704379538,-0.39239585080397577,-0.18333411787606826,0.07651064145810604,weltweit bekenn+t,7.5901822078558405
-10.613775068254041,0.5087990390549049,-0.4370528239753454,-0.16777442331799636,0.06109050605674857,gefürchtet,7.880332539479458
-10.613775068254041,0.5087990390549049,-0.4370528239753454,-0.16777442331799636,0.06109050605674857,bekenn+t ge+fürcht+et,7.880332539479458
-10.29200928880679,0.3570088944711092,-0.488948040709087,-0.14934184587010707,0.04305725958168424,Nun,8.234789514524573
-10.03287983860981,0.2347754593045721,-0.5287896329085049,-0.13493601304522979,0.02912893400611427,nun klar,8.520287195970887
-9.80716934900582,0.12831856237828942,-0.5621776417111078,-0.12269412029970866,0.017400328668441767,klar seit,8.768990064418789
-9.40054085483512,-0.06342693457856097,-0.619474474094019,-0.10132704838210749,-0.0028480339340848926,paar,9.217088189519718
-9.40054085483512,-0.06342693457856097,-0.619474474094019,-0.10132704838210749,-0.0028480339340848926,seit paar,9.217088189519718
-9.12738064524417,-0.19219847471523543,-0.656059413551351,-0.08744729832343177,-0.015857775347100395,paar jahrzehnt+en,9.518134533330707
-6.607534904694743,-1.3782655737393759,-0.9368602190830336,0.025225606725578206,-0.11790216983475962,menschengemachte,12.295766726265478
-6.607534904694743,-1.3782655737393759,-0.9368602190830336,0.025225606725578206,-0.11790216983475962,jahrzehnt+en mensch+en+ge+mach+t+e,12.295766726265478
2.5620245486976536,-5.668504944367587,-1.5068394087359656,0.2912938820239099,-0.340202785202499,mensch+en+ge+mach+t+e klima+wandel,22.403134250984426
-6.220726540717283,-1.5600206982230667,-0.9727457495201812,0.040418095869129596,-0.1312385592151292,Spiel,12.722183156726262
-6.220726540717283,-1.5600206982230667,-0.9727457495201812,0.040418095869129596,-0.1312385592151292,klima+wandel spiel,12.722183156726262
-7.8586773753214025,-0.7898003499589219,-0.8088019613523124,-0.0275115173829061,-0.07087170867789654,der stark+en,10.916549047731422
-8.588779879684672,-0.44599997709436323,-0.7241393214593339,-0.06112918578236197,-0.0402375707638509,Westwinde,10.111769769402963
-8.588779879684672,-0.44599997709436323,-0.7241393214593339,-0.06112918578236197,-0.0402375707638509,stark+en west+wind+e,10.111769769402963
-9.681855993044003,0.06922079607595633,-0.5802143257810894,-0.1160167429980376,0.011042829824480599,Pazifik,8.907077350735133
-9.681855993044003,0.06922079607595633,-0.5802143257810894,-0.1160167429980376,0.011042829824480599,west+wind+e pazifik,8.907077350735133
-9.997336703455623,0.21801055628421295,-0.5341263741658956,-0.13298963293192137,0.02725769737595174,blasen,8.55944956299029
-9.997336703455623,0.21801055628421295,-0.5341263741658956,-0.13298963293192137,0.02725769737595174,pazifik blas+en,8.55944956299029
-10.231096598306427,0.32827483964469373,-0.4984643501735498,-0.14592101359877263,0.03973705721516285,blas+en immer,8.301897497646552
-10.661208449668564,0.5311753550695753,-0.4291615216267761,-0.17054433406150882,0.06382195057683718,Voraussagen,7.8280854220797655
-10.661208449668564,0.5311753550695753,-0.4291615216267761,-0.17054433406150882,0.06382195057683718,immer voraussage+n,7.8280854220797655
-11.227431843770585,0.7982499712377851,-0.3297024244846059,-0.20470364209185632,0.09800735328666463,düster,7.204533944192927
-11.227431843770585,0.7982499712377851,-0.3297024244846059,-0.20470364209185632,0.09800735328666463,voraussage+n düster,7.204533944192927
-11.399373896935398,0.8793227862947108,-0.2974142359206885,-0.21549169836470933,0.1090100146796932,verheißen,7.01524241955302
-11.399373896935398,0.8793227862947108,-0.2974142359206885,-0.21549169836470933,0.1090100146796932,düster verheiß+en,7.01524241955302
-11.526232703484236,0.9391237641580088,-0.27290863981844155,-0.22358015049088378,0.11732974150748629,Naturkatastrophen,6.8756046774685675
-11.526232703484236,0.9391237641580088,-0.27290863981844155,-0.22358015049088378,0.11732974150748629,verheiß+en natur+katastrophe+n,6.8756046774685675
-11.764658249298698,1.0514725001200342,-0.22518294137398642,-0.23908560931562092,0.1334566229045743,natur+katastrophe+n temperatur+rekord+e,6.613217924538091
-11.927775232637966,1.1282916799712637,-0.19119752096428383,-0.24992697672964717,0.1448795593134837,temperatur+rekord+e rund,6.433756207473901
-12.02412790575567,1.17364786815736,-0.17058219844703024,-0.2564218176274297,0.15178404490807465,Globus,6.327769524454655
-12.02412790575567,1.17364786815736,-0.17058219844703024,-0.2564218176274297,0.15178404490807465,rund globus,6.327769524454655
-12.105190655852997,1.2117928712929458,-0.1529143426376023,-0.2619389602925712,0.1576866488680184,globus weit,6.238614572515059
-12.166988353452254,1.2408631578522469,-0.13924053997784647,-0.26617770074262664,0.16224559497615762,weit jahr,6.170656325380831
-12.23140334013599,1.27115529073119,-0.1247940309733215,-0.2706263614558196,0.1670533793542542,hin…,6.099828122645769
-12.23140334013599,1.27115529073119,-0.1247940309733215,-0.2706263614558196,0.1670533793542542,2027 hin…,6.099828122645769
-12.268097606324098,1.2884067697720756,-0.1164743299916011,-0.27317450548274974,0.16981807980769323,+3756,6.05948446766732
-12.268097606324098,1.2884067697720756,-0.1164743299916011,-0.27317450548274974,0.16981807980769323,hin… +3756,6.05948446766732
-12.303438164236823,1.3050185087515134,-0.10839858389776473,-0.2756382543718605,0.17249885994100259,+3756 chars,6.020631944401606
-14.93930526466378,2.144671660783344,2.2416971574383098,-1.6025083346511264,-0.6761808964448454,Öffentlicher,3.3249175181446873
-13.727785407507977,0.6309845767807372,2.5953569789376707,-2.064384963313338,-1.684595573159651,Nahverkehr,5.060623228066496
-14.917035153427854,2.112521823533613,2.263056201971985,-1.6238021837069851,-0.7089392685681521,öffentlich+er nahverkehr,3.3589164469216266
-14.891392403909368,2.0756993165016118,2.2857461452388073,-1.6467523739194652,-0.7451276903278368,nahverkehr ein,3.397943957112645
-13.59288524242633,0.8438732121571686,2.9605044835422074,-0.8028945277647096,-1.7498554562753714,Viertel,5.095822199075659
-14.881371714379517,2.0613695548188726,2.2941079087450946,-1.6553032346404413,-0.7588570159589866,ein viertel,3.4131600507282185
-14.845028610636174,2.009691798717466,2.322298807089986,-1.6845413135756522,-0.8068734765339467,viertel deutsch+en,3.4681805890901547
-14.435085330722371,1.460070380833978,2.5030459974781936,-1.8974173010346609,-1.2225437626457267,schlecht,4.072217512624829
-14.804079994029083,1.9520347839057854,2.350522272800892,-1.714526930070614,-0.8579615012685538,deutsch+en schlecht,3.5298652397998875
-14.723090164736767,1.839827227229191,2.397408423833075,-1.7662893249165486,-0.9510811316266344,ÖPNV,3.650927871482609
-14.723090164736767,1.839827227229191,2.397408423833075,-1.7662893249165486,-0.9510811316266344,schlecht öpnv,3.650927871482609
-14.20215193931003,1.1726863525585371,2.5495639984761773,-1.968236352448084,-1.3979892589692962,versorgt,4.403984756544641
-14.676002078013937,1.7757116870919365,2.420259094791364,-1.7926171300056017,-1.001131963597263,öpnv versorg+t,3.7207598252868603
-14.538099006436417,1.5925768331789536,2.4733751152349646,-1.857701051233394,-1.1339966307037068,versorg+t der,3.9230714734910173
-11.784336302430834,-1.2222848892171037,2.593254096265299,-2.2322395202987493,-2.4243423390087955,Agora,7.595690381559475
-14.426309782666543,1.4489437231654136,2.505264754179465,-1.9005201308315858,-1.2297332053391226,der agora,4.084849975946971
-9.934065481041937,-2.7025894355732243,2.544317608269882,-2.297151859735412,-2.8636718522308136,agora verkehr+s+wende,9.89087075147252
-14.6115678294619,1.6892967479378034,2.4473390293853394,-1.8250140903063496,-1.0655299883236353,berichtet,3.8156848637609757
-14.6115678294619,1.6892967479378034,2.4473390293853394,-1.8250140903063496,-1.0655299883236353,verkehr+s+wende bericht+et,3.8156848637609757
-14.783519607639201,1.9233179202848452,2.363459417410605,-1.728544908287642,-0.8825346359902918,bericht+et million+en,3.5607155972237354
-14.830128514466011,1.9886411024175543,2.332971715184507,-1.6957903159984813,-0.8258110872926948,million+en mensch+en,3.4906635566773323
-14.804079994029083,1.9520347839057854,2.350522272800892,-1.714526930070614,-0.8579615012685538,deutschland schlecht,3.5298652397998875
-14.412580697686671,1.4315858028072248,2.5086492652976924,-1.9052948642862781,-1.2408782504099085,Bus,4.104590892493418
-14.926167305002126,2.125686750213892,2.2544941188905097,-1.615231885184976,-0.6956628755607553,schlecht bus,3.3449864482675444
-14.493133846098706,1.5343026445347605,2.4871993703816977,-1.875825886518082,-1.1736303681329743,Bahn,3.988371198719535
-14.493133846098706,1.5343026445347605,2.4871993703816977,-1.875825886518082,-1.1736303681329743,bus bahn,3.988371198719535
-14.676002078013937,1.7757116870919365,2.420259094791364,-1.7926171300056017,-1.001131963597263,bahn versorg+t,3.7207598252868603
-14.980292438745469,2.204215405825047,2.19772614563004,-1.5594997225975191,-0.612229563253691,ländlichen,3.2620936289456175
-14.980292438745469,2.204215405825047,2.19772614563004,-1.5594997225975191,-0.612229563253691,vor ländlich+en,3.2620936289456175
-14.61934126189401,1.6996421596687856,2.444300590225651,-1.821305273609621,-1.05799045964257,Regionen,3.804270661835763
-14.99074368507938,2.219466501039407,2.185415953184222,-1.547637405604346,-0.5950762851281628,ländlich+en region+en,3.246023486781646
-15.007778713689536,2.2443747431837213,2.164268476884994,-1.527423053696955,-0.5662971081186855,region+en fall,3.2197870829333874
-15.015494989301413,2.2556750859336323,2.154217303715741,-1.5178839219250713,-0.5529066080273911,ein deutsch+e,3.207885827674219
-15.02130776556363,2.264194109214259,2.146439353414879,-1.5105310361099147,-0.5426656394697927,Großstadt,3.198913585363379
-15.02130776556363,2.264194109214259,2.146439353414879,-1.5105310361099147,-0.5426656394697927,deutsch+e großstadt,3.198913585363379
-15.027306811913824,2.27299118219174,2.138218939061114,-1.502786330148477,-0.5319532010045093,großstadt steh+t,3.189647754869374
-15.032340148774441,2.280375629997187,2.1311651612630484,-1.4961618209874659,-0.5228495210772439,steh+t gut+esten,3.181868834600964
-15.041513348696308,2.293840526344956,2.1179264563535622,-1.4837795384819634,-0.5059765290524105,schlechtesten,3.1676811191124736
-15.041513348696308,2.293840526344956,2.1179264563535622,-1.4837795384819634,-0.5059765290524105,der schlecht+est+en,3.1676811191124736
-15.047944832284168,2.303285059077103,2.108336396404216,-1.4748497862646042,-0.49392128658264167,versorgten,3.15772584020731
-15.047944832284168,2.303285059077103,2.108336396404216,-1.4748497862646042,-0.49392128658264167,schlecht+est+en versorg+t+en,3.15772584020731
-15.052629397971907,2.3101657316837416,2.1011842574820223,-1.4682111730625298,-0.4850190521638327,versorg+t+en mensch+en,3.1504705663370354
-14.890986690858764,2.0751184760654215,2.2860899844139246,-1.6471029609135746,-0.745687908846976,seien,3.398560402568239
-15.056247547613088,2.3154806079456653,2.095560861586179,-1.4630038608542844,-0.4780713110693309,mensch+en sei,3.1448646391250366
-15.061531948918462,2.3232435402997567,2.0871873835515076,-1.4552695718274489,-0.46780810008230533,Auto,3.136673558428728
-15.061531948918462,2.3232435402997567,2.0871873835515076,-1.4552695718274489,-0.46780810008230533,sei auto,3.136673558428728
-15.063326338009219,2.3258795614562864,2.0842997252023037,-1.4526076839464759,-0.46429114449648257,angewiesen,3.1338912478644216
-15.063326338009219,2.3258795614562864,2.0842997252023037,-1.4526076839464759,-0.46429114449648257,auto an+ge+weis+en,3.1338912478644216
-15.067451201605248,2.331938950315368,2.0775743313680883,-1.4464185195250046,-0.4561437318180749,Betroffen,3.1274936672432148
-15.070707366135428,2.336721873543101,2.072177509744132,-1.4414623544403686,-0.4496492121579957,betreff+en sei,3.1224417576469374
-15.07560893322805,2.343920703903513,2.063903353522779,-1.4338813021325838,-0.4397654903287931,sei gemeinde+n,3.114834335495221
-15.079339633370068,2.349398771687998,2.057481354536558,-1.4280115496445351,-0.4321541087742218,gemeinde+n niedersachsen,3.1090420494691946
-15.083393567906773,2.355349992799776,2.050377446898469,-1.4215327407732368,-0.423794065660387,niedersachsen schleswig-holstein,3.102745932176089
-15.08842672161164,2.3627360168360787,2.041370145144844,-1.4133389801441194,-0.41328183539265295,Mecklenburg-Vorpommern,3.0949262526993744
-15.08842672161164,2.3627360168360787,2.041370145144844,-1.4133389801441194,-0.41328183539265295,schleswig-holstein mecklenburg-vorpommern,3.0949262526993744
-15.093976093357131,2.37087523684698,2.0311897475756973,-1.4041055144709365,-0.40151540300931854,mecklenburg-vorpommern brandenburg,3.0863012133952052
-15.097414988931808,2.375916289052591,2.024745318135923,-1.3982751658973516,-0.3941283169245138,Sachsen-Anhal…,3.080954691838228
-15.097414988931808,2.375916289052591,2.024745318135923,-1.3982751658973516,-0.3941283169245138,brandenburg sachsen-anhal…,3.080954691838228
-15.100668263552834,2.380683003676869,2.0185502269394178,-1.3926808548232912,-0.3870708210420608,+848,3.0758956522672163
-15.100668263552834,2.380683003676869,2.0185502269394178,-1.3926808548232912,-0.3870708210420608,sachsen-anhal… +848,3.0758956522672163
-15.101649560663901,2.382120340746023,2.0166624161952345,-1.3909781258519518,-0.38492861701585734,+848 char+s,3.0743694725008197
-13.601319662864977,0.4946958122387035,2.6013175270421387,-2.0833638249718027,-1.7498910016425544,Frankfurt,5.232195552306361
-14.14619471593858,1.105954510482435,2.5576698842127796,-1.9823200110228019,-1.4360494432392543,verkehr+s+wende frankfurt,4.482668730490445
-14.391756597501342,1.4053714586992925,2.513588483475078,-1.912358083220735,-1.257550216844662,frankfurt laut,4.1344825873981925
-14.081449613163784,1.029766592854965,2.5659237608632797,-1.9975057919244077,-1.4784434334686452,Untersuchung,4.573263527504294
-14.44000751187872,1.4663221415133334,2.5017821282805452,-1.895659187937338,-1.2184884415330084,laut untersuchung,4.0651271168025565
-14.532012204107154,1.584648125547833,2.4753330373099183,-1.8602321996875015,-1.139456883120932,vorn,3.93192934103146
-14.532012204107154,1.584648125547833,2.4753330373099183,-1.8602321996875015,-1.139456883120932,untersuchung vorn,3.93192934103146
-14.578407539781818,1.6454069680086696,2.4596659620859076,-1.8402769306537892,-1.097038328006347,öffentlichem,3.864262988467072
-14.578407539781818,1.6454069680086696,2.4596659620859076,-1.8402769306537892,-1.097038328006347,vorn öffentlich+em,3.864262988467072
-14.57571389356627,1.6418588555756766,2.4606241306011234,-1.841478640600964,-1.0995527801949654,öffentlich+em nahverkehr,3.8682010868813004
-14.85516644099441,2.024060166872185,2.3147540528276735,-1.6766511075859478,-0.7937474641196945,nahverkehr hier,3.4528587359414598
-14.426309782666543,1.4489437231654136,2.505264754179465,-1.9005201308315858,-1.2297332053391226,thema agora,4.084849975946971
-14.783519607639201,1.9233179202848452,2.363459417410605,-1.728544908287642,-0.8825346359902918,sie frankfurt,3.5607155972237354
-14.788944622731483,1.9308798450564584,2.3601200860452947,-1.7249088438603095,-0.8761166974816335,nach untersuchung,3.552583320888778
-14.652868487377035,1.7445125114685696,2.4304954447824874,-1.8046962670525957,-1.0247642697451556,Denkfabrik,3.754922867578329
-14.652868487377035,1.7445125114685696,2.4304954447824874,-1.8046962670525957,-1.0247642697451556,untersuchung denk+fabrik,3.754922867578329
-14.426309782666543,1.4489437231654136,2.505264754179465,-1.9005201308315858,-1.2297332053391226,denk+fabrik agora,4.084849975946971
-14.772021829583476,1.9073273863309517,2.370368090985703,-1.7361084023293878,-0.8959858311097013,Main,3.5779327071839644
-14.772021829583476,1.9073273863309517,2.370368090985703,-1.7361084023293878,-0.8959858311097013,frankfurt main,3.5779327071839644
-14.841461314973499,2.004644645443414,2.324898260872308,-1.6872714620291862,-0.8114452071068564,main deutsch+en,3.4735672663462562
-14.873252279670908,2.0497839316537325,2.3006886501785817,-1.6620703964985315,-0.7698207243544793,Großstädten,3.4254746831723697
-14.873252279670908,2.0497839316537325,2.3006886501785817,-1.6620703964985315,-0.7698207243544793,deutsch+en großstadt+en,3.4254746831723697
-14.91115926805162,2.1040651516376734,2.2684273695152757,-1.6292029691087002,-0.7173709254485998,beste,3.3678707695518675
-14.91115926805162,2.1040651516376734,2.2684273695152757,-1.6292029691087002,-0.7173709254485998,großstadt+en gut+e,3.3678707695518675
-14.922607738052367,2.1205521533380285,2.2578630822973547,-1.6185984572954237,-0.7008631015136016,Angebot,3.350418079305273
-14.922607738052367,2.1205521533380285,2.2578630822973547,-1.6185984572954237,-0.7008631015136016,gut+e angebot,3.350418079305273
-14.936173960388,2.14014205353232,2.244800136348267,-1.605584346548119,-0.6808662321006453,angebot bei,3.3297038010933466
-14.943828716552398,2.1512202129163898,2.237154365526237,-1.5980153308261837,-0.6693649296210077,bei öffentlich+en,3.317999940310508
-14.021754175866601,0.9604534358751566,2.5725925551157323,-2.010563411228576,-1.5160941504457182,Verkehr,4.656387852211422
-14.021754175866601,0.9604534358751566,2.5725925551157323,-2.010563411228576,-1.5160941504457182,öffentlich+en verkehr,4.656387852211422
-14.987083059696783,2.2141218794449467,2.1897829447921064,-1.5518372131953875,-0.601126439035938,frankfurt komm,3.2516544732710857
-14.998461226320876,2.230743749419858,2.176007287404431,-1.5386190668328896,-0.5821678948197317,ÖV-Güte,3.2341438665242315
-14.998461226320876,2.230743749419858,2.176007287404431,-1.5386190668328896,-0.5821678948197317,komm öv-güt+e,3.2341438665242315
-15.010668634324153,2.2486057923809555,2.1605399039598883,-1.5238794384945804,-0.5613088287755835,+1506,3.215331020764415
-15.010668634324153,2.2486057923809555,2.1605399039598883,-1.5238794384945804,-0.5613088287755835,öv-güt+e +1506,3.215331020764415
-15.014822646172755,2.25469005762547,2.1551053560959144,-1.518725023710224,-0.5540825177817895,+1506 chars,3.2089232367982055
-14.745973218745887,1.8712826691800661,2.385216899167506,-1.7525621085716083,-0.9257331410086903,Nahverkehrsatlas,3.6168467549624888
-14.426309782666543,1.4489437231654136,2.505264754179465,-1.9005201308315858,-1.2297332053391226,nahverkehr+s+atlas agora,4.084849975946971
-14.664809604149548,1.7605924234072083,2.425287785756149,-1.798527338169703,-1.0126405152066178,verkehr+s+wende bus,3.737300252914415
-14.157215830718336,1.1190316927922073,2.5561485993628357,-1.9796198583220368,-1.428661184825112,gut,4.467200286270145
-14.772021829583476,1.9073273863309517,2.370368090985703,-1.7361084023293878,-0.8959858311097013,bahn gut,3.5779327071839644
-14.794171801148254,1.9381763498843572,2.3568528482222284,-1.7213633930795191,-0.8698886003432107,erreichbar,3.544742310291759
-14.794171801148254,1.9381763498843572,2.3568528482222284,-1.7213633930795191,-0.8698886003432107,gut erreich+bar,3.544742310291759
-14.532518921424227,1.585307693343199,2.4751711170205297,-1.860022445461949,-1.139003493604859,Drei,3.931192159305649
-14.858371612517683,2.028610502352299,2.3123190651879018,-1.6741151375417533,-0.7895555766265341,erreich+bar drei,3.4480104068390798
-14.559067164066608,1.619987997092919,2.466409229144244,-1.8487843061391849,-1.114947907621341,drei viertel,3.8925123872517817
-14.6115678294619,1.6892967479378034,2.4473390293853394,-1.8250140903063496,-1.0655299883236353,viertel mensch+en,3.8156848637609757
-14.535160533686136,1.5887475707086725,2.4743238467368847,-1.8589261406947337,-1.136636459554981,deutschland gut,3.9273484384751036
-14.522346892256039,1.5720841125304017,2.4783847895444895,-1.8642002067602723,-1.148064822647254,gut nahverkehr,3.945982906382824
-14.744188109888881,1.8688218016014244,2.386195664459743,-1.753656633611931,-0.927736211756644,angebunden,3.6195088994216826
-14.744188109888881,1.8688218016014244,2.386195664459743,-1.753656633611931,-0.927736211756644,nahverkehr an+ge+bind+en,3.6195088994216826
-14.821991714897548,1.9771796111505462,2.3386005995215426,-1.7017662113011942,-0.8359812999547916,nennt,3.5029230922265375
-14.821991714897548,1.9771796111505462,2.3386005995215426,-1.7017662113011942,-0.8359812999547916,analyse nenn+t,3.5029230922265375
-14.82814057941478,1.985838665999871,2.334359635628617,-1.6972609642838665,-0.8283067814652021,nenn+t region+en,3.493659918488331
-14.840553795041927,2.003361382560289,2.3255550558491436,-1.6879622453335104,-0.8126044132438142,region+en zahl+en,3.474937241273035
-14.990504918086298,2.36511049831003,1.2218613655908455,0.29427408715287673,0.197735113411554,Wasserstoff-Hybrid-Motor,3.161211538891016
-14.974354561551909,2.347730158198611,1.2272419233144478,0.3218429196175314,0.18544473662184138,Umgerüsteter,3.183045373275524
-14.974354561551909,2.347730158198611,1.2272419233144478,0.3218429196175314,0.18544473662184138,wasserstoff-hybrid-motor um+ge+rüst+et+er,3.183045373275524
-14.6879852794974,2.029258799927682,1.2796641732586913,0.7224787115075546,-0.007586631956079448,Dieselmotor,3.5741371002321705
-14.965228701556953,2.337858792695609,1.2301277322965436,0.33712477685275943,0.17857803765521477,um+ge+rüst+et+er diesel+motor,3.195402365162362
-14.956053789466347,2.3279004464207915,1.2329212891680617,0.35228025405467756,0.17172996884284655,verbraucht,3.2078389548672375
-14.956053789466347,2.3279004464207915,1.2329212891680617,0.35228025405467756,0.17172996884284655,diesel+motor verbrauch+t,3.2078389548672375
-14.944281948871438,2.3150770305141073,1.2363530282143922,0.37142779105173296,0.1630235562275226,verbrauch+t prozent,3.2238136769813597
-14.936957655727626,2.3070738845916,1.238404631698803,0.38317672754871623,0.15765107969604228,prozent weniger,3.2337624701461545
-14.929135331192256,2.2985070677897728,1.24052720913055,0.3955887058808271,0.15195038066683916,weniger ein,3.244395286983626
-14.92396667878512,2.292835997339474,1.2418918183558474,0.40371443465047174,0.148204357411953,H2-Einspritzung,3.2514250425515128
-14.92396667878512,2.292835997339474,1.2418918183558474,0.40371443465047174,0.148204357411953,ein h2-einspritzung,3.2514250425515128
-14.894175158433084,2.26000272780461,1.249198499664068,0.4494223649939591,0.12692611642725507,regulären,3.2919999304107215
-14.894175158433084,2.26000272780461,1.249198499664068,0.4494223649939591,0.12692611642725507,h2-einspritzung regulär+en,3.2919999304107215
-14.965228701556953,2.337858792695609,1.2301277322965436,0.33712477685275943,0.17857803765521477,regulär+en diesel+motor,3.195402365162362
-14.849698787451274,2.2106115577817356,1.2584908753229438,0.5143242864430202,0.09610651898163292,Transportschiffs,3.3527180065459206
-14.849698787451274,2.2106115577817356,1.2584908753229438,0.5143242864430202,0.09610651898163292,diesel+motor transport+schiff+s,3.3527180065459206
-14.792805543501341,2.146995463850495,1.267947778121175,0.5921331867666157,0.05821354991834976,16.000,3.4305513281962066
-14.792805543501341,2.146995463850495,1.267947778121175,0.5921331867666157,0.05821354991834976,transport+schiff+s 16.000,3.4305513281962066
-14.762375658992678,2.1128508436457594,1.2720402740341386,0.6315942028766386,0.03860051274465787,knapp,3.4722244240251614
-14.762375658992678,2.1128508436457594,1.2720402740341386,0.6315942028766386,0.03860051274465787,16.000 knapp,3.4722244240251614
-14.725002215151711,2.0708613772524114,1.2762630938512614,0.6781952137696695,0.015095050608482152,knapp viertel,3.523424192677699
-14.671913343037353,2.0112019246157544,1.2809206009733007,0.7411623819777445,-0.017257157931693218,Diesel-Kraftstoff,3.596151954975695
-14.671913343037353,2.0112019246157544,1.2809206009733007,0.7411623819777445,-0.017257157931693218,viertel diesel+-+kraft+stoff,3.596151954975695
-14.532450659683724,1.855091080135919,1.2871913428310553,0.8911664915239674,-0.0970621275628955,eingespart,3.7869270179545076
-14.532450659683724,1.855091080135919,1.2871913428310553,0.8911664915239674,-0.0970621275628955,diesel+-+kraft+stoff ein+ge+spar+t,3.7869270179545076
-13.472234209388764,0.7490658288933632,1.2240757945552514,1.6375544660220496,-0.5487067886764492,wasser+stoff energie+wende,5.203981930706881
-12.346131967976717,1.3252738309592842,-0.09912673412732581,-0.2785187056336869,0.1745112809739369,nepal warum,5.973594272914336
-12.312346017241227,1.3093983780604108,-0.10694156933234464,-0.27614971862303345,0.1718845468389997,warum soll+en,6.010732860690862
-12.22220871981208,1.2670287888112681,-0.127514332300332,-0.2698716655756098,0.16495139193224542,Kosten,6.109827282823786
-12.22220871981208,1.2670287888112681,-0.127514332300332,-0.2698716655756098,0.16495139193224542,soll+en kosten,6.109827282823786
-12.177079705203973,1.2458076179486546,-0.13766678134906613,-0.2667513506766549,0.16152002700756843,alleine,6.1594474820445395
-12.177079705203973,1.2458076179486546,-0.13766678134906613,-0.2667513506766549,0.16152002700756843,kosten alleine,6.1594474820445395
-12.122835454528198,1.2202935719239658,-0.14974260718783144,-0.2630209020322123,0.1574298493990083,tragen,6.21909563247934
-12.122835454528198,1.2202935719239658,-0.14974260718783144,-0.2630209020322123,0.1574298493990083,alleine trag+en,6.21909563247934
-11.996834852398228,1.1610030240298634,-0.17727212977554835,-0.25443976632290544,0.1480688194473175,nach sturz+flut,6.3576708591755855
-11.807269777744956,1.0717428729121075,-0.21738138655452238,-0.2417481844768731,0.13433447084835778,schlägt,6.566207815419858
-11.807269777744956,1.0717428729121075,-0.21738138655452238,-0.2417481844768731,0.13433447084835778,himalaya schlag+t,6.566207815419858
-11.687961914721448,1.0155336750997117,-0.24186233736996993,-0.23389277843458567,0.12589204404110252,Stunde,6.697485993681014
-11.687961914721448,1.0155336750997117,-0.24186233736996993,-0.23389277843458567,0.12589204404110252,schlag+t stunde,6.697485993681014
-11.566258710201353,0.9581749070317045,-0.26625932946020164,-0.2259831790531584,0.11743034642851233,Klimagerechtigkeit,6.831421398757403
-11.566258710201353,0.9581749070317045,-0.26625932946020164,-0.2259831790531584,0.11743034642851233,stunde klima+gerechtigkeit,6.831421398757403
-11.30636194990123,0.8356255122291016,-0.31652894873690174,-0.20943471657864526,0.09982869172724798,Katmandu,7.117505526991578
-11.16858193491677,0.770629984189172,-0.3422295459063507,-0.2008465806236145,0.09073345664643134,katmandu forder+t,7.26920097513285
-11.032186668049608,0.7062713427121121,-0.3670650526236622,-0.1924676926712723,0.08187447635822556,forder+t global+e,7.4193919816863945
-10.87993562917681,0.6344136392636233,-0.394110868235945,-0.18325622768963698,0.07213999010078834,global+e unterstützung,7.587064589197415
-10.458990972548674,0.4356516445956884,-0.46548659385843894,-0.1585371795754322,0.045913184789961675,gefährdete,8.050757689083506
-10.458990972548674,0.4356516445956884,-0.46548659385843894,-0.1585371795754322,0.045913184789961675,unterstützung gefährdet+e,8.050757689083506
-10.1234915546475,0.2771310538627887,-0.5192101542830381,-0.13958539423220065,0.02547041017467369,Gebirgsstaaten,8.420438264167124
-10.1234915546475,0.2771310538627887,-0.5192101542830381,-0.13958539423220065,0.02547041017467369,gefährdet+e gebirg+s+staat+en,8.420438264167124
-9.194466487614926,-0.1629816328151672,-0.6574072580509911,-0.0902195712307313,-0.033174410086604086,gebirg+s+staat+en wenig,9.444779831749608
-8.66139688426103,-0.4183108527582782,-0.7343598533555555,-0.06361256301804108,-0.0753105105844739,Treibhausgase,10.033661300434769
-8.66139688426103,-0.4183108527582782,-0.7343598533555555,-0.06361256301804108,-0.0753105105844739,wenig treib+haus+gas+e,10.033661300434769
-7.900132513661097,-0.771131284834758,-0.8069976571142068,-0.029293301281839136,-0.07467684056571058,emittieren,10.871090454691739
-7.900132513661097,-0.771131284834758,-0.8069976571142068,-0.029293301281839136,-0.07467684056571058,treib+haus+gas+e emittier+en,10.871090454691739
2.5620245486976536,-5.668504944367587,-1.5068394087359656,0.2912938820239099,-0.340202785202499,emittier+en klima+wandel,22.403134250984426
-5.5165109705786755,-1.8907109476307218,-1.0342025163373496,0.06686722924063984,-0.15424666449477165,leiden,13.498510893227476
-5.5165109705786755,-1.8907109476307218,-1.0342025163373496,0.06686722924063984,-0.15424666449477165,klima+wandel leid+en,13.498510893227476
-2.2569270648977238,-3.4181476520042047,-1.267037410823707,0.17231627705234662,-0.24356907835932284,nach verheerend+en,17.091736920563534
-7.098436539746665,-1.147478674856269,-0.8889230838792388,0.00521559738111662,-0.10019610129466691,himalaya nach,11.754603569057288
-11.211980688645315,0.7909636403101059,-0.33255350983801635,-0.2037439154077,0.09703357385020087,Grenzgebiet,7.221545690934439
-11.211980688645315,0.7909636403101059,-0.33255350983801635,-0.2037439154077,0.09703357385020087,himalaya grenz+gebiet,7.221545690934439
-11.501914309777895,0.9276612328770186,-0.2776526255821506,-0.22202102941993873,0.11572121971586699,grenz+gebiet nepal,6.902371239728385
-11.714689118741559,1.0279321140662887,-0.23537231323867558,-0.235802713368155,0.13002197656756317,26.,6.668202275365865
-11.714689118741559,1.0279321140662887,-0.23537231323867558,-0.235802713368155,0.13002197656756317,tibet 26.,6.668202275365865
-11.75484185637439,1.0468482729045183,-0.2271926738185201,-0.23843928147433147,0.13277954082731655,26. august,6.6240192629880115
-11.902244111924535,1.1162706651228071,-0.19659171909416737,-0.24821737299409496,0.14306987396391627,tatsächliche,6.461842781636668
-11.902244111924535,1.1162706651228071,-0.19659171909416737,-0.24821737299409496,0.14306987396391627,august tatsächlich+e,6.461842781636668
-12.008674785245343,1.1663747516025031,-0.17391632336792934,-0.2553755831880402,0.1506686345796501,tatsächlich+e ausmaß,6.344766651671033
-12.09092461396077,1.205080797165925,-0.15604556493016905,-0.2609644824785861,0.1566415359738799,ausmaß katastrophe,6.254303843180973
-12.262078244360126,1.2855770567368325,-0.11784364465512025,-0.27275580941546856,0.16936325118244558,katastrophe sicht+bar,6.066102278504239
-12.34859499290678,1.3262394126122383,-0.09798841550944098,-0.27880010935588484,0.17595042361789107,Gesamtzahl,5.970991770361202
-12.34859499290678,1.3262394126122383,-0.09798841550944098,-0.27880010935588484,0.17595042361789107,der gesamtzahl,5.970991770361202
-12.427773344990548,1.36343403547608,-0.07948271740317281,-0.28438159461358076,0.18207463694356033,bestätigten,5.883963900080462
-12.427773344990548,1.36343403547608,-0.07948271740317281,-0.28438159461358076,0.18207463694356033,gesamtzahl bestätig+t+en,5.883963900080462
-12.500610968359036,1.3976326863620496,-0.062167618913279904,-0.2895584638858826,0.18779157291135348,+6435,5.803919132220167
-12.500610968359036,1.3976326863620496,-0.062167618913279904,-0.2895584638858826,0.18779157291135348,bestätig+t+en +6435,5.803919132220167
-12.528158559684211,1.410562153120809,-0.055544431675511714,-0.29152701096114503,0.18997497375038322,+6435 chars,5.773649368069415
-11.76169181082112,1.0032825445825329,-0.24393498817587483,-0.29935729643869374,0.18239955029746227,Regenerative,6.636350910101105
-11.283612794035612,0.6870923007153986,-0.3548471121451001,-0.30616221746532,0.1670957011877828,regenerativ+e land+wirtschaft,7.200407398099034
-11.56875727880978,0.9239989556599695,-0.2797786173804665,-0.27982274880193236,0.1654228473562008,land+wirtschaft ein,6.843815079276353
-7.402608801860312,-1.0112130405096034,-0.8661281846326354,-0.039649797130041936,-0.06063083596540947,Sondervermögen,11.422358884928384
-11.566607908228866,0.9296760860586244,-0.2782630836597894,-0.2743847658356063,0.16180371838069604,ein sondervermögen,6.843374829836017
-11.232769363497269,0.7578240660277729,-0.34608912888278154,-0.26518941094589954,0.1485256173912908,Umbau,7.21694622798481
-11.232769363497269,0.7578240660277729,-0.34608912888278154,-0.26518941094589954,0.1485256173912908,sondervermögen umbau,7.21694622798481
-11.283612794035612,0.6870923007153986,-0.3548471121451001,-0.30616221746532,0.1670957011877828,umbau land+wirtschaft,7.200407398099034
-10.779711225904482,0.5258153176288407,-0.430939263899927,-0.2500140309585602,0.12900463696433048,land+wirtschaft der,7.723533155375266
-10.622270123451635,0.49629850734277703,-0.44449642710721127,-0.20643693081207876,0.09927428639054084,land+wirtschaft weltweit,7.878207738948387
-10.429567194783306,0.4142503407559235,-0.4711309262696345,-0.1804920353799856,0.07808667597809776,Dauerkrisenmodus,8.086729621979373
-10.429567194783306,0.4142503407559235,-0.4711309262696345,-0.1804920353799856,0.07808667597809776,weltweit dauer+krise+n+modus,8.086729621979373
-9.497421700969689,-0.025184879199907417,-0.6060141108077053,-0.121068154057766,0.02840776203479145,ausgelaugte,9.113772205329322
-9.497421700969689,-0.025184879199907417,-0.6060141108077053,-0.121068154057766,0.02840776203479145,was aus+ge+laug+t+e,9.113772205329322
-1.134446006194871,-3.9509188271626066,-1.33245029425127,0.17999554824562283,-0.22855248502934328,Böden,18.332817836077815
-8.724068939810122,-0.39929807711051524,-0.707180614671654,-0.08879055210245121,0.004935479798447329,aus+ge+laug+t+e boden,9.970277649061684
-7.9184019055514785,-0.8074163362468934,-0.8010849909825235,-0.05760541657210636,-0.014158205834615162,Industrie-Landwirtschaft,10.870529943892961
-7.9184019055514785,-0.8074163362468934,-0.8010849909825235,-0.05760541657210636,-0.014158205834615162,boden industrie+-+land+wirtschaft,10.870529943892961
2.5620245486976536,-5.668504944367587,-1.5068394087359656,0.2912938820239099,-0.340202785202499,industrie+-+land+wirtschaft klima+wandel,22.403134250984426
-5.5165109705786755,-1.8907109476307218,-1.0342025163373496,0.06686722924063984,-0.15424666449477165,klima+wandel helf+en,13.498510893227476
-8.664608392516705,-0.4102765378723836,-0.7148612717558965,-0.06475334043021358,-0.036901874509867955,gezielte,10.028189676169372
-8.664608392516705,-0.4102765378723836,-0.7148612717558965,-0.06475334043021358,-0.036901874509867955,helf+en ge+ziel+t+e,10.028189676169372
-9.241505088166292,-0.1384025802797635,-0.640951918523691,-0.09320115804994784,-0.01047780280971064,ge+ziel+t+e schutz,9.39235704553703
-8.724068939810122,-0.39929807711051524,-0.707180614671654,-0.08879055210245121,0.004935479798447329,schutz boden,9.970277649061684
-10.461497339846584,0.43696282202348113,-0.4619610284379086,-0.15897425672581159,0.0524503874707416,wir sondervermögen,8.04807389213623
-10.973781502576461,0.6786211308974015,-0.37550185244731565,-0.1891472714380826,0.08232071528694246,Bundeswehr,7.4838321565340085
-10.973781502576461,0.6786211308974015,-0.37550185244731565,-0.1891472714380826,0.08232071528694246,sondervermögen bundeswehr,7.4838321565340085
-11.385923306153327,0.8729814173321815,-0.29997789257042906,-0.2146405655255068,0.10813810652402153,bundeswehr infrastruktur,7.030049046735568
-11.651643156051362,0.9982267460892014,-0.24808464771814648,-0.2316859933078086,0.1257304851278155,infrastruktur klima,6.737581047627457
-12.02412790575567,1.17364786815736,-0.17058219844703024,-0.2564218176274297,0.15178404490807465,klima politisch+e,6.327769524454655
-12.105190655852997,1.2117928712929458,-0.1529143426376023,-0.2619389602925712,0.1576866488680184,politisch+e bereitschaft,6.238614572515059
-12.199725695898806,1.2562596336837508,-0.13192344448775964,-0.2684347341763226,0.1646818443689753,intakte,6.134658544568709
-12.199725695898806,1.2562596336837508,-0.13192344448775964,-0.2684347341763226,0.1646818443689753,bereitschaft intakt+e,6.134658544568709
-12.24992514695031,1.2798635793114084,-0.12060284536232108,-0.27191129477298887,0.16844651551403214,intakt+e boden,6.079463885483499
-12.343067761941846,1.3236422646497155,-0.09926818262331283,-0.2784122642765545,0.17552635893522175,gesunde,5.977067513617339
-12.343067761941846,1.3236422646497155,-0.09926818262331283,-0.2784122642765545,0.17552635893522175,boden gesund+e,5.977067513617339
-12.386392615810095,1.3439974729427542,-0.08919483186768873,-0.2814585951353355,0.17886237234213762,Nahrungsmittel,5.929445111445359
-12.386392615810095,1.3439974729427542,-0.08919483186768873,-0.2814585951353355,0.17886237234213762,gesund+e nahrung+s+mittel,5.929445111445359
-12.481758665568464,1.3887828523569143,-0.06667648070556526,-0.2882146466493105,0.1863041116150914,+4945,5.824635522960056
-12.481758665568464,1.3887828523569143,-0.06667648070556526,-0.2882146466493105,0.1863041116150914,nahrung+s+mittel +4945,5.824635522960056
-12.509889220993415,1.4019877301759998,-0.05994149379138998,-0.2902208339077017,0.1885256460596331,+4945 chars,5.793723803500366
